번호,정류소명,첫차
1,구포3동,04:55,05:02,05:09,05:16,05:23,05:30,05:37,05:44,05:51,05:58,06:05,06:12,06:19,06:26,06:33,06:40,06:47,06:54,07:01,07:06,07:11,07:16,07:21,07:26,07:31,07:36,07:41,07:46,07:51,07:56,08:01,08:06,08:11,08:16,08:21,08:26,08:31,08:36,08:41,08:46,08:51,08:56,09:03,09:10,09:17,09:24,09:31,09:38,09:45,09:52,09:59,10:06,10:13,10:20,10:27,10:34,10:41,10:48,10:55,11:02,11:09,11:16,11:23,11:30,11:37,11:44,11:51,11:58,12:05,12:12,12:19,12:26,12:33,12:40,12:47,12:54,13:01,13:08,13:15,13:22,13:29,13:36,13:43,13:50,13:57,14:04,14:11,14:18,14:25,14:32,14:39,14:46,14:53,15:00,15:07,15:14,15:21,15:28,15:35,15:42,15:49,15:56,16:03,16:10,16:17,16:24,16:31,16:38,16:45,16:52,16:59,17:06,17:13,17:20,17:27,17:34,17:41,17:48,17:55,18:02,18:07,18:12,18:17,18:22,18:27,18:32,18:37,18:42,18:47,18:52,18:57,19:02,19:07,19:12,19:17,19:22,19:27,19:32,19:37,19:42,19:47,19:52,19:57,20:04,20:11,20:18,20:25,20:32,20:39,20:46,20:53,21:00,21:07,21:14,21:21,21:28,21:35,21:42,21:49,21:56,22:03,22:10,22:17,22:24,22:31,22:38,22:45,22:52,22:59
2,금수선사,04:56,05:03,05:10,05:17,05:24,05:31,05:38,05:45,05:52,05:59,06:06,06:13,06:20,06:27,06:34,06:41,06:48,06:55,07:02,07:07,07:12,07:17,07:22,07:27,07:32,07:37,07:42,07:47,07:52,07:57,08:02,08:07,08:12,08:17,08:22,08:27,08:32,08:37,08:42,08:47,08:52,08:57,09:04,09:11,09:18,09:25,09:32,09:39,09:46,09:53,10:00,10:07,10:14,10:21,10:28,10:35,10:42,10:49,10:56,11:03,11:10,11:17,11:24,11:31,11:38,11:45,11:52,11:59,12:06,12:13,12:20,12:27,12:34,12:41,12:48,12:55,13:02,13:09,13:16,13:23,13:30,13:37,13:44,13:51,13:58,14:05,14:12,14:19,14:26,14:33,14:40,14:47,14:54,15:01,15:08,15:15,15:22,15:29,15:36,15:43,15:50,15:57,16:04,16:11,16:18,16:25,16:32,16:39,16:46,16:53,17:00,17:07,17:14,17:21,17:28,17:35,17:42,17:49,17:56,18:03,18:08,18:13,18:18,18:23,18:28,18:33,18:38,18:43,18:48,18:53,18:58,19:03,19:08,19:13,19:18,19:23,19:28,19:33,19:38,19:43,19:48,19:53,19:58,20:05,20:12,20:19,20:26,20:33,20:40,20:47,20:54,21:01,21:08,21:15,21:22,21:29,21:36,21:43,21:50,21:57,22:04,22:11,22:18,22:25,22:32,22:39,22:46,22:53,23:00
3,태평양아파트,04:57,05:04,05:11,05:18,05:25,05:32,05:39,05:46,05:53,06:00,06:07,06:14,06:21,06:28,06:35,06:42,06:49,06:56,07:03,07:08,07:13,07:18,07:23,07:28,07:33,07:38,07:43,07:48,07:53,07:58,08:03,08:08,08:13,08:18,08:23,08:28,08:33,08:38,08:43,08:48,08:53,08:58,09:05,09:12,09:19,09:26,09:33,09:40,09:47,09:54,10:01,10:08,10:15,10:22,10:29,10:36,10:43,10:50,10:57,11:04,11:11,11:18,11:25,11:32,11:39,11:46,11:53,12:00,12:07,12:14,12:21,12:28,12:35,12:42,12:49,12:56,13:03,13:10,13:17,13:24,13:31,13:38,13:45,13:52,13:59,14:06,14:13,14:20,14:27,14:34,14:41,14:48,14:55,15:02,15:09,15:16,15:23,15:30,15:37,15:44,15:51,15:58,16:05,16:12,16:19,16:26,16:33,16:40,16:47,16:54,17:01,17:08,17:15,17:22,17:29,17:36,17:43,17:50,17:57,18:04,18:09,18:14,18:19,18:24,18:29,18:34,18:39,18:44,18:49,18:54,18:59,19:04,19:09,19:14,19:19,19:24,19:29,19:34,19:39,19:44,19:49,19:54,19:59,20:06,20:13,20:20,20:27,20:34,20:41,20:48,20:55,21:02,21:09,21:16,21:23,21:30,21:37,21:44,21:51,21:58,22:05,22:12,22:19,22:26,22:33,22:40,22:47,22:54,23:01
4,포천초교.태경해피타운,04:58,05:05,05:12,05:19,05:26,05:33,05:40,05:47,05:54,06:01,06:08,06:15,06:22,06:29,06:36,06:43,06:50,06:57,07:04,07:09,07:14,07:19,07:24,07:29,07:34,07:39,07:44,07:49,07:54,07:59,08:04,08:09,08:14,08:19,08:24,08:29,08:34,08:39,08:44,08:49,08:54,08:59,09:06,09:13,09:20,09:27,09:34,09:41,09:48,09:55,10:02,10:09,10:16,10:23,10:30,10:37,10:44,10:51,10:58,11:05,11:12,11:19,11:26,11:33,11:40,11:47,11:54,12:01,12:08,12:15,12:22,12:29,12:36,12:43,12:50,12:57,13:04,13:11,13:18,13:25,13:32,13:39,13:46,13:53,14:00,14:07,14:14,14:21,14:28,14:35,14:42,14:49,14:56,15:03,15:10,15:17,15:24,15:31,15:38,15:45,15:52,15:59,16:06,16:13,16:20,16:27,16:34,16:41,16:48,16:55,17:02,17:09,17:16,17:23,17:30,17:37,17:44,17:51,17:58,18:05,18:10,18:15,18:20,18:25,18:30,18:35,18:40,18:45,18:50,18:55,19:00,19:05,19:10,19:15,19:20,19:25,19:30,19:35,19:40,19:45,19:50,19:55,20:00,20:07,20:14,20:21,20:28,20:35,20:42,20:49,20:56,21:03,21:10,21:17,21:24,21:31,21:38,21:45,21:52,21:59,22:06,22:13,22:20,22:27,22:34,22:41,22:48,22:55,23:02
5,구포3동주민센터,04:58,05:05,05:12,05:19,05:26,05:33,05:40,05:47,05:54,06:01,06:08,06:15,06:22,06:29,06:36,06:43,06:50,06:57,07:04,07:09,07:14,07:19,07:24,07:29,07:34,07:39,07:44,07:49,07:54,07:59,08:04,08:09,08:14,08:19,08:24,08:29,08:34,08:39,08:44,08:49,08:54,08:59,09:06,09:13,09:20,09:27,09:34,09:41,09:48,09:55,10:02,10:09,10:16,10:23,10:30,10:37,10:44,10:51,10:58,11:05,11:12,11:19,11:26,11:33,11:40,11:47,11:54,12:01,12:08,12:15,12:22,12:29,12:36,12:43,12:50,12:57,13:04,13:11,13:18,13:25,13:32,13:39,13:46,13:53,14:00,14:07,14:14,14:21,14:28,14:35,14:42,14:49,14:56,15:03,15:10,15:17,15:24,15:31,15:38,15:45,15:52,15:59,16:06,16:13,16:20,16:27,16:34,16:41,16:48,16:55,17:02,17:09,17:16,17:23,17:30,17:37,17:44,17:51,17:58,18:05,18:10,18:15,18:20,18:25,18:30,18:35,18:40,18:45,18:50,18:55,19:00,19:05,19:10,19:15,19:20,19:25,19:30,19:35,19:40,19:45,19:50,19:55,20:00,20:07,20:14,20:21,20:28,20:35,20:42,20:49,20:56,21:03,21:10,21:17,21:24,21:31,21:38,21:45,21:52,21:59,22:06,22:13,22:20,22:27,22:34,22:41,22:48,22:55,23:02
6,부산과학기술대학교,04:59,05:06,05:13,05:20,05:27,05:34,05:41,05:48,05:55,06:02,06:09,06:16,06:23,06:30,06:37,06:44,06:51,06:58,07:05,07:10,07:15,07:20,07:25,07:30,07:35,07:40,07:45,07:50,07:55,08:00,08:05,08:10,08:15,08:20,08:25,08:30,08:35,08:40,08:45,08:50,08:55,09:00,09:07,09:14,09:21,09:28,09:35,09:42,09:49,09:56,10:03,10:10,10:17,10:24,10:31,10:38,10:45,10:52,10:59,11:06,11:13,11:20,11:27,11:34,11:41,11:48,11:55,12:02,12:09,12:16,12:23,12:30,12:37,12:44,12:51,12:58,13:05,13:12,13:19,13:26,13:33,13:40,13:47,13:54,14:01,14:08,14:15,14:22,14:29,14:36,14:43,14:50,14:57,15:04,15:11,15:18,15:25,15:32,15:39,15:46,15:53,16:00,16:07,16:14,16:21,16:28,16:35,16:42,16:49,16:56,17:03,17:10,17:17,17:24,17:31,17:38,17:45,17:52,17:59,18:06,18:11,18:16,18:21,18:26,18:31,18:36,18:41,18:46,18:51,18:56,19:01,19:06,19:11,19:16,19:21,19:26,19:31,19:36,19:41,19:46,19:51,19:56,20:01,20:08,20:15,20:22,20:29,20:36,20:43,20:50,20:57,21:04,21:11,21:18,21:25,21:32,21:39,21:46,21:53,22:00,22:07,22:14,22:21,22:28,22:35,22:42,22:49,22:56,23:03
7,포천삼거리,05:00,05:07,05:14,05:21,05:28,05:35,05:42,05:49,05:56,06:03,06:10,06:17,06:24,06:31,06:38,06:45,06:52,06:59,07:06,07:11,07:16,07:21,07:26,07:31,07:36,07:41,07:46,07:51,07:56,08:01,08:06,08:11,08:16,08:21,08:26,08:31,08:36,08:41,08:46,08:51,08:56,09:01,09:08,09:15,09:22,09:29,09:36,09:43,09:50,09:57,10:04,10:11,10:18,10:25,10:32,10:39,10:46,10:53,11:00,11:07,11:14,11:21,11:28,11:35,11:42,11:49,11:56,12:03,12:10,12:17,12:24,12:31,12:38,12:45,12:52,12:59,13:06,13:13,13:20,13:27,13:34,13:41,13:48,13:55,14:02,14:09,14:16,14:23,14:30,14:37,14:44,14:51,14:58,15:05,15:12,15:19,15:26,15:33,15:40,15:47,15:54,16:01,16:08,16:15,16:22,16:29,16:36,16:43,16:50,16:57,17:04,17:11,17:18,17:25,17:32,17:39,17:46,17:53,18:00,18:07,18:12,18:17,18:22,18:27,18:32,18:37,18:42,18:47,18:52,18:57,19:02,19:07,19:12,19:17,19:22,19:27,19:32,19:37,19:42,19:47,19:52,19:57,20:02,20:09,20:16,20:23,20:30,20:37,20:44,20:51,20:58,21:05,21:12,21:19,21:26,21:33,21:40,21:47,21:54,22:01,22:08,22:15,22:22,22:29,22:36,22:43,22:50,22:57,23:04
8,태양탕,05:02,05:09,05:16,05:23,05:30,05:37,05:44,05:51,05:58,06:05,06:12,06:19,06:26,06:33,06:40,06:47,06:54,07:01,07:08,07:13,07:18,07:23,07:28,07:33,07:38,07:43,07:48,07:53,07:58,08:03,08:08,08:13,08:18,08:23,08:28,08:33,08:38,08:43,08:48,08:53,08:58,09:03,09:10,09:17,09:24,09:31,09:38,09:45,09:52,09:59,10:06,10:13,10:20,10:27,10:34,10:41,10:48,10:55,11:02,11:09,11:16,11:23,11:30,11:37,11:44,11:51,11:58,12:05,12:12,12:19,12:26,12:33,12:40,12:47,12:54,13:01,13:08,13:15,13:22,13:29,13:36,13:43,13:50,13:57,14:04,14:11,14:18,14:25,14:32,14:39,14:46,14:53,15:00,15:07,15:14,15:21,15:28,15:35,15:42,15:49,15:56,16:03,16:10,16:17,16:24,16:31,16:38,16:45,16:52,16:59,17:06,17:13,17:20,17:27,17:34,17:41,17:48,17:55,18:02,18:09,18:14,18:19,18:24,18:29,18:34,18:39,18:44,18:49,18:54,18:59,19:04,19:09,19:14,19:19,19:24,19:29,19:34,19:39,19:44,19:49,19:54,19:59,20:04,20:11,20:18,20:25,20:32,20:39,20:46,20:53,21:00,21:07,21:14,21:21,21:28,21:35,21:42,21:49,21:56,22:03,22:10,22:17,22:24,22:31,22:38,22:45,22:52,22:59,23:06
9,구포대진아파트,05:03,05:10,05:17,05:24,05:31,05:38,05:45,05:52,05:59,06:06,06:13,06:20,06:27,06:34,06:41,06:48,06:55,07:02,07:09,07:14,07:19,07:24,07:29,07:34,07:39,07:44,07:49,07:54,07:59,08:04,08:09,08:14,08:19,08:24,08:29,08:34,08:39,08:44,08:49,08:54,08:59,09:04,09:11,09:18,09:25,09:32,09:39,09:46,09:53,10:00,10:07,10:14,10:21,10:28,10:35,10:42,10:49,10:56,11:03,11:10,11:17,11:24,11:31,11:38,11:45,11:52,11:59,12:06,12:13,12:20,12:27,12:34,12:41,12:48,12:55,13:02,13:09,13:16,13:23,13:30,13:37,13:44,13:51,13:58,14:05,14:12,14:19,14:26,14:33,14:40,14:47,14:54,15:01,15:08,15:15,15:22,15:29,15:36,15:43,15:50,15:57,16:04,16:11,16:18,16:25,16:32,16:39,16:46,16:53,17:00,17:07,17:14,17:21,17:28,17:35,17:42,17:49,17:56,18:03,18:10,18:15,18:20,18:25,18:30,18:35,18:40,18:45,18:50,18:55,19:00,19:05,19:10,19:15,19:20,19:25,19:30,19:35,19:40,19:45,19:50,19:55,20:00,20:05,20:12,20:19,20:26,20:33,20:40,20:47,20:54,21:01,21:08,21:15,21:22,21:29,21:36,21:43,21:50,21:57,22:04,22:11,22:18,22:25,22:32,22:39,22:46,22:53,23:00,23:07
10,(구)고려당제과점,05:04,05:11,05:18,05:25,05:32,05:39,05:46,05:53,06:00,06:07,06:14,06:21,06:28,06:35,06:42,06:49,06:56,07:03,07:10,07:15,07:20,07:25,07:30,07:35,07:40,07:45,07:50,07:55,08:00,08:05,08:10,08:15,08:20,08:25,08:30,08:35,08:40,08:45,08:50,08:55,09:00,09:05,09:12,09:19,09:26,09:33,09:40,09:47,09:54,10:01,10:08,10:15,10:22,10:29,10:36,10:43,10:50,10:57,11:04,11:11,11:18,11:25,11:32,11:39,11:46,11:53,12:00,12:07,12:14,12:21,12:28,12:35,12:42,12:49,12:56,13:03,13:10,13:17,13:24,13:31,13:38,13:45,13:52,13:59,14:06,14:13,14:20,14:27,14:34,14:41,14:48,14:55,15:02,15:09,15:16,15:23,15:30,15:37,15:44,15:51,15:58,16:05,16:12,16:19,16:26,16:33,16:40,16:47,16:54,17:01,17:08,17:15,17:22,17:29,17:36,17:43,17:50,17:57,18:04,18:11,18:16,18:21,18:26,18:31,18:36,18:41,18:46,18:51,18:56,19:01,19:06,19:11,19:16,19:21,19:26,19:31,19:36,19:41,19:46,19:51,19:56,20:01,20:06,20:13,20:20,20:27,20:34,20:41,20:48,20:55,21:02,21:09,21:16,21:23,21:30,21:37,21:44,21:51,21:58,22:05,22:12,22:19,22:26,22:33,22:40,22:47,22:54,23:01,23:08
11,구포시장남문.반도유보라아파트,05:05,05:12,05:19,05:26,05:33,05:40,05:47,05:54,06:01,06:08,06:15,06:22,06:29,06:36,06:43,06:50,06:57,07:04,07:11,07:16,07:21,07:26,07:31,07:36,07:41,07:46,07:51,07:56,08:01,08:06,08:11,08:16,08:21,08:26,08:31,08:36,08:41,08:46,08:51,08:56,09:01,09:06,09:13,09:20,09:27,09:34,09:41,09:48,09:55,10:02,10:09,10:16,10:23,10:30,10:37,10:44,10:51,10:58,11:05,11:12,11:19,11:26,11:33,11:40,11:47,11:54,12:01,12:08,12:15,12:22,12:29,12:36,12:43,12:50,12:57,13:04,13:11,13:18,13:25,13:32,13:39,13:46,13:53,14:00,14:07,14:14,14:21,14:28,14:35,14:42,14:49,14:56,15:03,15:10,15:17,15:24,15:31,15:38,15:45,15:52,15:59,16:06,16:13,16:20,16:27,16:34,16:41,16:48,16:55,17:02,17:09,17:16,17:23,17:30,17:37,17:44,17:51,17:58,18:05,18:12,18:17,18:22,18:27,18:32,18:37,18:42,18:47,18:52,18:57,19:02,19:07,19:12,19:17,19:22,19:27,19:32,19:37,19:42,19:47,19:52,19:57,20:02,20:07,20:14,20:21,20:28,20:35,20:42,20:49,20:56,21:03,21:10,21:17,21:24,21:31,21:38,21:45,21:52,21:59,22:06,22:13,22:20,22:27,22:34,22:41,22:48,22:55,23:02,23:09
12,구포초등학교,05:06,05:13,05:20,05:27,05:34,05:41,05:48,05:55,06:02,06:09,06:16,06:23,06:30,06:37,06:44,06:51,06:58,07:05,07:12,07:17,07:22,07:27,07:32,07:37,07:42,07:47,07:52,07:57,08:02,08:07,08:12,08:17,08:22,08:27,08:32,08:37,08:42,08:47,08:52,08:57,09:02,09:07,09:14,09:21,09:28,09:35,09:42,09:49,09:56,10:03,10:10,10:17,10:24,10:31,10:38,10:45,10:52,10:59,11:06,11:13,11:20,11:27,11:34,11:41,11:48,11:55,12:02,12:09,12:16,12:23,12:30,12:37,12:44,12:51,12:58,13:05,13:12,13:19,13:26,13:33,13:40,13:47,13:54,14:01,14:08,14:15,14:22,14:29,14:36,14:43,14:50,14:57,15:04,15:11,15:18,15:25,15:32,15:39,15:46,15:53,16:00,16:07,16:14,16:21,16:28,16:35,16:42,16:49,16:56,17:03,17:10,17:17,17:24,17:31,17:38,17:45,17:52,17:59,18:06,18:13,18:18,18:23,18:28,18:33,18:38,18:43,18:48,18:53,18:58,19:03,19:08,19:13,19:18,19:23,19:28,19:33,19:38,19:43,19:48,19:53,19:58,20:03,20:08,20:15,20:22,20:29,20:36,20:43,20:50,20:57,21:04,21:11,21:18,21:25,21:32,21:39,21:46,21:53,22:00,22:07,22:14,22:21,22:28,22:35,22:42,22:49,22:56,23:03,23:10
13,구명역,05:07,05:14,05:21,05:28,05:35,05:42,05:49,05:56,06:03,06:10,06:17,06:24,06:31,06:38,06:45,06:52,06:59,07:06,07:13,07:18,07:23,07:28,07:33,07:38,07:43,07:48,07:53,07:58,08:03,08:08,08:13,08:18,08:23,08:28,08:33,08:38,08:43,08:48,08:53,08:58,09:03,09:08,09:15,09:22,09:29,09:36,09:43,09:50,09:57,10:04,10:11,10:18,10:25,10:32,10:39,10:46,10:53,11:00,11:07,11:14,11:21,11:28,11:35,11:42,11:49,11:56,12:03,12:10,12:17,12:24,12:31,12:38,12:45,12:52,12:59,13:06,13:13,13:20,13:27,13:34,13:41,13:48,13:55,14:02,14:09,14:16,14:23,14:30,14:37,14:44,14:51,14:58,15:05,15:12,15:19,15:26,15:33,15:40,15:47,15:54,16:01,16:08,16:15,16:22,16:29,16:36,16:43,16:50,16:57,17:04,17:11,17:18,17:25,17:32,17:39,17:46,17:53,18:00,18:07,18:14,18:19,18:24,18:29,18:34,18:39,18:44,18:49,18:54,18:59,19:04,19:09,19:14,19:19,19:24,19:29,19:34,19:39,19:44,19:49,19:54,19:59,20:04,20:09,20:16,20:23,20:30,20:37,20:44,20:51,20:58,21:05,21:12,21:19,21:26,21:33,21:40,21:47,21:54,22:01,22:08,22:15,22:22,22:29,22:36,22:43,22:50,22:57,23:04,23:11
14,구남시장,05:08,05:15,05:22,05:29,05:36,05:43,05:50,05:57,06:04,06:11,06:18,06:25,06:32,06:39,06:46,06:53,07:00,07:07,07:14,07:19,07:24,07:29,07:34,07:39,07:44,07:49,07:54,07:59,08:04,08:09,08:14,08:19,08:24,08:29,08:34,08:39,08:44,08:49,08:54,08:59,09:04,09:09,09:16,09:23,09:30,09:37,09:44,09:51,09:58,10:05,10:12,10:19,10:26,10:33,10:40,10:47,10:54,11:01,11:08,11:15,11:22,11:29,11:36,11:43,11:50,11:57,12:04,12:11,12:18,12:25,12:32,12:39,12:46,12:53,13:00,13:07,13:14,13:21,13:28,13:35,13:42,13:49,13:56,14:03,14:10,14:17,14:24,14:31,14:38,14:45,14:52,14:59,15:06,15:13,15:20,15:27,15:34,15:41,15:48,15:55,16:02,16:09,16:16,16:23,16:30,16:37,16:44,16:51,16:58,17:05,17:12,17:19,17:26,17:33,17:40,17:47,17:54,18:01,18:08,18:15,18:20,18:25,18:30,18:35,18:40,18:45,18:50,18:55,19:00,19:05,19:10,19:15,19:20,19:25,19:30,19:35,19:40,19:45,19:50,19:55,20:00,20:05,20:10,20:17,20:24,20:31,20:38,20:45,20:52,20:59,21:06,21:13,21:20,21:27,21:34,21:41,21:48,21:55,22:02,22:09,22:16,22:23,22:30,22:37,22:44,22:51,22:58,23:05,23:12
15,백양고입구,05:09,05:16,05:23,05:30,05:37,05:44,05:51,05:58,06:05,06:12,06:19,06:26,06:33,06:40,06:47,06:54,07:01,07:08,07:15,07:20,07:25,07:30,07:35,07:40,07:45,07:50,07:55,08:00,08:05,08:10,08:15,08:20,08:25,08:30,08:35,08:40,08:45,08:50,08:55,09:00,09:05,09:10,09:17,09:24,09:31,09:38,09:45,09:52,09:59,10:06,10:13,10:20,10:27,10:34,10:41,10:48,10:55,11:02,11:09,11:16,11:23,11:30,11:37,11:44,11:51,11:58,12:05,12:12,12:19,12:26,12:33,12:40,12:47,12:54,13:01,13:08,13:15,13:22,13:29,13:36,13:43,13:50,13:57,14:04,14:11,14:18,14:25,14:32,14:39,14:46,14:53,15:00,15:07,15:14,15:21,15:28,15:35,15:42,15:49,15:56,16:03,16:10,16:17,16:24,16:31,16:38,16:45,16:52,16:59,17:06,17:13,17:20,17:27,17:34,17:41,17:48,17:55,18:02,18:09,18:16,18:21,18:26,18:31,18:36,18:41,18:46,18:51,18:56,19:01,19:06,19:11,19:16,19:21,19:26,19:31,19:36,19:41,19:46,19:51,19:56,20:01,20:06,20:11,20:18,20:25,20:32,20:39,20:46,20:53,21:00,21:07,21:14,21:21,21:28,21:35,21:42,21:49,21:56,22:03,22:10,22:17,22:24,22:31,22:38,22:45,22:52,22:59,23:06,23:13
16,구남역.구남중학교,05:10,05:17,05:24,05:31,05:38,05:45,05:52,05:59,06:06,06:13,06:20,06:27,06:34,06:41,06:48,06:55,07:02,07:09,07:16,07:21,07:26,07:31,07:36,07:41,07:46,07:51,07:56,08:01,08:06,08:11,08:16,08:21,08:26,08:31,08:36,08:41,08:46,08:51,08:56,09:01,09:06,09:11,09:18,09:25,09:32,09:39,09:46,09:53,10:00,10:07,10:14,10:21,10:28,10:35,10:42,10:49,10:56,11:03,11:10,11:17,11:24,11:31,11:38,11:45,11:52,11:59,12:06,12:13,12:20,12:27,12:34,12:41,12:48,12:55,13:02,13:09,13:16,13:23,13:30,13:37,13:44,13:51,13:58,14:05,14:12,14:19,14:26,14:33,14:40,14:47,14:54,15:01,15:08,15:15,15:22,15:29,15:36,15:43,15:50,15:57,16:04,16:11,16:18,16:25,16:32,16:39,16:46,16:53,17:00,17:07,17:14,17:21,17:28,17:35,17:42,17:49,17:56,18:03,18:10,18:17,18:22,18:27,18:32,18:37,18:42,18:47,18:52,18:57,19:02,19:07,19:12,19:17,19:22,19:27,19:32,19:37,19:42,19:47,19:52,19:57,20:02,20:07,20:12,20:19,20:26,20:33,20:40,20:47,20:54,21:01,21:08,21:15,21:22,21:29,21:36,21:43,21:50,21:57,22:04,22:11,22:18,22:25,22:32,22:39,22:46,22:53,23:00,23:07,23:14
17,구포현대아파트,05:11,05:18,05:25,05:32,05:39,05:46,05:53,06:00,06:07,06:14,06:21,06:28,06:35,06:42,06:49,06:56,07:03,07:10,07:17,07:22,07:27,07:32,07:37,07:42,07:47,07:52,07:57,08:02,08:07,08:12,08:17,08:22,08:27,08:32,08:37,08:42,08:47,08:52,08:57,09:02,09:07,09:12,09:19,09:26,09:33,09:40,09:47,09:54,10:01,10:08,10:15,10:22,10:29,10:36,10:43,10:50,10:57,11:04,11:11,11:18,11:25,11:32,11:39,11:46,11:53,12:00,12:07,12:14,12:21,12:28,12:35,12:42,12:49,12:56,13:03,13:10,13:17,13:24,13:31,13:38,13:45,13:52,13:59,14:06,14:13,14:20,14:27,14:34,14:41,14:48,14:55,15:02,15:09,15:16,15:23,15:30,15:37,15:44,15:51,15:58,16:05,16:12,16:19,16:26,16:33,16:40,16:47,16:54,17:01,17:08,17:15,17:22,17:29,17:36,17:43,17:50,17:57,18:04,18:11,18:18,18:23,18:28,18:33,18:38,18:43,18:48,18:53,18:58,19:03,19:08,19:13,19:18,19:23,19:28,19:33,19:38,19:43,19:48,19:53,19:58,20:03,20:08,20:13,20:20,20:27,20:34,20:41,20:48,20:55,21:02,21:09,21:16,21:23,21:30,21:37,21:44,21:51,21:58,22:05,22:12,22:19,22:26,22:33,22:40,22:47,22:54,23:01,23:08,23:15
18,모라119안전센터,05:12,05:19,05:26,05:33,05:40,05:47,05:54,06:01,06:08,06:15,06:22,06:29,06:36,06:43,06:50,06:57,07:04,07:11,07:18,07:23,07:28,07:33,07:38,07:43,07:48,07:53,07:58,08:03,08:08,08:13,08:18,08:23,08:28,08:33,08:38,08:43,08:48,08:53,08:58,09:03,09:08,09:13,09:20,09:27,09:34,09:41,09:48,09:55,10:02,10:09,10:16,10:23,10:30,10:37,10:44,10:51,10:58,11:05,11:12,11:19,11:26,11:33,11:40,11:47,11:54,12:01,12:08,12:15,12:22,12:29,12:36,12:43,12:50,12:57,13:04,13:11,13:18,13:25,13:32,13:39,13:46,13:53,14:00,14:07,14:14,14:21,14:28,14:35,14:42,14:49,14:56,15:03,15:10,15:17,15:24,15:31,15:38,15:45,15:52,15:59,16:06,16:13,16:20,16:27,16:34,16:41,16:48,16:55,17:02,17:09,17:16,17:23,17:30,17:37,17:44,17:51,17:58,18:05,18:12,18:19,18:24,18:29,18:34,18:39,18:44,18:49,18:54,18:59,19:04,19:09,19:14,19:19,19:24,19:29,19:34,19:39,19:44,19:49,19:54,19:59,20:04,20:09,20:14,20:21,20:28,20:35,20:42,20:49,20:56,21:03,21:10,21:17,21:24,21:31,21:38,21:45,21:52,21:59,22:06,22:13,22:20,22:27,22:34,22:41,22:48,22:55,23:02,23:09,23:16
19,모라우성아파트,05:13,05:20,05:27,05:34,05:41,05:48,05:55,06:02,06:09,06:16,06:23,06:30,06:37,06:44,06:51,06:58,07:05,07:12,07:19,07:24,07:29,07:34,07:39,07:44,07:49,07:54,07:59,08:04,08:09,08:14,08:19,08:24,08:29,08:34,08:39,08:44,08:49,08:54,08:59,09:04,09:09,09:14,09:21,09:28,09:35,09:42,09:49,09:56,10:03,10:10,10:17,10:24,10:31,10:38,10:45,10:52,10:59,11:06,11:13,11:20,11:27,11:34,11:41,11:48,11:55,12:02,12:09,12:16,12:23,12:30,12:37,12:44,12:51,12:58,13:05,13:12,13:19,13:26,13:33,13:40,13:47,13:54,14:01,14:08,14:15,14:22,14:29,14:36,14:43,14:50,14:57,15:04,15:11,15:18,15:25,15:32,15:39,15:46,15:53,16:00,16:07,16:14,16:21,16:28,16:35,16:42,16:49,16:56,17:03,17:10,17:17,17:24,17:31,17:38,17:45,17:52,17:59,18:06,18:13,18:20,18:25,18:30,18:35,18:40,18:45,18:50,18:55,19:00,19:05,19:10,19:15,19:20,19:25,19:30,19:35,19:40,19:45,19:50,19:55,20:00,20:05,20:10,20:15,20:22,20:29,20:36,20:43,20:50,20:57,21:04,21:11,21:18,21:25,21:32,21:39,21:46,21:53,22:00,22:07,22:14,22:21,22:28,22:35,22:42,22:49,22:56,23:03,23:10,23:17
20,모라농협,05:14,05:21,05:28,05:35,05:42,05:49,05:56,06:03,06:10,06:17,06:24,06:31,06:38,06:45,06:52,06:59,07:06,07:13,07:20,07:25,07:30,07:35,07:40,07:45,07:50,07:55,08:00,08:05,08:10,08:15,08:20,08:25,08:30,08:35,08:40,08:45,08:50,08:55,09:00,09:05,09:10,09:15,09:22,09:29,09:36,09:43,09:50,09:57,10:04,10:11,10:18,10:25,10:32,10:39,10:46,10:53,11:00,11:07,11:14,11:21,11:28,11:35,11:42,11:49,11:56,12:03,12:10,12:17,12:24,12:31,12:38,12:45,12:52,12:59,13:06,13:13,13:20,13:27,13:34,13:41,13:48,13:55,14:02,14:09,14:16,14:23,14:30,14:37,14:44,14:51,14:58,15:05,15:12,15:19,15:26,15:33,15:40,15:47,15:54,16:01,16:08,16:15,16:22,16:29,16:36,16:43,16:50,16:57,17:04,17:11,17:18,17:25,17:32,17:39,17:46,17:53,18:00,18:07,18:14,18:21,18:26,18:31,18:36,18:41,18:46,18:51,18:56,19:01,19:06,19:11,19:16,19:21,19:26,19:31,19:36,19:41,19:46,19:51,19:56,20:01,20:06,20:11,20:16,20:23,20:30,20:37,20:44,20:51,20:58,21:05,21:12,21:19,21:26,21:33,21:40,21:47,21:54,22:01,22:08,22:15,22:22,22:29,22:36,22:43,22:50,22:57,23:04,23:11,23:18
21,동원아파트,05:15,05:22,05:29,05:36,05:43,05:50,05:57,06:04,06:11,06:18,06:25,06:32,06:39,06:46,06:53,07:00,07:07,07:14,07:21,07:26,07:31,07:36,07:41,07:46,07:51,07:56,08:01,08:06,08:11,08:16,08:21,08:26,08:31,08:36,08:41,08:46,08:51,08:56,09:01,09:06,09:11,09:16,09:23,09:30,09:37,09:44,09:51,09:58,10:05,10:12,10:19,10:26,10:33,10:40,10:47,10:54,11:01,11:08,11:15,11:22,11:29,11:36,11:43,11:50,11:57,12:04,12:11,12:18,12:25,12:32,12:39,12:46,12:53,13:00,13:07,13:14,13:21,13:28,13:35,13:42,13:49,13:56,14:03,14:10,14:17,14:24,14:31,14:38,14:45,14:52,14:59,15:06,15:13,15:20,15:27,15:34,15:41,15:48,15:55,16:02,16:09,16:16,16:23,16:30,16:37,16:44,16:51,16:58,17:05,17:12,17:19,17:26,17:33,17:40,17:47,17:54,18:01,18:08,18:15,18:22,18:27,18:32,18:37,18:42,18:47,18:52,18:57,19:02,19:07,19:12,19:17,19:22,19:27,19:32,19:37,19:42,19:47,19:52,19:57,20:02,20:07,20:12,20:17,20:24,20:31,20:38,20:45,20:52,20:59,21:06,21:13,21:20,21:27,21:34,21:41,21:48,21:55,22:02,22:09,22:16,22:23,22:30,22:37,22:44,22:51,22:58,23:05,23:12,23:19
22,자유아파트,05:16,05:23,05:30,05:37,05:44,05:51,05:58,06:05,06:12,06:19,06:26,06:33,06:40,06:47,06:54,07:01,07:08,07:15,07:22,07:27,07:32,07:37,07:42,07:47,07:52,07:57,08:02,08:07,08:12,08:17,08:22,08:27,08:32,08:37,08:42,08:47,08:52,08:57,09:02,09:07,09:12,09:17,09:24,09:31,09:38,09:45,09:52,09:59,10:06,10:13,10:20,10:27,10:34,10:41,10:48,10:55,11:02,11:09,11:16,11:23,11:30,11:37,11:44,11:51,11:58,12:05,12:12,12:19,12:26,12:33,12:40,12:47,12:54,13:01,13:08,13:15,13:22,13:29,13:36,13:43,13:50,13:57,14:04,14:11,14:18,14:25,14:32,14:39,14:46,14:53,15:00,15:07,15:14,15:21,15:28,15:35,15:42,15:49,15:56,16:03,16:10,16:17,16:24,16:31,16:38,16:45,16:52,16:59,17:06,17:13,17:20,17:27,17:34,17:41,17:48,17:55,18:02,18:09,18:16,18:23,18:28,18:33,18:38,18:43,18:48,18:53,18:58,19:03,19:08,19:13,19:18,19:23,19:28,19:33,19:38,19:43,19:48,19:53,19:58,20:03,20:08,20:13,20:18,20:25,20:32,20:39,20:46,20:53,21:00,21:07,21:14,21:21,21:28,21:35,21:42,21:49,21:56,22:03,22:10,22:17,22:24,22:31,22:38,22:45,22:52,22:59,23:06,23:13,23:20
23,부산북부고용노동지청,05:17,05:24,05:31,05:38,05:45,05:52,05:59,06:06,06:13,06:20,06:27,06:34,06:41,06:48,06:55,07:02,07:09,07:16,07:23,07:28,07:33,07:38,07:43,07:48,07:53,07:58,08:03,08:08,08:13,08:18,08:23,08:28,08:33,08:38,08:43,08:48,08:53,08:58,09:03,09:08,09:13,09:18,09:25,09:32,09:39,09:46,09:53,10:00,10:07,10:14,10:21,10:28,10:35,10:42,10:49,10:56,11:03,11:10,11:17,11:24,11:31,11:38,11:45,11:52,11:59,12:06,12:13,12:20,12:27,12:34,12:41,12:48,12:55,13:02,13:09,13:16,13:23,13:30,13:37,13:44,13:51,13:58,14:05,14:12,14:19,14:26,14:33,14:40,14:47,14:54,15:01,15:08,15:15,15:22,15:29,15:36,15:43,15:50,15:57,16:04,16:11,16:18,16:25,16:32,16:39,16:46,16:53,17:00,17:07,17:14,17:21,17:28,17:35,17:42,17:49,17:56,18:03,18:10,18:17,18:24,18:29,18:34,18:39,18:44,18:49,18:54,18:59,19:04,19:09,19:14,19:19,19:24,19:29,19:34,19:39,19:44,19:49,19:54,19:59,20:04,20:09,20:14,20:19,20:26,20:33,20:40,20:47,20:54,21:01,21:08,21:15,21:22,21:29,21:36,21:43,21:50,21:57,22:04,22:11,22:18,22:25,22:32,22:39,22:46,22:53,23:00,23:07,23:14,23:21
24,부산항공고등학교,05:18,05:25,05:32,05:39,05:46,05:53,06:00,06:07,06:14,06:21,06:28,06:35,06:42,06:49,06:56,07:03,07:10,07:17,07:24,07:29,07:34,07:39,07:44,07:49,07:54,07:59,08:04,08:09,08:14,08:19,08:24,08:29,08:34,08:39,08:44,08:49,08:54,08:59,09:04,09:09,09:14,09:19,09:26,09:33,09:40,09:47,09:54,10:01,10:08,10:15,10:22,10:29,10:36,10:43,10:50,10:57,11:04,11:11,11:18,11:25,11:32,11:39,11:46,11:53,12:00,12:07,12:14,12:21,12:28,12:35,12:42,12:49,12:56,13:03,13:10,13:17,13:24,13:31,13:38,13:45,13:52,13:59,14:06,14:13,14:20,14:27,14:34,14:41,14:48,14:55,15:02,15:09,15:16,15:23,15:30,15:37,15:44,15:51,15:58,16:05,16:12,16:19,16:26,16:33,16:40,16:47,16:54,17:01,17:08,17:15,17:22,17:29,17:36,17:43,17:50,17:57,18:04,18:11,18:18,18:25,18:30,18:35,18:40,18:45,18:50,18:55,19:00,19:05,19:10,19:15,19:20,19:25,19:30,19:35,19:40,19:45,19:50,19:55,20:00,20:05,20:10,20:15,20:20,20:27,20:34,20:41,20:48,20:55,21:02,21:09,21:16,21:23,21:30,21:37,21:44,21:51,21:58,22:05,22:12,22:19,22:26,22:33,22:40,22:47,22:54,23:01,23:08,23:15,23:22
25,남영아파트,05:19,05:26,05:33,05:40,05:47,05:54,06:01,06:08,06:15,06:22,06:29,06:36,06:43,06:50,06:57,07:04,07:11,07:18,07:25,07:30,07:35,07:40,07:45,07:50,07:55,08:00,08:05,08:10,08:15,08:20,08:25,08:30,08:35,08:40,08:45,08:50,08:55,09:00,09:05,09:10,09:15,09:20,09:27,09:34,09:41,09:48,09:55,10:02,10:09,10:16,10:23,10:30,10:37,10:44,10:51,10:58,11:05,11:12,11:19,11:26,11:33,11:40,11:47,11:54,12:01,12:08,12:15,12:22,12:29,12:36,12:43,12:50,12:57,13:04,13:11,13:18,13:25,13:32,13:39,13:46,13:53,14:00,14:07,14:14,14:21,14:28,14:35,14:42,14:49,14:56,15:03,15:10,15:17,15:24,15:31,15:38,15:45,15:52,15:59,16:06,16:13,16:20,16:27,16:34,16:41,16:48,16:55,17:02,17:09,17:16,17:23,17:30,17:37,17:44,17:51,17:58,18:05,18:12,18:19,18:26,18:31,18:36,18:41,18:46,18:51,18:56,19:01,19:06,19:11,19:16,19:21,19:26,19:31,19:36,19:41,19:46,19:51,19:56,20:01,20:06,20:11,20:16,20:21,20:28,20:35,20:42,20:49,20:56,21:03,21:10,21:17,21:24,21:31,21:38,21:45,21:52,21:59,22:06,22:13,22:20,22:27,22:34,22:41,22:48,22:55,23:02,23:09,23:16,23:23
26,신라대학교입구,05:20,05:27,05:34,05:41,05:48,05:55,06:02,06:09,06:16,06:23,06:30,06:37,06:44,06:51,06:58,07:05,07:12,07:19,07:26,07:31,07:36,07:41,07:46,07:51,07:56,08:01,08:06,08:11,08:16,08:21,08:26,08:31,08:36,08:41,08:46,08:51,08:56,09:01,09:06,09:11,09:16,09:21,09:28,09:35,09:42,09:49,09:56,10:03,10:10,10:17,10:24,10:31,10:38,10:45,10:52,10:59,11:06,11:13,11:20,11:27,11:34,11:41,11:48,11:55,12:02,12:09,12:16,12:23,12:30,12:37,12:44,12:51,12:58,13:05,13:12,13:19,13:26,13:33,13:40,13:47,13:54,14:01,14:08,14:15,14:22,14:29,14:36,14:43,14:50,14:57,15:04,15:11,15:18,15:25,15:32,15:39,15:46,15:53,16:00,16:07,16:14,16:21,16:28,16:35,16:42,16:49,16:56,17:03,17:10,17:17,17:24,17:31,17:38,17:45,17:52,17:59,18:06,18:13,18:20,18:27,18:32,18:37,18:42,18:47,18:52,18:57,19:02,19:07,19:12,19:17,19:22,19:27,19:32,19:37,19:42,19:47,19:52,19:57,20:02,20:07,20:12,20:17,20:22,20:29,20:36,20:43,20:50,20:57,21:04,21:11,21:18,21:25,21:32,21:39,21:46,21:53,22:00,22:07,22:14,22:21,22:28,22:35,22:42,22:49,22:56,23:03,23:10,23:17,23:24
27,능인사,05:21,05:28,05:35,05:42,05:49,05:56,06:03,06:10,06:17,06:24,06:31,06:38,06:45,06:52,06:59,07:06,07:13,07:20,07:27,07:32,07:37,07:42,07:47,07:52,07:57,08:02,08:07,08:12,08:17,08:22,08:27,08:32,08:37,08:42,08:47,08:52,08:57,09:02,09:07,09:12,09:17,09:22,09:29,09:36,09:43,09:50,09:57,10:04,10:11,10:18,10:25,10:32,10:39,10:46,10:53,11:00,11:07,11:14,11:21,11:28,11:35,11:42,11:49,11:56,12:03,12:10,12:17,12:24,12:31,12:38,12:45,12:52,12:59,13:06,13:13,13:20,13:27,13:34,13:41,13:48,13:55,14:02,14:09,14:16,14:23,14:30,14:37,14:44,14:51,14:58,15:05,15:12,15:19,15:26,15:33,15:40,15:47,15:54,16:01,16:08,16:15,16:22,16:29,16:36,16:43,16:50,16:57,17:04,17:11,17:18,17:25,17:32,17:39,17:46,17:53,18:00,18:07,18:14,18:21,18:28,18:33,18:38,18:43,18:48,18:53,18:58,19:03,19:08,19:13,19:18,19:23,19:28,19:33,19:38,19:43,19:48,19:53,19:58,20:03,20:08,20:13,20:18,20:23,20:30,20:37,20:44,20:51,20:58,21:05,21:12,21:19,21:26,21:33,21:40,21:47,21:54,22:01,22:08,22:15,22:22,22:29,22:36,22:43,22:50,22:57,23:04,23:11,23:18,23:25
28,사상근린공원,05:23,05:30,05:37,05:44,05:51,05:58,06:05,06:12,06:19,06:26,06:33,06:40,06:47,06:54,07:01,07:08,07:15,07:22,07:29,07:34,07:39,07:44,07:49,07:54,07:59,08:04,08:09,08:14,08:19,08:24,08:29,08:34,08:39,08:44,08:49,08:54,08:59,09:04,09:09,09:14,09:19,09:24,09:31,09:38,09:45,09:52,09:59,10:06,10:13,10:20,10:27,10:34,10:41,10:48,10:55,11:02,11:09,11:16,11:23,11:30,11:37,11:44,11:51,11:58,12:05,12:12,12:19,12:26,12:33,12:40,12:47,12:54,13:01,13:08,13:15,13:22,13:29,13:36,13:43,13:50,13:57,14:04,14:11,14:18,14:25,14:32,14:39,14:46,14:53,15:00,15:07,15:14,15:21,15:28,15:35,15:42,15:49,15:56,16:03,16:10,16:17,16:24,16:31,16:38,16:45,16:52,16:59,17:06,17:13,17:20,17:27,17:34,17:41,17:48,17:55,18:02,18:09,18:16,18:23,18:30,18:35,18:40,18:45,18:50,18:55,19:00,19:05,19:10,19:15,19:20,19:25,19:30,19:35,19:40,19:45,19:50,19:55,20:00,20:05,20:10,20:15,20:20,20:25,20:32,20:39,20:46,20:53,21:00,21:07,21:14,21:21,21:28,21:35,21:42,21:49,21:56,22:03,22:10,22:17,22:24,22:31,22:38,22:45,22:52,22:59,23:06,23:13,23:20,23:27
29,사상종합복지관,05:24,05:31,05:38,05:45,05:52,05:59,06:06,06:13,06:20,06:27,06:34,06:41,06:48,06:55,07:02,07:09,07:16,07:23,07:30,07:35,07:40,07:45,07:50,07:55,08:00,08:05,08:10,08:15,08:20,08:25,08:30,08:35,08:40,08:45,08:50,08:55,09:00,09:05,09:10,09:15,09:20,09:25,09:32,09:39,09:46,09:53,10:00,10:07,10:14,10:21,10:28,10:35,10:42,10:49,10:56,11:03,11:10,11:17,11:24,11:31,11:38,11:45,11:52,11:59,12:06,12:13,12:20,12:27,12:34,12:41,12:48,12:55,13:02,13:09,13:16,13:23,13:30,13:37,13:44,13:51,13:58,14:05,14:12,14:19,14:26,14:33,14:40,14:47,14:54,15:01,15:08,15:15,15:22,15:29,15:36,15:43,15:50,15:57,16:04,16:11,16:18,16:25,16:32,16:39,16:46,16:53,17:00,17:07,17:14,17:21,17:28,17:35,17:42,17:49,17:56,18:03,18:10,18:17,18:24,18:31,18:36,18:41,18:46,18:51,18:56,19:01,19:06,19:11,19:16,19:21,19:26,19:31,19:36,19:41,19:46,19:51,19:56,20:01,20:06,20:11,20:16,20:21,20:26,20:33,20:40,20:47,20:54,21:01,21:08,21:15,21:22,21:29,21:36,21:43,21:50,21:57,22:04,22:11,22:18,22:25,22:32,22:39,22:46,22:53,23:00,23:07,23:14,23:21,23:28
30,백양마을,05:25,05:32,05:39,05:46,05:53,06:00,06:07,06:14,06:21,06:28,06:35,06:42,06:49,06:56,07:03,07:10,07:17,07:24,07:31,07:36,07:41,07:46,07:51,07:56,08:01,08:06,08:11,08:16,08:21,08:26,08:31,08:36,08:41,08:46,08:51,08:56,09:01,09:06,09:11,09:16,09:21,09:26,09:33,09:40,09:47,09:54,10:01,10:08,10:15,10:22,10:29,10:36,10:43,10:50,10:57,11:04,11:11,11:18,11:25,11:32,11:39,11:46,11:53,12:00,12:07,12:14,12:21,12:28,12:35,12:42,12:49,12:56,13:03,13:10,13:17,13:24,13:31,13:38,13:45,13:52,13:59,14:06,14:13,14:20,14:27,14:34,14:41,14:48,14:55,15:02,15:09,15:16,15:23,15:30,15:37,15:44,15:51,15:58,16:05,16:12,16:19,16:26,16:33,16:40,16:47,16:54,17:01,17:08,17:15,17:22,17:29,17:36,17:43,17:50,17:57,18:04,18:11,18:18,18:25,18:32,18:37,18:42,18:47,18:52,18:57,19:02,19:07,19:12,19:17,19:22,19:27,19:32,19:37,19:42,19:47,19:52,19:57,20:02,20:07,20:12,20:17,20:22,20:27,20:34,20:41,20:48,20:55,21:02,21:09,21:16,21:23,21:30,21:37,21:44,21:51,21:58,22:05,22:12,22:19,22:26,22:33,22:40,22:47,22:54,23:01,23:08,23:15,23:22,23:29
31,주감초등학교,05:26,05:33,05:40,05:47,05:54,06:01,06:08,06:15,06:22,06:29,06:36,06:43,06:50,06:57,07:04,07:11,07:18,07:25,07:32,07:37,07:42,07:47,07:52,07:57,08:02,08:07,08:12,08:17,08:22,08:27,08:32,08:37,08:42,08:47,08:52,08:57,09:02,09:07,09:12,09:17,09:22,09:27,09:34,09:41,09:48,09:55,10:02,10:09,10:16,10:23,10:30,10:37,10:44,10:51,10:58,11:05,11:12,11:19,11:26,11:33,11:40,11:47,11:54,12:01,12:08,12:15,12:22,12:29,12:36,12:43,12:50,12:57,13:04,13:11,13:18,13:25,13:32,13:39,13:46,13:53,14:00,14:07,14:14,14:21,14:28,14:35,14:42,14:49,14:56,15:03,15:10,15:17,15:24,15:31,15:38,15:45,15:52,15:59,16:06,16:13,16:20,16:27,16:34,16:41,16:48,16:55,17:02,17:09,17:16,17:23,17:30,17:37,17:44,17:51,17:58,18:05,18:12,18:19,18:26,18:33,18:38,18:43,18:48,18:53,18:58,19:03,19:08,19:13,19:18,19:23,19:28,19:33,19:38,19:43,19:48,19:53,19:58,20:03,20:08,20:13,20:18,20:23,20:28,20:35,20:42,20:49,20:56,21:03,21:10,21:17,21:24,21:31,21:38,21:45,21:52,21:59,22:06,22:13,22:20,22:27,22:34,22:41,22:48,22:55,23:02,23:09,23:16,23:23,23:30
32,보훈병원,05:27,05:34,05:41,05:48,05:55,06:02,06:09,06:16,06:23,06:30,06:37,06:44,06:51,06:58,07:05,07:12,07:19,07:26,07:33,07:38,07:43,07:48,07:53,07:58,08:03,08:08,08:13,08:18,08:23,08:28,08:33,08:38,08:43,08:48,08:53,08:58,09:03,09:08,09:13,09:18,09:23,09:28,09:35,09:42,09:49,09:56,10:03,10:10,10:17,10:24,10:31,10:38,10:45,10:52,10:59,11:06,11:13,11:20,11:27,11:34,11:41,11:48,11:55,12:02,12:09,12:16,12:23,12:30,12:37,12:44,12:51,12:58,13:05,13:12,13:19,13:26,13:33,13:40,13:47,13:54,14:01,14:08,14:15,14:22,14:29,14:36,14:43,14:50,14:57,15:04,15:11,15:18,15:25,15:32,15:39,15:46,15:53,16:00,16:07,16:14,16:21,16:28,16:35,16:42,16:49,16:56,17:03,17:10,17:17,17:24,17:31,17:38,17:45,17:52,17:59,18:06,18:13,18:20,18:27,18:34,18:39,18:44,18:49,18:54,18:59,19:04,19:09,19:14,19:19,19:24,19:29,19:34,19:39,19:44,19:49,19:54,19:59,20:04,20:09,20:14,20:19,20:24,20:29,20:36,20:43,20:50,20:57,21:04,21:11,21:18,21:25,21:32,21:39,21:46,21:53,22:00,22:07,22:14,22:21,22:28,22:35,22:42,22:49,22:56,23:03,23:10,23:17,23:24,23:31
33,반도보라아파트,05:29,05:36,05:43,05:50,05:57,06:04,06:11,06:18,06:25,06:32,06:39,06:46,06:53,07:00,07:07,07:14,07:21,07:28,07:35,07:40,07:45,07:50,07:55,08:00,08:05,08:10,08:15,08:20,08:25,08:30,08:35,08:40,08:45,08:50,08:55,09:00,09:05,09:10,09:15,09:20,09:25,09:30,09:37,09:44,09:51,09:58,10:05,10:12,10:19,10:26,10:33,10:40,10:47,10:54,11:01,11:08,11:15,11:22,11:29,11:36,11:43,11:50,11:57,12:04,12:11,12:18,12:25,12:32,12:39,12:46,12:53,13:00,13:07,13:14,13:21,13:28,13:35,13:42,13:49,13:56,14:03,14:10,14:17,14:24,14:31,14:38,14:45,14:52,14:59,15:06,15:13,15:20,15:27,15:34,15:41,15:48,15:55,16:02,16:09,16:16,16:23,16:30,16:37,16:44,16:51,16:58,17:05,17:12,17:19,17:26,17:33,17:40,17:47,17:54,18:01,18:08,18:15,18:22,18:29,18:36,18:41,18:46,18:51,18:56,19:01,19:06,19:11,19:16,19:21,19:26,19:31,19:36,19:41,19:46,19:51,19:56,20:01,20:06,20:11,20:16,20:21,20:26,20:31,20:38,20:45,20:52,20:59,21:06,21:13,21:20,21:27,21:34,21:41,21:48,21:55,22:02,22:09,22:16,22:23,22:30,22:37,22:44,22:51,22:58,23:05,23:12,23:19,23:26,23:33
34,신주례엘지아파트,05:30,05:37,05:44,05:51,05:58,06:05,06:12,06:19,06:26,06:33,06:40,06:47,06:54,07:01,07:08,07:15,07:22,07:29,07:36,07:41,07:46,07:51,07:56,08:01,08:06,08:11,08:16,08:21,08:26,08:31,08:36,08:41,08:46,08:51,08:56,09:01,09:06,09:11,09:16,09:21,09:26,09:31,09:38,09:45,09:52,09:59,10:06,10:13,10:20,10:27,10:34,10:41,10:48,10:55,11:02,11:09,11:16,11:23,11:30,11:37,11:44,11:51,11:58,12:05,12:12,12:19,12:26,12:33,12:40,12:47,12:54,13:01,13:08,13:15,13:22,13:29,13:36,13:43,13:50,13:57,14:04,14:11,14:18,14:25,14:32,14:39,14:46,14:53,15:00,15:07,15:14,15:21,15:28,15:35,15:42,15:49,15:56,16:03,16:10,16:17,16:24,16:31,16:38,16:45,16:52,16:59,17:06,17:13,17:20,17:27,17:34,17:41,17:48,17:55,18:02,18:09,18:16,18:23,18:30,18:37,18:42,18:47,18:52,18:57,19:02,19:07,19:12,19:17,19:22,19:27,19:32,19:37,19:42,19:47,19:52,19:57,20:02,20:07,20:12,20:17,20:22,20:27,20:32,20:39,20:46,20:53,21:00,21:07,21:14,21:21,21:28,21:35,21:42,21:49,21:56,22:03,22:10,22:17,22:24,22:31,22:38,22:45,22:52,22:59,23:06,23:13,23:20,23:27,23:34
35,신개금엘지아파트,05:31,05:38,05:45,05:52,05:59,06:06,06:13,06:20,06:27,06:34,06:41,06:48,06:55,07:02,07:09,07:16,07:23,07:30,07:37,07:42,07:47,07:52,07:57,08:02,08:07,08:12,08:17,08:22,08:27,08:32,08:37,08:42,08:47,08:52,08:57,09:02,09:07,09:12,09:17,09:22,09:27,09:32,09:39,09:46,09:53,10:00,10:07,10:14,10:21,10:28,10:35,10:42,10:49,10:56,11:03,11:10,11:17,11:24,11:31,11:38,11:45,11:52,11:59,12:06,12:13,12:20,12:27,12:34,12:41,12:48,12:55,13:02,13:09,13:16,13:23,13:30,13:37,13:44,13:51,13:58,14:05,14:12,14:19,14:26,14:33,14:40,14:47,14:54,15:01,15:08,15:15,15:22,15:29,15:36,15:43,15:50,15:57,16:04,16:11,16:18,16:25,16:32,16:39,16:46,16:53,17:00,17:07,17:14,17:21,17:28,17:35,17:42,17:49,17:56,18:03,18:10,18:17,18:24,18:31,18:38,18:43,18:48,18:53,18:58,19:03,19:08,19:13,19:18,19:23,19:28,19:33,19:38,19:43,19:48,19:53,19:58,20:03,20:08,20:13,20:18,20:23,20:28,20:33,20:40,20:47,20:54,21:01,21:08,21:15,21:22,21:29,21:36,21:43,21:50,21:57,22:04,22:11,22:18,22:25,22:32,22:39,22:46,22:53,23:00,23:07,23:14,23:21,23:28,23:35
36,개금3동주민센터,05:32,05:39,05:46,05:53,06:00,06:07,06:14,06:21,06:28,06:35,06:42,06:49,06:56,07:03,07:10,07:17,07:24,07:31,07:38,07:43,07:48,07:53,07:58,08:03,08:08,08:13,08:18,08:23,08:28,08:33,08:38,08:43,08:48,08:53,08:58,09:03,09:08,09:13,09:18,09:23,09:28,09:33,09:40,09:47,09:54,10:01,10:08,10:15,10:22,10:29,10:36,10:43,10:50,10:57,11:04,11:11,11:18,11:25,11:32,11:39,11:46,11:53,12:00,12:07,12:14,12:21,12:28,12:35,12:42,12:49,12:56,13:03,13:10,13:17,13:24,13:31,13:38,13:45,13:52,13:59,14:06,14:13,14:20,14:27,14:34,14:41,14:48,14:55,15:02,15:09,15:16,15:23,15:30,15:37,15:44,15:51,15:58,16:05,16:12,16:19,16:26,16:33,16:40,16:47,16:54,17:01,17:08,17:15,17:22,17:29,17:36,17:43,17:50,17:57,18:04,18:11,18:18,18:25,18:32,18:39,18:44,18:49,18:54,18:59,19:04,19:09,19:14,19:19,19:24,19:29,19:34,19:39,19:44,19:49,19:54,19:59,20:04,20:09,20:14,20:19,20:24,20:29,20:34,20:41,20:48,20:55,21:02,21:09,21:16,21:23,21:30,21:37,21:44,21:51,21:58,22:05,22:12,22:19,22:26,22:33,22:40,22:47,22:54,23:01,23:08,23:15,23:22,23:29,23:36
37,한국신발관,05:33,05:40,05:47,05:54,06:01,06:08,06:15,06:22,06:29,06:36,06:43,06:50,06:57,07:04,07:11,07:18,07:25,07:32,07:39,07:44,07:49,07:54,07:59,08:04,08:09,08:14,08:19,08:24,08:29,08:34,08:39,08:44,08:49,08:54,08:59,09:04,09:09,09:14,09:19,09:24,09:29,09:34,09:41,09:48,09:55,10:02,10:09,10:16,10:23,10:30,10:37,10:44,10:51,10:58,11:05,11:12,11:19,11:26,11:33,11:40,11:47,11:54,12:01,12:08,12:15,12:22,12:29,12:36,12:43,12:50,12:57,13:04,13:11,13:18,13:25,13:32,13:39,13:46,13:53,14:00,14:07,14:14,14:21,14:28,14:35,14:42,14:49,14:56,15:03,15:10,15:17,15:24,15:31,15:38,15:45,15:52,15:59,16:06,16:13,16:20,16:27,16:34,16:41,16:48,16:55,17:02,17:09,17:16,17:23,17:30,17:37,17:44,17:51,17:58,18:05,18:12,18:19,18:26,18:33,18:40,18:45,18:50,18:55,19:00,19:05,19:10,19:15,19:20,19:25,19:30,19:35,19:40,19:45,19:50,19:55,20:00,20:05,20:10,20:15,20:20,20:25,20:30,20:35,20:42,20:49,20:56,21:03,21:10,21:17,21:24,21:31,21:38,21:45,21:52,21:59,22:06,22:13,22:20,22:27,22:34,22:41,22:48,22:55,23:02,23:09,23:16,23:23,23:30,23:37
38,개포초등학교,05:34,05:41,05:48,05:55,06:02,06:09,06:16,06:23,06:30,06:37,06:44,06:51,06:58,07:05,07:12,07:19,07:26,07:33,07:40,07:45,07:50,07:55,08:00,08:05,08:10,08:15,08:20,08:25,08:30,08:35,08:40,08:45,08:50,08:55,09:00,09:05,09:10,09:15,09:20,09:25,09:30,09:35,09:42,09:49,09:56,10:03,10:10,10:17,10:24,10:31,10:38,10:45,10:52,10:59,11:06,11:13,11:20,11:27,11:34,11:41,11:48,11:55,12:02,12:09,12:16,12:23,12:30,12:37,12:44,12:51,12:58,13:05,13:12,13:19,13:26,13:33,13:40,13:47,13:54,14:01,14:08,14:15,14:22,14:29,14:36,14:43,14:50,14:57,15:04,15:11,15:18,15:25,15:32,15:39,15:46,15:53,16:00,16:07,16:14,16:21,16:28,16:35,16:42,16:49,16:56,17:03,17:10,17:17,17:24,17:31,17:38,17:45,17:52,17:59,18:06,18:13,18:20,18:27,18:34,18:41,18:46,18:51,18:56,19:01,19:06,19:11,19:16,19:21,19:26,19:31,19:36,19:41,19:46,19:51,19:56,20:01,20:06,20:11,20:16,20:21,20:26,20:31,20:36,20:43,20:50,20:57,21:04,21:11,21:18,21:25,21:32,21:39,21:46,21:53,22:00,22:07,22:14,22:21,22:28,22:35,22:42,22:49,22:56,23:03,23:10,23:17,23:24,23:31,23:38
39,개금주공아파트,05:35,05:42,05:49,05:56,06:03,06:10,06:17,06:24,06:31,06:38,06:45,06:52,06:59,07:06,07:13,07:20,07:27,07:34,07:41,07:46,07:51,07:56,08:01,08:06,08:11,08:16,08:21,08:26,08:31,08:36,08:41,08:46,08:51,08:56,09:01,09:06,09:11,09:16,09:21,09:26,09:31,09:36,09:43,09:50,09:57,10:04,10:11,10:18,10:25,10:32,10:39,10:46,10:53,11:00,11:07,11:14,11:21,11:28,11:35,11:42,11:49,11:56,12:03,12:10,12:17,12:24,12:31,12:38,12:45,12:52,12:59,13:06,13:13,13:20,13:27,13:34,13:41,13:48,13:55,14:02,14:09,14:16,14:23,14:30,14:37,14:44,14:51,14:58,15:05,15:12,15:19,15:26,15:33,15:40,15:47,15:54,16:01,16:08,16:15,16:22,16:29,16:36,16:43,16:50,16:57,17:04,17:11,17:18,17:25,17:32,17:39,17:46,17:53,18:00,18:07,18:14,18:21,18:28,18:35,18:42,18:47,18:52,18:57,19:02,19:07,19:12,19:17,19:22,19:27,19:32,19:37,19:42,19:47,19:52,19:57,20:02,20:07,20:12,20:17,20:22,20:27,20:32,20:37,20:44,20:51,20:58,21:05,21:12,21:19,21:26,21:33,21:40,21:47,21:54,22:01,22:08,22:15,22:22,22:29,22:36,22:43,22:50,22:57,23:04,23:11,23:18,23:25,23:32,23:39
40,당평초등학교,05:36,05:43,05:50,05:57,06:04,06:11,06:18,06:25,06:32,06:39,06:46,06:53,07:00,07:07,07:14,07:21,07:28,07:35,07:42,07:47,07:52,07:57,08:02,08:07,08:12,08:17,08:22,08:27,08:32,08:37,08:42,08:47,08:52,08:57,09:02,09:07,09:12,09:17,09:22,09:27,09:32,09:37,09:44,09:51,09:58,10:05,10:12,10:19,10:26,10:33,10:40,10:47,10:54,11:01,11:08,11:15,11:22,11:29,11:36,11:43,11:50,11:57,12:04,12:11,12:18,12:25,12:32,12:39,12:46,12:53,13:00,13:07,13:14,13:21,13:28,13:35,13:42,13:49,13:56,14:03,14:10,14:17,14:24,14:31,14:38,14:45,14:52,14:59,15:06,15:13,15:20,15:27,15:34,15:41,15:48,15:55,16:02,16:09,16:16,16:23,16:30,16:37,16:44,16:51,16:58,17:05,17:12,17:19,17:26,17:33,17:40,17:47,17:54,18:01,18:08,18:15,18:22,18:29,18:36,18:43,18:48,18:53,18:58,19:03,19:08,19:13,19:18,19:23,19:28,19:33,19:38,19:43,19:48,19:53,19:58,20:03,20:08,20:13,20:18,20:23,20:28,20:33,20:38,20:45,20:52,20:59,21:06,21:13,21:20,21:27,21:34,21:41,21:48,21:55,22:02,22:09,22:16,22:23,22:30,22:37,22:44,22:51,22:58,23:05,23:12,23:19,23:26,23:33,23:40
41,당감입구교차로,05:37,05:44,05:51,05:58,06:05,06:12,06:19,06:26,06:33,06:40,06:47,06:54,07:01,07:08,07:15,07:22,07:29,07:36,07:43,07:48,07:53,07:58,08:03,08:08,08:13,08:18,08:23,08:28,08:33,08:38,08:43,08:48,08:53,08:58,09:03,09:08,09:13,09:18,09:23,09:28,09:33,09:38,09:45,09:52,09:59,10:06,10:13,10:20,10:27,10:34,10:41,10:48,10:55,11:02,11:09,11:16,11:23,11:30,11:37,11:44,11:51,11:58,12:05,12:12,12:19,12:26,12:33,12:40,12:47,12:54,13:01,13:08,13:15,13:22,13:29,13:36,13:43,13:50,13:57,14:04,14:11,14:18,14:25,14:32,14:39,14:46,14:53,15:00,15:07,15:14,15:21,15:28,15:35,15:42,15:49,15:56,16:03,16:10,16:17,16:24,16:31,16:38,16:45,16:52,16:59,17:06,17:13,17:20,17:27,17:34,17:41,17:48,17:55,18:02,18:09,18:16,18:23,18:30,18:37,18:44,18:49,18:54,18:59,19:04,19:09,19:14,19:19,19:24,19:29,19:34,19:39,19:44,19:49,19:54,19:59,20:04,20:09,20:14,20:19,20:24,20:29,20:34,20:39,20:46,20:53,21:00,21:07,21:14,21:21,21:28,21:35,21:42,21:49,21:56,22:03,22:10,22:17,22:24,22:31,22:38,22:45,22:52,22:59,23:06,23:13,23:20,23:27,23:34,23:41
42,당감1치안센터,05:38,05:45,05:52,05:59,06:06,06:13,06:20,06:27,06:34,06:41,06:48,06:55,07:02,07:09,07:16,07:23,07:30,07:37,07:44,07:49,07:54,07:59,08:04,08:09,08:14,08:19,08:24,08:29,08:34,08:39,08:44,08:49,08:54,08:59,09:04,09:09,09:14,09:19,09:24,09:29,09:34,09:39,09:46,09:53,10:00,10:07,10:14,10:21,10:28,10:35,10:42,10:49,10:56,11:03,11:10,11:17,11:24,11:31,11:38,11:45,11:52,11:59,12:06,12:13,12:20,12:27,12:34,12:41,12:48,12:55,13:02,13:09,13:16,13:23,13:30,13:37,13:44,13:51,13:58,14:05,14:12,14:19,14:26,14:33,14:40,14:47,14:54,15:01,15:08,15:15,15:22,15:29,15:36,15:43,15:50,15:57,16:04,16:11,16:18,16:25,16:32,16:39,16:46,16:53,17:00,17:07,17:14,17:21,17:28,17:35,17:42,17:49,17:56,18:03,18:10,18:17,18:24,18:31,18:38,18:45,18:50,18:55,19:00,19:05,19:10,19:15,19:20,19:25,19:30,19:35,19:40,19:45,19:50,19:55,20:00,20:05,20:10,20:15,20:20,20:25,20:30,20:35,20:40,20:47,20:54,21:01,21:08,21:15,21:22,21:29,21:36,21:43,21:50,21:57,22:04,22:11,22:18,22:25,22:32,22:39,22:46,22:53,23:00,23:07,23:14,23:21,23:28,23:35,23:42
43,진양교차로,05:39,05:46,05:53,06:00,06:07,06:14,06:21,06:28,06:35,06:42,06:49,06:56,07:03,07:10,07:17,07:24,07:31,07:38,07:45,07:50,07:55,08:00,08:05,08:10,08:15,08:20,08:25,08:30,08:35,08:40,08:45,08:50,08:55,09:00,09:05,09:10,09:15,09:20,09:25,09:30,09:35,09:40,09:47,09:54,10:01,10:08,10:15,10:22,10:29,10:36,10:43,10:50,10:57,11:04,11:11,11:18,11:25,11:32,11:39,11:46,11:53,12:00,12:07,12:14,12:21,12:28,12:35,12:42,12:49,12:56,13:03,13:10,13:17,13:24,13:31,13:38,13:45,13:52,13:59,14:06,14:13,14:20,14:27,14:34,14:41,14:48,14:55,15:02,15:09,15:16,15:23,15:30,15:37,15:44,15:51,15:58,16:05,16:12,16:19,16:26,16:33,16:40,16:47,16:54,17:01,17:08,17:15,17:22,17:29,17:36,17:43,17:50,17:57,18:04,18:11,18:18,18:25,18:32,18:39,18:46,18:51,18:56,19:01,19:06,19:11,19:16,19:21,19:26,19:31,19:36,19:41,19:46,19:51,19:56,20:01,20:06,20:11,20:16,20:21,20:26,20:31,20:36,20:41,20:48,20:55,21:02,21:09,21:16,21:23,21:30,21:37,21:44,21:51,21:58,22:05,22:12,22:19,22:26,22:33,22:40,22:47,22:54,23:01,23:08,23:15,23:22,23:29,23:36,23:43
44,부암역.당감입구,05:40,05:47,05:54,06:01,06:08,06:15,06:22,06:29,06:36,06:43,06:50,06:57,07:04,07:11,07:18,07:25,07:32,07:39,07:46,07:51,07:56,08:01,08:06,08:11,08:16,08:21,08:26,08:31,08:36,08:41,08:46,08:51,08:56,09:01,09:06,09:11,09:16,09:21,09:26,09:31,09:36,09:41,09:48,09:55,10:02,10:09,10:16,10:23,10:30,10:37,10:44,10:51,10:58,11:05,11:12,11:19,11:26,11:33,11:40,11:47,11:54,12:01,12:08,12:15,12:22,12:29,12:36,12:43,12:50,12:57,13:04,13:11,13:18,13:25,13:32,13:39,13:46,13:53,14:00,14:07,14:14,14:21,14:28,14:35,14:42,14:49,14:56,15:03,15:10,15:17,15:24,15:31,15:38,15:45,15:52,15:59,16:06,16:13,16:20,16:27,16:34,16:41,16:48,16:55,17:02,17:09,17:16,17:23,17:30,17:37,17:44,17:51,17:58,18:05,18:12,18:19,18:26,18:33,18:40,18:47,18:52,18:57,19:02,19:07,19:12,19:17,19:22,19:27,19:32,19:37,19:42,19:47,19:52,19:57,20:02,20:07,20:12,20:17,20:22,20:27,20:32,20:37,20:42,20:49,20:56,21:03,21:10,21:17,21:24,21:31,21:38,21:45,21:52,21:59,22:06,22:13,22:20,22:27,22:34,22:41,22:48,22:55,23:02,23:09,23:16,23:23,23:30,23:37,23:44
45,부산글로벌빌리지,05:41,05:48,05:55,06:02,06:09,06:16,06:23,06:30,06:37,06:44,06:51,06:58,07:05,07:12,07:19,07:26,07:33,07:40,07:47,07:52,07:57,08:02,08:07,08:12,08:17,08:22,08:27,08:32,08:37,08:42,08:47,08:52,08:57,09:02,09:07,09:12,09:17,09:22,09:27,09:32,09:37,09:42,09:49,09:56,10:03,10:10,10:17,10:24,10:31,10:38,10:45,10:52,10:59,11:06,11:13,11:20,11:27,11:34,11:41,11:48,11:55,12:02,12:09,12:16,12:23,12:30,12:37,12:44,12:51,12:58,13:05,13:12,13:19,13:26,13:33,13:40,13:47,13:54,14:01,14:08,14:15,14:22,14:29,14:36,14:43,14:50,14:57,15:04,15:11,15:18,15:25,15:32,15:39,15:46,15:53,16:00,16:07,16:14,16:21,16:28,16:35,16:42,16:49,16:56,17:03,17:10,17:17,17:24,17:31,17:38,17:45,17:52,17:59,18:06,18:13,18:20,18:27,18:34,18:41,18:48,18:53,18:58,19:03,19:08,19:13,19:18,19:23,19:28,19:33,19:38,19:43,19:48,19:53,19:58,20:03,20:08,20:13,20:18,20:23,20:28,20:33,20:38,20:43,20:50,20:57,21:04,21:11,21:18,21:25,21:32,21:39,21:46,21:53,22:00,22:07,22:14,22:21,22:28,22:35,22:42,22:49,22:56,23:03,23:10,23:17,23:24,23:31,23:38,23:45
46,서면역.롯데호텔백화점,05:43,05:50,05:57,06:04,06:11,06:18,06:25,06:32,06:39,06:46,06:53,07:00,07:07,07:14,07:21,07:28,07:35,07:42,07:49,07:54,07:59,08:04,08:09,08:14,08:19,08:24,08:29,08:34,08:39,08:44,08:49,08:54,08:59,09:04,09:09,09:14,09:19,09:24,09:29,09:34,09:39,09:44,09:51,09:58,10:05,10:12,10:19,10:26,10:33,10:40,10:47,10:54,11:01,11:08,11:15,11:22,11:29,11:36,11:43,11:50,11:57,12:04,12:11,12:18,12:25,12:32,12:39,12:46,12:53,13:00,13:07,13:14,13:21,13:28,13:35,13:42,13:49,13:56,14:03,14:10,14:17,14:24,14:31,14:38,14:45,14:52,14:59,15:06,15:13,15:20,15:27,15:34,15:41,15:48,15:55,16:02,16:09,16:16,16:23,16:30,16:37,16:44,16:51,16:58,17:05,17:12,17:19,17:26,17:33,17:40,17:47,17:54,18:01,18:08,18:15,18:22,18:29,18:36,18:43,18:50,18:55,19:00,19:05,19:10,19:15,19:20,19:25,19:30,19:35,19:40,19:45,19:50,19:55,20:00,20:05,20:10,20:15,20:20,20:25,20:30,20:35,20:40,20:45,20:52,20:59,21:06,21:13,21:20,21:27,21:34,21:41,21:48,21:55,22:02,22:09,22:16,22:23,22:30,22:37,22:44,22:51,22:58,23:05,23:12,23:19,23:26,23:33,23:40,23:47
47,서면부속상가,05:45,05:52,05:59,06:06,06:13,06:20,06:27,06:34,06:41,06:48,06:55,07:02,07:09,07:16,07:23,07:30,07:37,07:44,07:51,07:56,08:01,08:06,08:11,08:16,08:21,08:26,08:31,08:36,08:41,08:46,08:51,08:56,09:01,09:06,09:11,09:16,09:21,09:26,09:31,09:36,09:41,09:46,09:53,10:00,10:07,10:14,10:21,10:28,10:35,10:42,10:49,10:56,11:03,11:10,11:17,11:24,11:31,11:38,11:45,11:52,11:59,12:06,12:13,12:20,12:27,12:34,12:41,12:48,12:55,13:02,13:09,13:16,13:23,13:30,13:37,13:44,13:51,13:58,14:05,14:12,14:19,14:26,14:33,14:40,14:47,14:54,15:01,15:08,15:15,15:22,15:29,15:36,15:43,15:50,15:57,16:04,16:11,16:18,16:25,16:32,16:39,16:46,16:53,17:00,17:07,17:14,17:21,17:28,17:35,17:42,17:49,17:56,18:03,18:10,18:17,18:24,18:31,18:38,18:45,18:52,18:57,19:02,19:07,19:12,19:17,19:22,19:27,19:32,19:37,19:42,19:47,19:52,19:57,20:02,20:07,20:12,20:17,20:22,20:27,20:32,20:37,20:42,20:47,20:54,21:01,21:08,21:15,21:22,21:29,21:36,21:43,21:50,21:57,22:04,22:11,22:18,22:25,22:32,22:39,22:46,22:53,23:00,23:07,23:14,23:21,23:28,23:35,23:42,23:49
48,부전도서관,05:47,05:54,06:01,06:08,06:15,06:22,06:29,06:36,06:43,06:50,06:57,07:04,07:11,07:18,07:25,07:32,07:39,07:46,07:53,07:58,08:03,08:08,08:13,08:18,08:23,08:28,08:33,08:38,08:43,08:48,08:53,08:58,09:03,09:08,09:13,09:18,09:23,09:28,09:33,09:38,09:43,09:48,09:55,10:02,10:09,10:16,10:23,10:30,10:37,10:44,10:51,10:58,11:05,11:12,11:19,11:26,11:33,11:40,11:47,11:54,12:01,12:08,12:15,12:22,12:29,12:36,12:43,12:50,12:57,13:04,13:11,13:18,13:25,13:32,13:39,13:46,13:53,14:00,14:07,14:14,14:21,14:28,14:35,14:42,14:49,14:56,15:03,15:10,15:17,15:24,15:31,15:38,15:45,15:52,15:59,16:06,16:13,16:20,16:27,16:34,16:41,16:48,16:55,17:02,17:09,17:16,17:23,17:30,17:37,17:44,17:51,17:58,18:05,18:12,18:19,18:26,18:33,18:40,18:47,18:54,18:59,19:04,19:09,19:14,19:19,19:24,19:29,19:34,19:39,19:44,19:49,19:54,19:59,20:04,20:09,20:14,20:19,20:24,20:29,20:34,20:39,20:44,20:49,20:56,21:03,21:10,21:17,21:24,21:31,21:38,21:45,21:52,21:59,22:06,22:13,22:20,22:27,22:34,22:41,22:48,22:55,23:02,23:09,23:16,23:23,23:30,23:37,23:44,23:51
49,경남공고,05:48,05:55,06:02,06:09,06:16,06:23,06:30,06:37,06:44,06:51,06:58,07:05,07:12,07:19,07:26,07:33,07:40,07:47,07:54,07:59,08:04,08:09,08:14,08:19,08:24,08:29,08:34,08:39,08:44,08:49,08:54,08:59,09:04,09:09,09:14,09:19,09:24,09:29,09:34,09:39,09:44,09:49,09:56,10:03,10:10,10:17,10:24,10:31,10:38,10:45,10:52,10:59,11:06,11:13,11:20,11:27,11:34,11:41,11:48,11:55,12:02,12:09,12:16,12:23,12:30,12:37,12:44,12:51,12:58,13:05,13:12,13:19,13:26,13:33,13:40,13:47,13:54,14:01,14:08,14:15,14:22,14:29,14:36,14:43,14:50,14:57,15:04,15:11,15:18,15:25,15:32,15:39,15:46,15:53,16:00,16:07,16:14,16:21,16:28,16:35,16:42,16:49,16:56,17:03,17:10,17:17,17:24,17:31,17:38,17:45,17:52,17:59,18:06,18:13,18:20,18:27,18:34,18:41,18:48,18:55,19:00,19:05,19:10,19:15,19:20,19:25,19:30,19:35,19:40,19:45,19:50,19:55,20:00,20:05,20:10,20:15,20:20,20:25,20:30,20:35,20:40,20:45,20:50,20:57,21:04,21:11,21:18,21:25,21:32,21:39,21:46,21:53,22:00,22:07,22:14,22:21,22:28,22:35,22:42,22:49,22:56,23:03,23:10,23:17,23:24,23:31,23:38,23:45,23:52
50,서면한전,05:51,05:58,06:05,06:12,06:19,06:26,06:33,06:40,06:47,06:54,07:01,07:08,07:15,07:22,07:29,07:36,07:43,07:50,07:57,08:02,08:07,08:12,08:17,08:22,08:27,08:32,08:37,08:42,08:47,08:52,08:57,09:02,09:07,09:12,09:17,09:22,09:27,09:32,09:37,09:42,09:47,09:52,09:59,10:06,10:13,10:20,10:27,10:34,10:41,10:48,10:55,11:02,11:09,11:16,11:23,11:30,11:37,11:44,11:51,11:58,12:05,12:12,12:19,12:26,12:33,12:40,12:47,12:54,13:01,13:08,13:15,13:22,13:29,13:36,13:43,13:50,13:57,14:04,14:11,14:18,14:25,14:32,14:39,14:46,14:53,15:00,15:07,15:14,15:21,15:28,15:35,15:42,15:49,15:56,16:03,16:10,16:17,16:24,16:31,16:38,16:45,16:52,16:59,17:06,17:13,17:20,17:27,17:34,17:41,17:48,17:55,18:02,18:09,18:16,18:23,18:30,18:37,18:44,18:51,18:58,19:03,19:08,19:13,19:18,19:23,19:28,19:33,19:38,19:43,19:48,19:53,19:58,20:03,20:08,20:13,20:18,20:23,20:28,20:33,20:38,20:43,20:48,20:53,21:00,21:07,21:14,21:21,21:28,21:35,21:42,21:49,21:56,22:03,22:10,22:17,22:24,22:31,22:38,22:45,22:52,22:59,23:06,23:13,23:20,23:27,23:34,23:41,23:48,23:55
51,서면역.서면지하상가,05:52,05:59,06:06,06:13,06:20,06:27,06:34,06:41,06:48,06:55,07:02,07:09,07:16,07:23,07:30,07:37,07:44,07:51,07:58,08:03,08:08,08:13,08:18,08:23,08:28,08:33,08:38,08:43,08:48,08:53,08:58,09:03,09:08,09:13,09:18,09:23,09:28,09:33,09:38,09:43,09:48,09:53,10:00,10:07,10:14,10:21,10:28,10:35,10:42,10:49,10:56,11:03,11:10,11:17,11:24,11:31,11:38,11:45,11:52,11:59,12:06,12:13,12:20,12:27,12:34,12:41,12:48,12:55,13:02,13:09,13:16,13:23,13:30,13:37,13:44,13:51,13:58,14:05,14:12,14:19,14:26,14:33,14:40,14:47,14:54,15:01,15:08,15:15,15:22,15:29,15:36,15:43,15:50,15:57,16:04,16:11,16:18,16:25,16:32,16:39,16:46,16:53,17:00,17:07,17:14,17:21,17:28,17:35,17:42,17:49,17:56,18:03,18:10,18:17,18:24,18:31,18:38,18:45,18:52,18:59,19:04,19:09,19:14,19:19,19:24,19:29,19:34,19:39,19:44,19:49,19:54,19:59,20:04,20:09,20:14,20:19,20:24,20:29,20:34,20:39,20:44,20:49,20:54,21:01,21:08,21:15,21:22,21:29,21:36,21:43,21:50,21:57,22:04,22:11,22:18,22:25,22:32,22:39,22:46,22:53,23:00,23:07,23:14,23:21,23:28,23:35,23:42,23:49,23:56
52,서면역.롯데호텔백화점,05:54,06:01,06:08,06:15,06:22,06:29,06:36,06:43,06:50,06:57,07:04,07:11,07:18,07:25,07:32,07:39,07:46,07:53,08:00,08:05,08:10,08:15,08:20,08:25,08:30,08:35,08:40,08:45,08:50,08:55,09:00,09:05,09:10,09:15,09:20,09:25,09:30,09:35,09:40,09:45,09:50,09:55,10:02,10:09,10:16,10:23,10:30,10:37,10:44,10:51,10:58,11:05,11:12,11:19,11:26,11:33,11:40,11:47,11:54,12:01,12:08,12:15,12:22,12:29,12:36,12:43,12:50,12:57,13:04,13:11,13:18,13:25,13:32,13:39,13:46,13:53,14:00,14:07,14:14,14:21,14:28,14:35,14:42,14:49,14:56,15:03,15:10,15:17,15:24,15:31,15:38,15:45,15:52,15:59,16:06,16:13,16:20,16:27,16:34,16:41,16:48,16:55,17:02,17:09,17:16,17:23,17:30,17:37,17:44,17:51,17:58,18:05,18:12,18:19,18:26,18:33,18:40,18:47,18:54,19:01,19:06,19:11,19:16,19:21,19:26,19:31,19:36,19:41,19:46,19:51,19:56,20:01,20:06,20:11,20:16,20:21,20:26,20:31,20:36,20:41,20:46,20:51,20:56,21:03,21:10,21:17,21:24,21:31,21:38,21:45,21:52,21:59,22:06,22:13,22:20,22:27,22:34,22:41,22:48,22:55,23:02,23:09,23:16,23:23,23:30,23:37,23:44,23:51,23:58
53,부암역.당감입구,05:57,06:04,06:11,06:18,06:25,06:32,06:39,06:46,06:53,07:00,07:07,07:14,07:21,07:28,07:35,07:42,07:49,07:56,08:03,08:08,08:13,08:18,08:23,08:28,08:33,08:38,08:43,08:48,08:53,08:58,09:03,09:08,09:13,09:18,09:23,09:28,09:33,09:38,09:43,09:48,09:53,09:58,10:05,10:12,10:19,10:26,10:33,10:40,10:47,10:54,11:01,11:08,11:15,11:22,11:29,11:36,11:43,11:50,11:57,12:04,12:11,12:18,12:25,12:32,12:39,12:46,12:53,13:00,13:07,13:14,13:21,13:28,13:35,13:42,13:49,13:56,14:03,14:10,14:17,14:24,14:31,14:38,14:45,14:52,14:59,15:06,15:13,15:20,15:27,15:34,15:41,15:48,15:55,16:02,16:09,16:16,16:23,16:30,16:37,16:44,16:51,16:58,17:05,17:12,17:19,17:26,17:33,17:40,17:47,17:54,18:01,18:08,18:15,18:22,18:29,18:36,18:43,18:50,18:57,19:04,19:09,19:14,19:19,19:24,19:29,19:34,19:39,19:44,19:49,19:54,19:59,20:04,20:09,20:14,20:19,20:24,20:29,20:34,20:39,20:44,20:49,20:54,20:59,21:06,21:13,21:20,21:27,21:34,21:41,21:48,21:55,22:02,22:09,22:16,22:23,22:30,22:37,22:44,22:51,22:58,23:05,23:12,23:19,23:26,23:33,23:40,23:47,23:54,00:01
54,진양교차로,06:00,06:07,06:14,06:21,06:28,06:35,06:42,06:49,06:56,07:03,07:10,07:17,07:24,07:31,07:38,07:45,07:52,07:59,08:06,08:11,08:16,08:21,08:26,08:31,08:36,08:41,08:46,08:51,08:56,09:01,09:06,09:11,09:16,09:21,09:26,09:31,09:36,09:41,09:46,09:51,09:56,10:01,10:08,10:15,10:22,10:29,10:36,10:43,10:50,10:57,11:04,11:11,11:18,11:25,11:32,11:39,11:46,11:53,12:00,12:07,12:14,12:21,12:28,12:35,12:42,12:49,12:56,13:03,13:10,13:17,13:24,13:31,13:38,13:45,13:52,13:59,14:06,14:13,14:20,14:27,14:34,14:41,14:48,14:55,15:02,15:09,15:16,15:23,15:30,15:37,15:44,15:51,15:58,16:05,16:12,16:19,16:26,16:33,16:40,16:47,16:54,17:01,17:08,17:15,17:22,17:29,17:36,17:43,17:50,17:57,18:04,18:11,18:18,18:25,18:32,18:39,18:46,18:53,19:00,19:07,19:12,19:17,19:22,19:27,19:32,19:37,19:42,19:47,19:52,19:57,20:02,20:07,20:12,20:17,20:22,20:27,20:32,20:37,20:42,20:47,20:52,20:57,21:02,21:09,21:16,21:23,21:30,21:37,21:44,21:51,21:58,22:05,22:12,22:19,22:26,22:33,22:40,22:47,22:54,23:01,23:08,23:15,23:22,23:29,23:36,23:43,23:50,23:57,00:04
55,당감1치안센터,06:00,06:07,06:14,06:21,06:28,06:35,06:42,06:49,06:56,07:03,07:10,07:17,07:24,07:31,07:38,07:45,07:52,07:59,08:06,08:11,08:16,08:21,08:26,08:31,08:36,08:41,08:46,08:51,08:56,09:01,09:06,09:11,09:16,09:21,09:26,09:31,09:36,09:41,09:46,09:51,09:56,10:01,10:08,10:15,10:22,10:29,10:36,10:43,10:50,10:57,11:04,11:11,11:18,11:25,11:32,11:39,11:46,11:53,12:00,12:07,12:14,12:21,12:28,12:35,12:42,12:49,12:56,13:03,13:10,13:17,13:24,13:31,13:38,13:45,13:52,13:59,14:06,14:13,14:20,14:27,14:34,14:41,14:48,14:55,15:02,15:09,15:16,15:23,15:30,15:37,15:44,15:51,15:58,16:05,16:12,16:19,16:26,16:33,16:40,16:47,16:54,17:01,17:08,17:15,17:22,17:29,17:36,17:43,17:50,17:57,18:04,18:11,18:18,18:25,18:32,18:39,18:46,18:53,19:00,19:07,19:12,19:17,19:22,19:27,19:32,19:37,19:42,19:47,19:52,19:57,20:02,20:07,20:12,20:17,20:22,20:27,20:32,20:37,20:42,20:47,20:52,20:57,21:02,21:09,21:16,21:23,21:30,21:37,21:44,21:51,21:58,22:05,22:12,22:19,22:26,22:33,22:40,22:47,22:54,23:01,23:08,23:15,23:22,23:29,23:36,23:43,23:50,23:57,00:04
56,당감입구교차로,06:01,06:08,06:15,06:22,06:29,06:36,06:43,06:50,06:57,07:04,07:11,07:18,07:25,07:32,07:39,07:46,07:53,08:00,08:07,08:12,08:17,08:22,08:27,08:32,08:37,08:42,08:47,08:52,08:57,09:02,09:07,09:12,09:17,09:22,09:27,09:32,09:37,09:42,09:47,09:52,09:57,10:02,10:09,10:16,10:23,10:30,10:37,10:44,10:51,10:58,11:05,11:12,11:19,11:26,11:33,11:40,11:47,11:54,12:01,12:08,12:15,12:22,12:29,12:36,12:43,12:50,12:57,13:04,13:11,13:18,13:25,13:32,13:39,13:46,13:53,14:00,14:07,14:14,14:21,14:28,14:35,14:42,14:49,14:56,15:03,15:10,15:17,15:24,15:31,15:38,15:45,15:52,15:59,16:06,16:13,16:20,16:27,16:34,16:41,16:48,16:55,17:02,17:09,17:16,17:23,17:30,17:37,17:44,17:51,17:58,18:05,18:12,18:19,18:26,18:33,18:40,18:47,18:54,19:01,19:08,19:13,19:18,19:23,19:28,19:33,19:38,19:43,19:48,19:53,19:58,20:03,20:08,20:13,20:18,20:23,20:28,20:33,20:38,20:43,20:48,20:53,20:58,21:03,21:10,21:17,21:24,21:31,21:38,21:45,21:52,21:59,22:06,22:13,22:20,22:27,22:34,22:41,22:48,22:55,23:02,23:09,23:16,23:23,23:30,23:37,23:44,23:51,23:58,00:05
57,당평초등학교,06:02,06:09,06:16,06:23,06:30,06:37,06:44,06:51,06:58,07:05,07:12,07:19,07:26,07:33,07:40,07:47,07:54,08:01,08:08,08:13,08:18,08:23,08:28,08:33,08:38,08:43,08:48,08:53,08:58,09:03,09:08,09:13,09:18,09:23,09:28,09:33,09:38,09:43,09:48,09:53,09:58,10:03,10:10,10:17,10:24,10:31,10:38,10:45,10:52,10:59,11:06,11:13,11:20,11:27,11:34,11:41,11:48,11:55,12:02,12:09,12:16,12:23,12:30,12:37,12:44,12:51,12:58,13:05,13:12,13:19,13:26,13:33,13:40,13:47,13:54,14:01,14:08,14:15,14:22,14:29,14:36,14:43,14:50,14:57,15:04,15:11,15:18,15:25,15:32,15:39,15:46,15:53,16:00,16:07,16:14,16:21,16:28,16:35,16:42,16:49,16:56,17:03,17:10,17:17,17:24,17:31,17:38,17:45,17:52,17:59,18:06,18:13,18:20,18:27,18:34,18:41,18:48,18:55,19:02,19:09,19:14,19:19,19:24,19:29,19:34,19:39,19:44,19:49,19:54,19:59,20:04,20:09,20:14,20:19,20:24,20:29,20:34,20:39,20:44,20:49,20:54,20:59,21:04,21:11,21:18,21:25,21:32,21:39,21:46,21:53,22:00,22:07,22:14,22:21,22:28,22:35,22:42,22:49,22:56,23:03,23:10,23:17,23:24,23:31,23:38,23:45,23:52,23:59,00:06
58,당감3동우체국,06:03,06:10,06:17,06:24,06:31,06:38,06:45,06:52,06:59,07:06,07:13,07:20,07:27,07:34,07:41,07:48,07:55,08:02,08:09,08:14,08:19,08:24,08:29,08:34,08:39,08:44,08:49,08:54,08:59,09:04,09:09,09:14,09:19,09:24,09:29,09:34,09:39,09:44,09:49,09:54,09:59,10:04,10:11,10:18,10:25,10:32,10:39,10:46,10:53,11:00,11:07,11:14,11:21,11:28,11:35,11:42,11:49,11:56,12:03,12:10,12:17,12:24,12:31,12:38,12:45,12:52,12:59,13:06,13:13,13:20,13:27,13:34,13:41,13:48,13:55,14:02,14:09,14:16,14:23,14:30,14:37,14:44,14:51,14:58,15:05,15:12,15:19,15:26,15:33,15:40,15:47,15:54,16:01,16:08,16:15,16:22,16:29,16:36,16:43,16:50,16:57,17:04,17:11,17:18,17:25,17:32,17:39,17:46,17:53,18:00,18:07,18:14,18:21,18:28,18:35,18:42,18:49,18:56,19:03,19:10,19:15,19:20,19:25,19:30,19:35,19:40,19:45,19:50,19:55,20:00,20:05,20:10,20:15,20:20,20:25,20:30,20:35,20:40,20:45,20:50,20:55,21:00,21:05,21:12,21:19,21:26,21:33,21:40,21:47,21:54,22:01,22:08,22:15,22:22,22:29,22:36,22:43,22:50,22:57,23:04,23:11,23:18,23:25,23:32,23:39,23:46,23:53,00:00,00:07
59,개금주공아파트,06:04,06:11,06:18,06:25,06:32,06:39,06:46,06:53,07:00,07:07,07:14,07:21,07:28,07:35,07:42,07:49,07:56,08:03,08:10,08:15,08:20,08:25,08:30,08:35,08:40,08:45,08:50,08:55,09:00,09:05,09:10,09:15,09:20,09:25,09:30,09:35,09:40,09:45,09:50,09:55,10:00,10:05,10:12,10:19,10:26,10:33,10:40,10:47,10:54,11:01,11:08,11:15,11:22,11:29,11:36,11:43,11:50,11:57,12:04,12:11,12:18,12:25,12:32,12:39,12:46,12:53,13:00,13:07,13:14,13:21,13:28,13:35,13:42,13:49,13:56,14:03,14:10,14:17,14:24,14:31,14:38,14:45,14:52,14:59,15:06,15:13,15:20,15:27,15:34,15:41,15:48,15:55,16:02,16:09,16:16,16:23,16:30,16:37,16:44,16:51,16:58,17:05,17:12,17:19,17:26,17:33,17:40,17:47,17:54,18:01,18:08,18:15,18:22,18:29,18:36,18:43,18:50,18:57,19:04,19:11,19:16,19:21,19:26,19:31,19:36,19:41,19:46,19:51,19:56,20:01,20:06,20:11,20:16,20:21,20:26,20:31,20:36,20:41,20:46,20:51,20:56,21:01,21:06,21:13,21:20,21:27,21:34,21:41,21:48,21:55,22:02,22:09,22:16,22:23,22:30,22:37,22:44,22:51,22:58,23:05,23:12,23:19,23:26,23:33,23:40,23:47,23:54,00:01,00:08
60,개포초등학교,06:05,06:12,06:19,06:26,06:33,06:40,06:47,06:54,07:01,07:08,07:15,07:22,07:29,07:36,07:43,07:50,07:57,08:04,08:11,08:16,08:21,08:26,08:31,08:36,08:41,08:46,08:51,08:56,09:01,09:06,09:11,09:16,09:21,09:26,09:31,09:36,09:41,09:46,09:51,09:56,10:01,10:06,10:13,10:20,10:27,10:34,10:41,10:48,10:55,11:02,11:09,11:16,11:23,11:30,11:37,11:44,11:51,11:58,12:05,12:12,12:19,12:26,12:33,12:40,12:47,12:54,13:01,13:08,13:15,13:22,13:29,13:36,13:43,13:50,13:57,14:04,14:11,14:18,14:25,14:32,14:39,14:46,14:53,15:00,15:07,15:14,15:21,15:28,15:35,15:42,15:49,15:56,16:03,16:10,16:17,16:24,16:31,16:38,16:45,16:52,16:59,17:06,17:13,17:20,17:27,17:34,17:41,17:48,17:55,18:02,18:09,18:16,18:23,18:30,18:37,18:44,18:51,18:58,19:05,19:12,19:17,19:22,19:27,19:32,19:37,19:42,19:47,19:52,19:57,20:02,20:07,20:12,20:17,20:22,20:27,20:32,20:37,20:42,20:47,20:52,20:57,21:02,21:07,21:14,21:21,21:28,21:35,21:42,21:49,21:56,22:03,22:10,22:17,22:24,22:31,22:38,22:45,22:52,22:59,23:06,23:13,23:20,23:27,23:34,23:41,23:48,23:55,00:02,00:09
61,한국신발관,06:06,06:13,06:20,06:27,06:34,06:41,06:48,06:55,07:02,07:09,07:16,07:23,07:30,07:37,07:44,07:51,07:58,08:05,08:12,08:17,08:22,08:27,08:32,08:37,08:42,08:47,08:52,08:57,09:02,09:07,09:12,09:17,09:22,09:27,09:32,09:37,09:42,09:47,09:52,09:57,10:02,10:07,10:14,10:21,10:28,10:35,10:42,10:49,10:56,11:03,11:10,11:17,11:24,11:31,11:38,11:45,11:52,11:59,12:06,12:13,12:20,12:27,12:34,12:41,12:48,12:55,13:02,13:09,13:16,13:23,13:30,13:37,13:44,13:51,13:58,14:05,14:12,14:19,14:26,14:33,14:40,14:47,14:54,15:01,15:08,15:15,15:22,15:29,15:36,15:43,15:50,15:57,16:04,16:11,16:18,16:25,16:32,16:39,16:46,16:53,17:00,17:07,17:14,17:21,17:28,17:35,17:42,17:49,17:56,18:03,18:10,18:17,18:24,18:31,18:38,18:45,18:52,18:59,19:06,19:13,19:18,19:23,19:28,19:33,19:38,19:43,19:48,19:53,19:58,20:03,20:08,20:13,20:18,20:23,20:28,20:33,20:38,20:43,20:48,20:53,20:58,21:03,21:08,21:15,21:22,21:29,21:36,21:43,21:50,21:57,22:04,22:11,22:18,22:25,22:32,22:39,22:46,22:53,23:00,23:07,23:14,23:21,23:28,23:35,23:42,23:49,23:56,00:03,00:10
62,개금3동주민센터,06:07,06:14,06:21,06:28,06:35,06:42,06:49,06:56,07:03,07:10,07:17,07:24,07:31,07:38,07:45,07:52,07:59,08:06,08:13,08:18,08:23,08:28,08:33,08:38,08:43,08:48,08:53,08:58,09:03,09:08,09:13,09:18,09:23,09:28,09:33,09:38,09:43,09:48,09:53,09:58,10:03,10:08,10:15,10:22,10:29,10:36,10:43,10:50,10:57,11:04,11:11,11:18,11:25,11:32,11:39,11:46,11:53,12:00,12:07,12:14,12:21,12:28,12:35,12:42,12:49,12:56,13:03,13:10,13:17,13:24,13:31,13:38,13:45,13:52,13:59,14:06,14:13,14:20,14:27,14:34,14:41,14:48,14:55,15:02,15:09,15:16,15:23,15:30,15:37,15:44,15:51,15:58,16:05,16:12,16:19,16:26,16:33,16:40,16:47,16:54,17:01,17:08,17:15,17:22,17:29,17:36,17:43,17:50,17:57,18:04,18:11,18:18,18:25,18:32,18:39,18:46,18:53,19:00,19:07,19:14,19:19,19:24,19:29,19:34,19:39,19:44,19:49,19:54,19:59,20:04,20:09,20:14,20:19,20:24,20:29,20:34,20:39,20:44,20:49,20:54,20:59,21:04,21:09,21:16,21:23,21:30,21:37,21:44,21:51,21:58,22:05,22:12,22:19,22:26,22:33,22:40,22:47,22:54,23:01,23:08,23:15,23:22,23:29,23:36,23:43,23:50,23:57,00:04,00:11
63,신개금엘지아파트,06:08,06:15,06:22,06:29,06:36,06:43,06:50,06:57,07:04,07:11,07:18,07:25,07:32,07:39,07:46,07:53,08:00,08:07,08:14,08:19,08:24,08:29,08:34,08:39,08:44,08:49,08:54,08:59,09:04,09:09,09:14,09:19,09:24,09:29,09:34,09:39,09:44,09:49,09:54,09:59,10:04,10:09,10:16,10:23,10:30,10:37,10:44,10:51,10:58,11:05,11:12,11:19,11:26,11:33,11:40,11:47,11:54,12:01,12:08,12:15,12:22,12:29,12:36,12:43,12:50,12:57,13:04,13:11,13:18,13:25,13:32,13:39,13:46,13:53,14:00,14:07,14:14,14:21,14:28,14:35,14:42,14:49,14:56,15:03,15:10,15:17,15:24,15:31,15:38,15:45,15:52,15:59,16:06,16:13,16:20,16:27,16:34,16:41,16:48,16:55,17:02,17:09,17:16,17:23,17:30,17:37,17:44,17:51,17:58,18:05,18:12,18:19,18:26,18:33,18:40,18:47,18:54,19:01,19:08,19:15,19:20,19:25,19:30,19:35,19:40,19:45,19:50,19:55,20:00,20:05,20:10,20:15,20:20,20:25,20:30,20:35,20:40,20:45,20:50,20:55,21:00,21:05,21:10,21:17,21:24,21:31,21:38,21:45,21:52,21:59,22:06,22:13,22:20,22:27,22:34,22:41,22:48,22:55,23:02,23:09,23:16,23:23,23:30,23:37,23:44,23:51,23:58,00:05,00:12
64,신주례엘지아파트,06:09,06:16,06:23,06:30,06:37,06:44,06:51,06:58,07:05,07:12,07:19,07:26,07:33,07:40,07:47,07:54,08:01,08:08,08:15,08:20,08:25,08:30,08:35,08:40,08:45,08:50,08:55,09:00,09:05,09:10,09:15,09:20,09:25,09:30,09:35,09:40,09:45,09:50,09:55,10:00,10:05,10:10,10:17,10:24,10:31,10:38,10:45,10:52,10:59,11:06,11:13,11:20,11:27,11:34,11:41,11:48,11:55,12:02,12:09,12:16,12:23,12:30,12:37,12:44,12:51,12:58,13:05,13:12,13:19,13:26,13:33,13:40,13:47,13:54,14:01,14:08,14:15,14:22,14:29,14:36,14:43,14:50,14:57,15:04,15:11,15:18,15:25,15:32,15:39,15:46,15:53,16:00,16:07,16:14,16:21,16:28,16:35,16:42,16:49,16:56,17:03,17:10,17:17,17:24,17:31,17:38,17:45,17:52,17:59,18:06,18:13,18:20,18:27,18:34,18:41,18:48,18:55,19:02,19:09,19:16,19:21,19:26,19:31,19:36,19:41,19:46,19:51,19:56,20:01,20:06,20:11,20:16,20:21,20:26,20:31,20:36,20:41,20:46,20:51,20:56,21:01,21:06,21:11,21:18,21:25,21:32,21:39,21:46,21:53,22:00,22:07,22:14,22:21,22:28,22:35,22:42,22:49,22:56,23:03,23:10,23:17,23:24,23:31,23:38,23:45,23:52,23:59,00:06,00:13
65,반도보라아파트,06:10,06:17,06:24,06:31,06:38,06:45,06:52,06:59,07:06,07:13,07:20,07:27,07:34,07:41,07:48,07:55,08:02,08:09,08:16,08:21,08:26,08:31,08:36,08:41,08:46,08:51,08:56,09:01,09:06,09:11,09:16,09:21,09:26,09:31,09:36,09:41,09:46,09:51,09:56,10:01,10:06,10:11,10:18,10:25,10:32,10:39,10:46,10:53,11:00,11:07,11:14,11:21,11:28,11:35,11:42,11:49,11:56,12:03,12:10,12:17,12:24,12:31,12:38,12:45,12:52,12:59,13:06,13:13,13:20,13:27,13:34,13:41,13:48,13:55,14:02,14:09,14:16,14:23,14:30,14:37,14:44,14:51,14:58,15:05,15:12,15:19,15:26,15:33,15:40,15:47,15:54,16:01,16:08,16:15,16:22,16:29,16:36,16:43,16:50,16:57,17:04,17:11,17:18,17:25,17:32,17:39,17:46,17:53,18:00,18:07,18:14,18:21,18:28,18:35,18:42,18:49,18:56,19:03,19:10,19:17,19:22,19:27,19:32,19:37,19:42,19:47,19:52,19:57,20:02,20:07,20:12,20:17,20:22,20:27,20:32,20:37,20:42,20:47,20:52,20:57,21:02,21:07,21:12,21:19,21:26,21:33,21:40,21:47,21:54,22:01,22:08,22:15,22:22,22:29,22:36,22:43,22:50,22:57,23:04,23:11,23:18,23:25,23:32,23:39,23:46,23:53,00:00,00:07,00:14
66,보훈병원,06:12,06:19,06:26,06:33,06:40,06:47,06:54,07:01,07:08,07:15,07:22,07:29,07:36,07:43,07:50,07:57,08:04,08:11,08:18,08:23,08:28,08:33,08:38,08:43,08:48,08:53,08:58,09:03,09:08,09:13,09:18,09:23,09:28,09:33,09:38,09:43,09:48,09:53,09:58,10:03,10:08,10:13,10:20,10:27,10:34,10:41,10:48,10:55,11:02,11:09,11:16,11:23,11:30,11:37,11:44,11:51,11:58,12:05,12:12,12:19,12:26,12:33,12:40,12:47,12:54,13:01,13:08,13:15,13:22,13:29,13:36,13:43,13:50,13:57,14:04,14:11,14:18,14:25,14:32,14:39,14:46,14:53,15:00,15:07,15:14,15:21,15:28,15:35,15:42,15:49,15:56,16:03,16:10,16:17,16:24,16:31,16:38,16:45,16:52,16:59,17:06,17:13,17:20,17:27,17:34,17:41,17:48,17:55,18:02,18:09,18:16,18:23,18:30,18:37,18:44,18:51,18:58,19:05,19:12,19:19,19:24,19:29,19:34,19:39,19:44,19:49,19:54,19:59,20:04,20:09,20:14,20:19,20:24,20:29,20:34,20:39,20:44,20:49,20:54,20:59,21:04,21:09,21:14,21:21,21:28,21:35,21:42,21:49,21:56,22:03,22:10,22:17,22:24,22:31,22:38,22:45,22:52,22:59,23:06,23:13,23:20,23:27,23:34,23:41,23:48,23:55,00:02,00:09,00:16
67,주감초등학교,06:13,06:20,06:27,06:34,06:41,06:48,06:55,07:02,07:09,07:16,07:23,07:30,07:37,07:44,07:51,07:58,08:05,08:12,08:19,08:24,08:29,08:34,08:39,08:44,08:49,08:54,08:59,09:04,09:09,09:14,09:19,09:24,09:29,09:34,09:39,09:44,09:49,09:54,09:59,10:04,10:09,10:14,10:21,10:28,10:35,10:42,10:49,10:56,11:03,11:10,11:17,11:24,11:31,11:38,11:45,11:52,11:59,12:06,12:13,12:20,12:27,12:34,12:41,12:48,12:55,13:02,13:09,13:16,13:23,13:30,13:37,13:44,13:51,13:58,14:05,14:12,14:19,14:26,14:33,14:40,14:47,14:54,15:01,15:08,15:15,15:22,15:29,15:36,15:43,15:50,15:57,16:04,16:11,16:18,16:25,16:32,16:39,16:46,16:53,17:00,17:07,17:14,17:21,17:28,17:35,17:42,17:49,17:56,18:03,18:10,18:17,18:24,18:31,18:38,18:45,18:52,18:59,19:06,19:13,19:20,19:25,19:30,19:35,19:40,19:45,19:50,19:55,20:00,20:05,20:10,20:15,20:20,20:25,20:30,20:35,20:40,20:45,20:50,20:55,21:00,21:05,21:10,21:15,21:22,21:29,21:36,21:43,21:50,21:57,22:04,22:11,22:18,22:25,22:32,22:39,22:46,22:53,23:00,23:07,23:14,23:21,23:28,23:35,23:42,23:49,23:56,00:03,00:10,00:17
68,백양마을,06:14,06:21,06:28,06:35,06:42,06:49,06:56,07:03,07:10,07:17,07:24,07:31,07:38,07:45,07:52,07:59,08:06,08:13,08:20,08:25,08:30,08:35,08:40,08:45,08:50,08:55,09:00,09:05,09:10,09:15,09:20,09:25,09:30,09:35,09:40,09:45,09:50,09:55,10:00,10:05,10:10,10:15,10:22,10:29,10:36,10:43,10:50,10:57,11:04,11:11,11:18,11:25,11:32,11:39,11:46,11:53,12:00,12:07,12:14,12:21,12:28,12:35,12:42,12:49,12:56,13:03,13:10,13:17,13:24,13:31,13:38,13:45,13:52,13:59,14:06,14:13,14:20,14:27,14:34,14:41,14:48,14:55,15:02,15:09,15:16,15:23,15:30,15:37,15:44,15:51,15:58,16:05,16:12,16:19,16:26,16:33,16:40,16:47,16:54,17:01,17:08,17:15,17:22,17:29,17:36,17:43,17:50,17:57,18:04,18:11,18:18,18:25,18:32,18:39,18:46,18:53,19:00,19:07,19:14,19:21,19:26,19:31,19:36,19:41,19:46,19:51,19:56,20:01,20:06,20:11,20:16,20:21,20:26,20:31,20:36,20:41,20:46,20:51,20:56,21:01,21:06,21:11,21:16,21:23,21:30,21:37,21:44,21:51,21:58,22:05,22:12,22:19,22:26,22:33,22:40,22:47,22:54,23:01,23:08,23:15,23:22,23:29,23:36,23:43,23:50,23:57,00:04,00:11,00:18
69,주감중학교,06:15,06:22,06:29,06:36,06:43,06:50,06:57,07:04,07:11,07:18,07:25,07:32,07:39,07:46,07:53,08:00,08:07,08:14,08:21,08:26,08:31,08:36,08:41,08:46,08:51,08:56,09:01,09:06,09:11,09:16,09:21,09:26,09:31,09:36,09:41,09:46,09:51,09:56,10:01,10:06,10:11,10:16,10:23,10:30,10:37,10:44,10:51,10:58,11:05,11:12,11:19,11:26,11:33,11:40,11:47,11:54,12:01,12:08,12:15,12:22,12:29,12:36,12:43,12:50,12:57,13:04,13:11,13:18,13:25,13:32,13:39,13:46,13:53,14:00,14:07,14:14,14:21,14:28,14:35,14:42,14:49,14:56,15:03,15:10,15:17,15:24,15:31,15:38,15:45,15:52,15:59,16:06,16:13,16:20,16:27,16:34,16:41,16:48,16:55,17:02,17:09,17:16,17:23,17:30,17:37,17:44,17:51,17:58,18:05,18:12,18:19,18:26,18:33,18:40,18:47,18:54,19:01,19:08,19:15,19:22,19:27,19:32,19:37,19:42,19:47,19:52,19:57,20:02,20:07,20:12,20:17,20:22,20:27,20:32,20:37,20:42,20:47,20:52,20:57,21:02,21:07,21:12,21:17,21:24,21:31,21:38,21:45,21:52,21:59,22:06,22:13,22:20,22:27,22:34,22:41,22:48,22:55,23:02,23:09,23:16,23:23,23:30,23:37,23:44,23:51,23:58,00:05,00:12,00:19
70,사상근린공원,06:16,06:23,06:30,06:37,06:44,06:51,06:58,07:05,07:12,07:19,07:26,07:33,07:40,07:47,07:54,08:01,08:08,08:15,08:22,08:27,08:32,08:37,08:42,08:47,08:52,08:57,09:02,09:07,09:12,09:17,09:22,09:27,09:32,09:37,09:42,09:47,09:52,09:57,10:02,10:07,10:12,10:17,10:24,10:31,10:38,10:45,10:52,10:59,11:06,11:13,11:20,11:27,11:34,11:41,11:48,11:55,12:02,12:09,12:16,12:23,12:30,12:37,12:44,12:51,12:58,13:05,13:12,13:19,13:26,13:33,13:40,13:47,13:54,14:01,14:08,14:15,14:22,14:29,14:36,14:43,14:50,14:57,15:04,15:11,15:18,15:25,15:32,15:39,15:46,15:53,16:00,16:07,16:14,16:21,16:28,16:35,16:42,16:49,16:56,17:03,17:10,17:17,17:24,17:31,17:38,17:45,17:52,17:59,18:06,18:13,18:20,18:27,18:34,18:41,18:48,18:55,19:02,19:09,19:16,19:23,19:28,19:33,19:38,19:43,19:48,19:53,19:58,20:03,20:08,20:13,20:18,20:23,20:28,20:33,20:38,20:43,20:48,20:53,20:58,21:03,21:08,21:13,21:18,21:25,21:32,21:39,21:46,21:53,22:00,22:07,22:14,22:21,22:28,22:35,22:42,22:49,22:56,23:03,23:10,23:17,23:24,23:31,23:38,23:45,23:52,23:59,00:06,00:13,00:20
71,능인사,06:18,06:25,06:32,06:39,06:46,06:53,07:00,07:07,07:14,07:21,07:28,07:35,07:42,07:49,07:56,08:03,08:10,08:17,08:24,08:29,08:34,08:39,08:44,08:49,08:54,08:59,09:04,09:09,09:14,09:19,09:24,09:29,09:34,09:39,09:44,09:49,09:54,09:59,10:04,10:09,10:14,10:19,10:26,10:33,10:40,10:47,10:54,11:01,11:08,11:15,11:22,11:29,11:36,11:43,11:50,11:57,12:04,12:11,12:18,12:25,12:32,12:39,12:46,12:53,13:00,13:07,13:14,13:21,13:28,13:35,13:42,13:49,13:56,14:03,14:10,14:17,14:24,14:31,14:38,14:45,14:52,14:59,15:06,15:13,15:20,15:27,15:34,15:41,15:48,15:55,16:02,16:09,16:16,16:23,16:30,16:37,16:44,16:51,16:58,17:05,17:12,17:19,17:26,17:33,17:40,17:47,17:54,18:01,18:08,18:15,18:22,18:29,18:36,18:43,18:50,18:57,19:04,19:11,19:18,19:25,19:30,19:35,19:40,19:45,19:50,19:55,20:00,20:05,20:10,20:15,20:20,20:25,20:30,20:35,20:40,20:45,20:50,20:55,21:00,21:05,21:10,21:15,21:20,21:27,21:34,21:41,21:48,21:55,22:02,22:09,22:16,22:23,22:30,22:37,22:44,22:51,22:58,23:05,23:12,23:19,23:26,23:33,23:40,23:47,23:54,00:01,00:08,00:15,00:22
72,신라대학교입구,06:19,06:26,06:33,06:40,06:47,06:54,07:01,07:08,07:15,07:22,07:29,07:36,07:43,07:50,07:57,08:04,08:11,08:18,08:25,08:30,08:35,08:40,08:45,08:50,08:55,09:00,09:05,09:10,09:15,09:20,09:25,09:30,09:35,09:40,09:45,09:50,09:55,10:00,10:05,10:10,10:15,10:20,10:27,10:34,10:41,10:48,10:55,11:02,11:09,11:16,11:23,11:30,11:37,11:44,11:51,11:58,12:05,12:12,12:19,12:26,12:33,12:40,12:47,12:54,13:01,13:08,13:15,13:22,13:29,13:36,13:43,13:50,13:57,14:04,14:11,14:18,14:25,14:32,14:39,14:46,14:53,15:00,15:07,15:14,15:21,15:28,15:35,15:42,15:49,15:56,16:03,16:10,16:17,16:24,16:31,16:38,16:45,16:52,16:59,17:06,17:13,17:20,17:27,17:34,17:41,17:48,17:55,18:02,18:09,18:16,18:23,18:30,18:37,18:44,18:51,18:58,19:05,19:12,19:19,19:26,19:31,19:36,19:41,19:46,19:51,19:56,20:01,20:06,20:11,20:16,20:21,20:26,20:31,20:36,20:41,20:46,20:51,20:56,21:01,21:06,21:11,21:16,21:21,21:28,21:35,21:42,21:49,21:56,22:03,22:10,22:17,22:24,22:31,22:38,22:45,22:52,22:59,23:06,23:13,23:20,23:27,23:34,23:41,23:48,23:55,00:02,00:09,00:16,00:23
73,부산항공고등학교,06:20,06:27,06:34,06:41,06:48,06:55,07:02,07:09,07:16,07:23,07:30,07:37,07:44,07:51,07:58,08:05,08:12,08:19,08:26,08:31,08:36,08:41,08:46,08:51,08:56,09:01,09:06,09:11,09:16,09:21,09:26,09:31,09:36,09:41,09:46,09:51,09:56,10:01,10:06,10:11,10:16,10:21,10:28,10:35,10:42,10:49,10:56,11:03,11:10,11:17,11:24,11:31,11:38,11:45,11:52,11:59,12:06,12:13,12:20,12:27,12:34,12:41,12:48,12:55,13:02,13:09,13:16,13:23,13:30,13:37,13:44,13:51,13:58,14:05,14:12,14:19,14:26,14:33,14:40,14:47,14:54,15:01,15:08,15:15,15:22,15:29,15:36,15:43,15:50,15:57,16:04,16:11,16:18,16:25,16:32,16:39,16:46,16:53,17:00,17:07,17:14,17:21,17:28,17:35,17:42,17:49,17:56,18:03,18:10,18:17,18:24,18:31,18:38,18:45,18:52,18:59,19:06,19:13,19:20,19:27,19:32,19:37,19:42,19:47,19:52,19:57,20:02,20:07,20:12,20:17,20:22,20:27,20:32,20:37,20:42,20:47,20:52,20:57,21:02,21:07,21:12,21:17,21:22,21:29,21:36,21:43,21:50,21:57,22:04,22:11,22:18,22:25,22:32,22:39,22:46,22:53,23:00,23:07,23:14,23:21,23:28,23:35,23:42,23:49,23:56,00:03,00:10,00:17,00:24
74,부산북부고용노동지청,06:21,06:28,06:35,06:42,06:49,06:56,07:03,07:10,07:17,07:24,07:31,07:38,07:45,07:52,07:59,08:06,08:13,08:20,08:27,08:32,08:37,08:42,08:47,08:52,08:57,09:02,09:07,09:12,09:17,09:22,09:27,09:32,09:37,09:42,09:47,09:52,09:57,10:02,10:07,10:12,10:17,10:22,10:29,10:36,10:43,10:50,10:57,11:04,11:11,11:18,11:25,11:32,11:39,11:46,11:53,12:00,12:07,12:14,12:21,12:28,12:35,12:42,12:49,12:56,13:03,13:10,13:17,13:24,13:31,13:38,13:45,13:52,13:59,14:06,14:13,14:20,14:27,14:34,14:41,14:48,14:55,15:02,15:09,15:16,15:23,15:30,15:37,15:44,15:51,15:58,16:05,16:12,16:19,16:26,16:33,16:40,16:47,16:54,17:01,17:08,17:15,17:22,17:29,17:36,17:43,17:50,17:57,18:04,18:11,18:18,18:25,18:32,18:39,18:46,18:53,19:00,19:07,19:14,19:21,19:28,19:33,19:38,19:43,19:48,19:53,19:58,20:03,20:08,20:13,20:18,20:23,20:28,20:33,20:38,20:43,20:48,20:53,20:58,21:03,21:08,21:13,21:18,21:23,21:30,21:37,21:44,21:51,21:58,22:05,22:12,22:19,22:26,22:33,22:40,22:47,22:54,23:01,23:08,23:15,23:22,23:29,23:36,23:43,23:50,23:57,00:04,00:11,00:18,00:25
75,자유아파트,06:22,06:29,06:36,06:43,06:50,06:57,07:04,07:11,07:18,07:25,07:32,07:39,07:46,07:53,08:00,08:07,08:14,08:21,08:28,08:33,08:38,08:43,08:48,08:53,08:58,09:03,09:08,09:13,09:18,09:23,09:28,09:33,09:38,09:43,09:48,09:53,09:58,10:03,10:08,10:13,10:18,10:23,10:30,10:37,10:44,10:51,10:58,11:05,11:12,11:19,11:26,11:33,11:40,11:47,11:54,12:01,12:08,12:15,12:22,12:29,12:36,12:43,12:50,12:57,13:04,13:11,13:18,13:25,13:32,13:39,13:46,13:53,14:00,14:07,14:14,14:21,14:28,14:35,14:42,14:49,14:56,15:03,15:10,15:17,15:24,15:31,15:38,15:45,15:52,15:59,16:06,16:13,16:20,16:27,16:34,16:41,16:48,16:55,17:02,17:09,17:16,17:23,17:30,17:37,17:44,17:51,17:58,18:05,18:12,18:19,18:26,18:33,18:40,18:47,18:54,19:01,19:08,19:15,19:22,19:29,19:34,19:39,19:44,19:49,19:54,19:59,20:04,20:09,20:14,20:19,20:24,20:29,20:34,20:39,20:44,20:49,20:54,20:59,21:04,21:09,21:14,21:19,21:24,21:31,21:38,21:45,21:52,21:59,22:06,22:13,22:20,22:27,22:34,22:41,22:48,22:55,23:02,23:09,23:16,23:23,23:30,23:37,23:44,23:51,23:58,00:05,00:12,00:19,00:26
76,동원아파트,06:23,06:30,06:37,06:44,06:51,06:58,07:05,07:12,07:19,07:26,07:33,07:40,07:47,07:54,08:01,08:08,08:15,08:22,08:29,08:34,08:39,08:44,08:49,08:54,08:59,09:04,09:09,09:14,09:19,09:24,09:29,09:34,09:39,09:44,09:49,09:54,09:59,10:04,10:09,10:14,10:19,10:24,10:31,10:38,10:45,10:52,10:59,11:06,11:13,11:20,11:27,11:34,11:41,11:48,11:55,12:02,12:09,12:16,12:23,12:30,12:37,12:44,12:51,12:58,13:05,13:12,13:19,13:26,13:33,13:40,13:47,13:54,14:01,14:08,14:15,14:22,14:29,14:36,14:43,14:50,14:57,15:04,15:11,15:18,15:25,15:32,15:39,15:46,15:53,16:00,16:07,16:14,16:21,16:28,16:35,16:42,16:49,16:56,17:03,17:10,17:17,17:24,17:31,17:38,17:45,17:52,17:59,18:06,18:13,18:20,18:27,18:34,18:41,18:48,18:55,19:02,19:09,19:16,19:23,19:30,19:35,19:40,19:45,19:50,19:55,20:00,20:05,20:10,20:15,20:20,20:25,20:30,20:35,20:40,20:45,20:50,20:55,21:00,21:05,21:10,21:15,21:20,21:25,21:32,21:39,21:46,21:53,22:00,22:07,22:14,22:21,22:28,22:35,22:42,22:49,22:56,23:03,23:10,23:17,23:24,23:31,23:38,23:45,23:52,23:59,00:06,00:13,00:20,00:27
77,우신모라아파트,06:23,06:30,06:37,06:44,06:51,06:58,07:05,07:12,07:19,07:26,07:33,07:40,07:47,07:54,08:01,08:08,08:15,08:22,08:29,08:34,08:39,08:44,08:49,08:54,08:59,09:04,09:09,09:14,09:19,09:24,09:29,09:34,09:39,09:44,09:49,09:54,09:59,10:04,10:09,10:14,10:19,10:24,10:31,10:38,10:45,10:52,10:59,11:06,11:13,11:20,11:27,11:34,11:41,11:48,11:55,12:02,12:09,12:16,12:23,12:30,12:37,12:44,12:51,12:58,13:05,13:12,13:19,13:26,13:33,13:40,13:47,13:54,14:01,14:08,14:15,14:22,14:29,14:36,14:43,14:50,14:57,15:04,15:11,15:18,15:25,15:32,15:39,15:46,15:53,16:00,16:07,16:14,16:21,16:28,16:35,16:42,16:49,16:56,17:03,17:10,17:17,17:24,17:31,17:38,17:45,17:52,17:59,18:06,18:13,18:20,18:27,18:34,18:41,18:48,18:55,19:02,19:09,19:16,19:23,19:30,19:35,19:40,19:45,19:50,19:55,20:00,20:05,20:10,20:15,20:20,20:25,20:30,20:35,20:40,20:45,20:50,20:55,21:00,21:05,21:10,21:15,21:20,21:25,21:32,21:39,21:46,21:53,22:00,22:07,22:14,22:21,22:28,22:35,22:42,22:49,22:56,23:03,23:10,23:17,23:24,23:31,23:38,23:45,23:52,23:59,00:06,00:13,00:20,00:27
78,모라농협,06:24,06:31,06:38,06:45,06:52,06:59,07:06,07:13,07:20,07:27,07:34,07:41,07:48,07:55,08:02,08:09,08:16,08:23,08:30,08:35,08:40,08:45,08:50,08:55,09:00,09:05,09:10,09:15,09:20,09:25,09:30,09:35,09:40,09:45,09:50,09:55,10:00,10:05,10:10,10:15,10:20,10:25,10:32,10:39,10:46,10:53,11:00,11:07,11:14,11:21,11:28,11:35,11:42,11:49,11:56,12:03,12:10,12:17,12:24,12:31,12:38,12:45,12:52,12:59,13:06,13:13,13:20,13:27,13:34,13:41,13:48,13:55,14:02,14:09,14:16,14:23,14:30,14:37,14:44,14:51,14:58,15:05,15:12,15:19,15:26,15:33,15:40,15:47,15:54,16:01,16:08,16:15,16:22,16:29,16:36,16:43,16:50,16:57,17:04,17:11,17:18,17:25,17:32,17:39,17:46,17:53,18:00,18:07,18:14,18:21,18:28,18:35,18:42,18:49,18:56,19:03,19:10,19:17,19:24,19:31,19:36,19:41,19:46,19:51,19:56,20:01,20:06,20:11,20:16,20:21,20:26,20:31,20:36,20:41,20:46,20:51,20:56,21:01,21:06,21:11,21:16,21:21,21:26,21:33,21:40,21:47,21:54,22:01,22:08,22:15,22:22,22:29,22:36,22:43,22:50,22:57,23:04,23:11,23:18,23:25,23:32,23:39,23:46,23:53,00:00,00:07,00:14,00:21,00:28
79,모라우성아파트,06:25,06:32,06:39,06:46,06:53,07:00,07:07,07:14,07:21,07:28,07:35,07:42,07:49,07:56,08:03,08:10,08:17,08:24,08:31,08:36,08:41,08:46,08:51,08:56,09:01,09:06,09:11,09:16,09:21,09:26,09:31,09:36,09:41,09:46,09:51,09:56,10:01,10:06,10:11,10:16,10:21,10:26,10:33,10:40,10:47,10:54,11:01,11:08,11:15,11:22,11:29,11:36,11:43,11:50,11:57,12:04,12:11,12:18,12:25,12:32,12:39,12:46,12:53,13:00,13:07,13:14,13:21,13:28,13:35,13:42,13:49,13:56,14:03,14:10,14:17,14:24,14:31,14:38,14:45,14:52,14:59,15:06,15:13,15:20,15:27,15:34,15:41,15:48,15:55,16:02,16:09,16:16,16:23,16:30,16:37,16:44,16:51,16:58,17:05,17:12,17:19,17:26,17:33,17:40,17:47,17:54,18:01,18:08,18:15,18:22,18:29,18:36,18:43,18:50,18:57,19:04,19:11,19:18,19:25,19:32,19:37,19:42,19:47,19:52,19:57,20:02,20:07,20:12,20:17,20:22,20:27,20:32,20:37,20:42,20:47,20:52,20:57,21:02,21:07,21:12,21:17,21:22,21:27,21:34,21:41,21:48,21:55,22:02,22:09,22:16,22:23,22:30,22:37,22:44,22:51,22:58,23:05,23:12,23:19,23:26,23:33,23:40,23:47,23:54,00:01,00:08,00:15,00:22,00:29
80,모라119안전센터,06:26,06:33,06:40,06:47,06:54,07:01,07:08,07:15,07:22,07:29,07:36,07:43,07:50,07:57,08:04,08:11,08:18,08:25,08:32,08:37,08:42,08:47,08:52,08:57,09:02,09:07,09:12,09:17,09:22,09:27,09:32,09:37,09:42,09:47,09:52,09:57,10:02,10:07,10:12,10:17,10:22,10:27,10:34,10:41,10:48,10:55,11:02,11:09,11:16,11:23,11:30,11:37,11:44,11:51,11:58,12:05,12:12,12:19,12:26,12:33,12:40,12:47,12:54,13:01,13:08,13:15,13:22,13:29,13:36,13:43,13:50,13:57,14:04,14:11,14:18,14:25,14:32,14:39,14:46,14:53,15:00,15:07,15:14,15:21,15:28,15:35,15:42,15:49,15:56,16:03,16:10,16:17,16:24,16:31,16:38,16:45,16:52,16:59,17:06,17:13,17:20,17:27,17:34,17:41,17:48,17:55,18:02,18:09,18:16,18:23,18:30,18:37,18:44,18:51,18:58,19:05,19:12,19:19,19:26,19:33,19:38,19:43,19:48,19:53,19:58,20:03,20:08,20:13,20:18,20:23,20:28,20:33,20:38,20:43,20:48,20:53,20:58,21:03,21:08,21:13,21:18,21:23,21:28,21:35,21:42,21:49,21:56,22:03,22:10,22:17,22:24,22:31,22:38,22:45,22:52,22:59,23:06,23:13,23:20,23:27,23:34,23:41,23:48,23:55,00:02,00:09,00:16,00:23,00:30
81,구포현대아파트,06:26,06:33,06:40,06:47,06:54,07:01,07:08,07:15,07:22,07:29,07:36,07:43,07:50,07:57,08:04,08:11,08:18,08:25,08:32,08:37,08:42,08:47,08:52,08:57,09:02,09:07,09:12,09:17,09:22,09:27,09:32,09:37,09:42,09:47,09:52,09:57,10:02,10:07,10:12,10:17,10:22,10:27,10:34,10:41,10:48,10:55,11:02,11:09,11:16,11:23,11:30,11:37,11:44,11:51,11:58,12:05,12:12,12:19,12:26,12:33,12:40,12:47,12:54,13:01,13:08,13:15,13:22,13:29,13:36,13:43,13:50,13:57,14:04,14:11,14:18,14:25,14:32,14:39,14:46,14:53,15:00,15:07,15:14,15:21,15:28,15:35,15:42,15:49,15:56,16:03,16:10,16:17,16:24,16:31,16:38,16:45,16:52,16:59,17:06,17:13,17:20,17:27,17:34,17:41,17:48,17:55,18:02,18:09,18:16,18:23,18:30,18:37,18:44,18:51,18:58,19:05,19:12,19:19,19:26,19:33,19:38,19:43,19:48,19:53,19:58,20:03,20:08,20:13,20:18,20:23,20:28,20:33,20:38,20:43,20:48,20:53,20:58,21:03,21:08,21:13,21:18,21:23,21:28,21:35,21:42,21:49,21:56,22:03,22:10,22:17,22:24,22:31,22:38,22:45,22:52,22:59,23:06,23:13,23:20,23:27,23:34,23:41,23:48,23:55,00:02,00:09,00:16,00:23,00:30
82,구남역.구남중학교,06:27,06:34,06:41,06:48,06:55,07:02,07:09,07:16,07:23,07:30,07:37,07:44,07:51,07:58,08:05,08:12,08:19,08:26,08:33,08:38,08:43,08:48,08:53,08:58,09:03,09:08,09:13,09:18,09:23,09:28,09:33,09:38,09:43,09:48,09:53,09:58,10:03,10:08,10:13,10:18,10:23,10:28,10:35,10:42,10:49,10:56,11:03,11:10,11:17,11:24,11:31,11:38,11:45,11:52,11:59,12:06,12:13,12:20,12:27,12:34,12:41,12:48,12:55,13:02,13:09,13:16,13:23,13:30,13:37,13:44,13:51,13:58,14:05,14:12,14:19,14:26,14:33,14:40,14:47,14:54,15:01,15:08,15:15,15:22,15:29,15:36,15:43,15:50,15:57,16:04,16:11,16:18,16:25,16:32,16:39,16:46,16:53,17:00,17:07,17:14,17:21,17:28,17:35,17:42,17:49,17:56,18:03,18:10,18:17,18:24,18:31,18:38,18:45,18:52,18:59,19:06,19:13,19:20,19:27,19:34,19:39,19:44,19:49,19:54,19:59,20:04,20:09,20:14,20:19,20:24,20:29,20:34,20:39,20:44,20:49,20:54,20:59,21:04,21:09,21:14,21:19,21:24,21:29,21:36,21:43,21:50,21:57,22:04,22:11,22:18,22:25,22:32,22:39,22:46,22:53,23:00,23:07,23:14,23:21,23:28,23:35,23:42,23:49,23:56,00:03,00:10,00:17,00:24,00:31
83,백양고입구,06:28,06:35,06:42,06:49,06:56,07:03,07:10,07:17,07:24,07:31,07:38,07:45,07:52,07:59,08:06,08:13,08:20,08:27,08:34,08:39,08:44,08:49,08:54,08:59,09:04,09:09,09:14,09:19,09:24,09:29,09:34,09:39,09:44,09:49,09:54,09:59,10:04,10:09,10:14,10:19,10:24,10:29,10:36,10:43,10:50,10:57,11:04,11:11,11:18,11:25,11:32,11:39,11:46,11:53,12:00,12:07,12:14,12:21,12:28,12:35,12:42,12:49,12:56,13:03,13:10,13:17,13:24,13:31,13:38,13:45,13:52,13:59,14:06,14:13,14:20,14:27,14:34,14:41,14:48,14:55,15:02,15:09,15:16,15:23,15:30,15:37,15:44,15:51,15:58,16:05,16:12,16:19,16:26,16:33,16:40,16:47,16:54,17:01,17:08,17:15,17:22,17:29,17:36,17:43,17:50,17:57,18:04,18:11,18:18,18:25,18:32,18:39,18:46,18:53,19:00,19:07,19:14,19:21,19:28,19:35,19:40,19:45,19:50,19:55,20:00,20:05,20:10,20:15,20:20,20:25,20:30,20:35,20:40,20:45,20:50,20:55,21:00,21:05,21:10,21:15,21:20,21:25,21:30,21:37,21:44,21:51,21:58,22:05,22:12,22:19,22:26,22:33,22:40,22:47,22:54,23:01,23:08,23:15,23:22,23:29,23:36,23:43,23:50,23:57,00:04,00:11,00:18,00:25,00:32
84,구남시장,06:29,06:36,06:43,06:50,06:57,07:04,07:11,07:18,07:25,07:32,07:39,07:46,07:53,08:00,08:07,08:14,08:21,08:28,08:35,08:40,08:45,08:50,08:55,09:00,09:05,09:10,09:15,09:20,09:25,09:30,09:35,09:40,09:45,09:50,09:55,10:00,10:05,10:10,10:15,10:20,10:25,10:30,10:37,10:44,10:51,10:58,11:05,11:12,11:19,11:26,11:33,11:40,11:47,11:54,12:01,12:08,12:15,12:22,12:29,12:36,12:43,12:50,12:57,13:04,13:11,13:18,13:25,13:32,13:39,13:46,13:53,14:00,14:07,14:14,14:21,14:28,14:35,14:42,14:49,14:56,15:03,15:10,15:17,15:24,15:31,15:38,15:45,15:52,15:59,16:06,16:13,16:20,16:27,16:34,16:41,16:48,16:55,17:02,17:09,17:16,17:23,17:30,17:37,17:44,17:51,17:58,18:05,18:12,18:19,18:26,18:33,18:40,18:47,18:54,19:01,19:08,19:15,19:22,19:29,19:36,19:41,19:46,19:51,19:56,20:01,20:06,20:11,20:16,20:21,20:26,20:31,20:36,20:41,20:46,20:51,20:56,21:01,21:06,21:11,21:16,21:21,21:26,21:31,21:38,21:45,21:52,21:59,22:06,22:13,22:20,22:27,22:34,22:41,22:48,22:55,23:02,23:09,23:16,23:23,23:30,23:37,23:44,23:51,23:58,00:05,00:12,00:19,00:26,00:33
85,구명역,06:30,06:37,06:44,06:51,06:58,07:05,07:12,07:19,07:26,07:33,07:40,07:47,07:54,08:01,08:08,08:15,08:22,08:29,08:36,08:41,08:46,08:51,08:56,09:01,09:06,09:11,09:16,09:21,09:26,09:31,09:36,09:41,09:46,09:51,09:56,10:01,10:06,10:11,10:16,10:21,10:26,10:31,10:38,10:45,10:52,10:59,11:06,11:13,11:20,11:27,11:34,11:41,11:48,11:55,12:02,12:09,12:16,12:23,12:30,12:37,12:44,12:51,12:58,13:05,13:12,13:19,13:26,13:33,13:40,13:47,13:54,14:01,14:08,14:15,14:22,14:29,14:36,14:43,14:50,14:57,15:04,15:11,15:18,15:25,15:32,15:39,15:46,15:53,16:00,16:07,16:14,16:21,16:28,16:35,16:42,16:49,16:56,17:03,17:10,17:17,17:24,17:31,17:38,17:45,17:52,17:59,18:06,18:13,18:20,18:27,18:34,18:41,18:48,18:55,19:02,19:09,19:16,19:23,19:30,19:37,19:42,19:47,19:52,19:57,20:02,20:07,20:12,20:17,20:22,20:27,20:32,20:37,20:42,20:47,20:52,20:57,21:02,21:07,21:12,21:17,21:22,21:27,21:32,21:39,21:46,21:53,22:00,22:07,22:14,22:21,22:28,22:35,22:42,22:49,22:56,23:03,23:10,23:17,23:24,23:31,23:38,23:45,23:52,23:59,00:06,00:13,00:20,00:27,00:34
86,구포초등학교,06:31,06:38,06:45,06:52,06:59,07:06,07:13,07:20,07:27,07:34,07:41,07:48,07:55,08:02,08:09,08:16,08:23,08:30,08:37,08:42,08:47,08:52,08:57,09:02,09:07,09:12,09:17,09:22,09:27,09:32,09:37,09:42,09:47,09:52,09:57,10:02,10:07,10:12,10:17,10:22,10:27,10:32,10:39,10:46,10:53,11:00,11:07,11:14,11:21,11:28,11:35,11:42,11:49,11:56,12:03,12:10,12:17,12:24,12:31,12:38,12:45,12:52,12:59,13:06,13:13,13:20,13:27,13:34,13:41,13:48,13:55,14:02,14:09,14:16,14:23,14:30,14:37,14:44,14:51,14:58,15:05,15:12,15:19,15:26,15:33,15:40,15:47,15:54,16:01,16:08,16:15,16:22,16:29,16:36,16:43,16:50,16:57,17:04,17:11,17:18,17:25,17:32,17:39,17:46,17:53,18:00,18:07,18:14,18:21,18:28,18:35,18:42,18:49,18:56,19:03,19:10,19:17,19:24,19:31,19:38,19:43,19:48,19:53,19:58,20:03,20:08,20:13,20:18,20:23,20:28,20:33,20:38,20:43,20:48,20:53,20:58,21:03,21:08,21:13,21:18,21:23,21:28,21:33,21:40,21:47,21:54,22:01,22:08,22:15,22:22,22:29,22:36,22:43,22:50,22:57,23:04,23:11,23:18,23:25,23:32,23:39,23:46,23:53,00:00,00:07,00:14,00:21,00:28,00:35
87,구포시장남문.반도유보라아파트,06:32,06:39,06:46,06:53,07:00,07:07,07:14,07:21,07:28,07:35,07:42,07:49,07:56,08:03,08:10,08:17,08:24,08:31,08:38,08:43,08:48,08:53,08:58,09:03,09:08,09:13,09:18,09:23,09:28,09:33,09:38,09:43,09:48,09:53,09:58,10:03,10:08,10:13,10:18,10:23,10:28,10:33,10:40,10:47,10:54,11:01,11:08,11:15,11:22,11:29,11:36,11:43,11:50,11:57,12:04,12:11,12:18,12:25,12:32,12:39,12:46,12:53,13:00,13:07,13:14,13:21,13:28,13:35,13:42,13:49,13:56,14:03,14:10,14:17,14:24,14:31,14:38,14:45,14:52,14:59,15:06,15:13,15:20,15:27,15:34,15:41,15:48,15:55,16:02,16:09,16:16,16:23,16:30,16:37,16:44,16:51,16:58,17:05,17:12,17:19,17:26,17:33,17:40,17:47,17:54,18:01,18:08,18:15,18:22,18:29,18:36,18:43,18:50,18:57,19:04,19:11,19:18,19:25,19:32,19:39,19:44,19:49,19:54,19:59,20:04,20:09,20:14,20:19,20:24,20:29,20:34,20:39,20:44,20:49,20:54,20:59,21:04,21:09,21:14,21:19,21:24,21:29,21:34,21:41,21:48,21:55,22:02,22:09,22:16,22:23,22:30,22:37,22:44,22:51,22:58,23:05,23:12,23:19,23:26,23:33,23:40,23:47,23:54,00:01,00:08,00:15,00:22,00:29,00:36
88,(구)고려당제과점,06:33,06:40,06:47,06:54,07:01,07:08,07:15,07:22,07:29,07:36,07:43,07:50,07:57,08:04,08:11,08:18,08:25,08:32,08:39,08:44,08:49,08:54,08:59,09:04,09:09,09:14,09:19,09:24,09:29,09:34,09:39,09:44,09:49,09:54,09:59,10:04,10:09,10:14,10:19,10:24,10:29,10:34,10:41,10:48,10:55,11:02,11:09,11:16,11:23,11:30,11:37,11:44,11:51,11:58,12:05,12:12,12:19,12:26,12:33,12:40,12:47,12:54,13:01,13:08,13:15,13:22,13:29,13:36,13:43,13:50,13:57,14:04,14:11,14:18,14:25,14:32,14:39,14:46,14:53,15:00,15:07,15:14,15:21,15:28,15:35,15:42,15:49,15:56,16:03,16:10,16:17,16:24,16:31,16:38,16:45,16:52,16:59,17:06,17:13,17:20,17:27,17:34,17:41,17:48,17:55,18:02,18:09,18:16,18:23,18:30,18:37,18:44,18:51,18:58,19:05,19:12,19:19,19:26,19:33,19:40,19:45,19:50,19:55,20:00,20:05,20:10,20:15,20:20,20:25,20:30,20:35,20:40,20:45,20:50,20:55,21:00,21:05,21:10,21:15,21:20,21:25,21:30,21:35,21:42,21:49,21:56,22:03,22:10,22:17,22:24,22:31,22:38,22:45,22:52,22:59,23:06,23:13,23:20,23:27,23:34,23:41,23:48,23:55,00:02,00:09,00:16,00:23,00:30,00:37
89,구포대진아파트,06:33,06:40,06:47,06:54,07:01,07:08,07:15,07:22,07:29,07:36,07:43,07:50,07:57,08:04,08:11,08:18,08:25,08:32,08:39,08:44,08:49,08:54,08:59,09:04,09:09,09:14,09:19,09:24,09:29,09:34,09:39,09:44,09:49,09:54,09:59,10:04,10:09,10:14,10:19,10:24,10:29,10:34,10:41,10:48,10:55,11:02,11:09,11:16,11:23,11:30,11:37,11:44,11:51,11:58,12:05,12:12,12:19,12:26,12:33,12:40,12:47,12:54,13:01,13:08,13:15,13:22,13:29,13:36,13:43,13:50,13:57,14:04,14:11,14:18,14:25,14:32,14:39,14:46,14:53,15:00,15:07,15:14,15:21,15:28,15:35,15:42,15:49,15:56,16:03,16:10,16:17,16:24,16:31,16:38,16:45,16:52,16:59,17:06,17:13,17:20,17:27,17:34,17:41,17:48,17:55,18:02,18:09,18:16,18:23,18:30,18:37,18:44,18:51,18:58,19:05,19:12,19:19,19:26,19:33,19:40,19:45,19:50,19:55,20:00,20:05,20:10,20:15,20:20,20:25,20:30,20:35,20:40,20:45,20:50,20:55,21:00,21:05,21:10,21:15,21:20,21:25,21:30,21:35,21:42,21:49,21:56,22:03,22:10,22:17,22:24,22:31,22:38,22:45,22:52,22:59,23:06,23:13,23:20,23:27,23:34,23:41,23:48,23:55,00:02,00:09,00:16,00:23,00:30,00:37
90,태양탕,06:34,06:41,06:48,06:55,07:02,07:09,07:16,07:23,07:30,07:37,07:44,07:51,07:58,08:05,08:12,08:19,08:26,08:33,08:40,08:45,08:50,08:55,09:00,09:05,09:10,09:15,09:20,09:25,09:30,09:35,09:40,09:45,09:50,09:55,10:00,10:05,10:10,10:15,10:20,10:25,10:30,10:35,10:42,10:49,10:56,11:03,11:10,11:17,11:24,11:31,11:38,11:45,11:52,11:59,12:06,12:13,12:20,12:27,12:34,12:41,12:48,12:55,13:02,13:09,13:16,13:23,13:30,13:37,13:44,13:51,13:58,14:05,14:12,14:19,14:26,14:33,14:40,14:47,14:54,15:01,15:08,15:15,15:22,15:29,15:36,15:43,15:50,15:57,16:04,16:11,16:18,16:25,16:32,16:39,16:46,16:53,17:00,17:07,17:14,17:21,17:28,17:35,17:42,17:49,17:56,18:03,18:10,18:17,18:24,18:31,18:38,18:45,18:52,18:59,19:06,19:13,19:20,19:27,19:34,19:41,19:46,19:51,19:56,20:01,20:06,20:11,20:16,20:21,20:26,20:31,20:36,20:41,20:46,20:51,20:56,21:01,21:06,21:11,21:16,21:21,21:26,21:31,21:36,21:43,21:50,21:57,22:04,22:11,22:18,22:25,22:32,22:39,22:46,22:53,23:00,23:07,23:14,23:21,23:28,23:35,23:42,23:49,23:56,00:03,00:10,00:17,00:24,00:31,00:38
91,부산솔로몬로파크,06:35,06:42,06:49,06:56,07:03,07:10,07:17,07:24,07:31,07:38,07:45,07:52,07:59,08:06,08:13,08:20,08:27,08:34,08:41,08:46,08:51,08:56,09:01,09:06,09:11,09:16,09:21,09:26,09:31,09:36,09:41,09:46,09:51,09:56,10:01,10:06,10:11,10:16,10:21,10:26,10:31,10:36,10:43,10:50,10:57,11:04,11:11,11:18,11:25,11:32,11:39,11:46,11:53,12:00,12:07,12:14,12:21,12:28,12:35,12:42,12:49,12:56,13:03,13:10,13:17,13:24,13:31,13:38,13:45,13:52,13:59,14:06,14:13,14:20,14:27,14:34,14:41,14:48,14:55,15:02,15:09,15:16,15:23,15:30,15:37,15:44,15:51,15:58,16:05,16:12,16:19,16:26,16:33,16:40,16:47,16:54,17:01,17:08,17:15,17:22,17:29,17:36,17:43,17:50,17:57,18:04,18:11,18:18,18:25,18:32,18:39,18:46,18:53,19:00,19:07,19:14,19:21,19:28,19:35,19:42,19:47,19:52,19:57,20:02,20:07,20:12,20:17,20:22,20:27,20:32,20:37,20:42,20:47,20:52,20:57,21:02,21:07,21:12,21:17,21:22,21:27,21:32,21:37,21:44,21:51,21:58,22:05,22:12,22:19,22:26,22:33,22:40,22:47,22:54,23:01,23:08,23:15,23:22,23:29,23:36,23:43,23:50,23:57,00:04,00:11,00:18,00:25,00:32,00:39
92,유림아파트.부산학생예술문화회관,06:36,06:43,06:50,06:57,07:04,07:11,07:18,07:25,07:32,07:39,07:46,07:53,08:00,08:07,08:14,08:21,08:28,08:35,08:42,08:47,08:52,08:57,09:02,09:07,09:12,09:17,09:22,09:27,09:32,09:37,09:42,09:47,09:52,09:57,10:02,10:07,10:12,10:17,10:22,10:27,10:32,10:37,10:44,10:51,10:58,11:05,11:12,11:19,11:26,11:33,11:40,11:47,11:54,12:01,12:08,12:15,12:22,12:29,12:36,12:43,12:50,12:57,13:04,13:11,13:18,13:25,13:32,13:39,13:46,13:53,14:00,14:07,14:14,14:21,14:28,14:35,14:42,14:49,14:56,15:03,15:10,15:17,15:24,15:31,15:38,15:45,15:52,15:59,16:06,16:13,16:20,16:27,16:34,16:41,16:48,16:55,17:02,17:09,17:16,17:23,17:30,17:37,17:44,17:51,17:58,18:05,18:12,18:19,18:26,18:33,18:40,18:47,18:54,19:01,19:08,19:15,19:22,19:29,19:36,19:43,19:48,19:53,19:58,20:03,20:08,20:13,20:18,20:23,20:28,20:33,20:38,20:43,20:48,20:53,20:58,21:03,21:08,21:13,21:18,21:23,21:28,21:33,21:38,21:45,21:52,21:59,22:06,22:13,22:20,22:27,22:34,22:41,22:48,22:55,23:02,23:09,23:16,23:23,23:30,23:37,23:44,23:51,23:58,00:05,00:12,00:19,00:26,00:33,00:40
93,포천삼거리,03:37,03:44,03:51,03:58,04:05,04:12,04:19,04:26,04:33,04:40,04:47,04:54,05:01,05:08,05:15,05:22,05:29,05:36,05:43,05:48,05:53,05:58,06:03,06:08,06:13,06:18,06:23,06:28,06:33,06:38,06:43,06:48,06:53,06:58,07:03,07:08,07:13,07:18,07:23,07:28,07:33,07:38,07:45,07:52,07:59,08:06,08:13,08:20,08:27,08:34,08:41,08:48,08:55,09:02,09:09,09:16,09:23,09:30,09:37,09:44,09:51,09:58,10:05,10:12,10:19,10:26,10:33,10:40,10:47,10:54,11:01,11:08,11:15,11:22,11:29,11:36,11:43,11:50,11:57,12:04,12:11,12:18,12:25,12:32,12:39,12:46,12:53,13:00,13:07,13:14,13:21,13:28,13:35,13:42,13:49,13:56,14:03,14:10,14:17,14:24,14:31,14:38,14:45,14:52,14:59,15:06,15:13,15:20,15:27,15:34,15:41,15:48,15:55,16:02,16:09,16:16,16:23,16:30,16:37,16:44,16:49,16:54,16:59,17:04,17:09,17:14,17:19,17:24,17:29,17:34,17:39,17:44,17:49,17:54,17:59,18:04,18:09,18:14,18:19,18:24,18:29,18:34,18:39,18:46,18:53,19:00,19:07,19:14,19:21,19:28,19:35,19:42,19:49,19:56,20:03,20:10,20:17,20:24,20:31,20:38,20:45,20:52,20:59,21:06,21:13,21:20,21:27,21:34,21:41
94,부산과학기술대학교,06:38,06:45,06:52,06:59,07:06,07:13,07:20,07:27,07:34,07:41,07:48,07:55,08:02,08:09,08:16,08:23,08:30,08:37,08:44,08:49,08:54,08:59,09:04,09:09,09:14,09:19,09:24,09:29,09:34,09:39,09:44,09:49,09:54,09:59,10:04,10:09,10:14,10:19,10:24,10:29,10:34,10:39,10:46,10:53,11:00,11:07,11:14,11:21,11:28,11:35,11:42,11:49,11:56,12:03,12:10,12:17,12:24,12:31,12:38,12:45,12:52,12:59,13:06,13:13,13:20,13:27,13:34,13:41,13:48,13:55,14:02,14:09,14:16,14:23,14:30,14:37,14:44,14:51,14:58,15:05,15:12,15:19,15:26,15:33,15:40,15:47,15:54,16:01,16:08,16:15,16:22,16:29,16:36,16:43,16:50,16:57,17:04,17:11,17:18,17:25,17:32,17:39,17:46,17:53,18:00,18:07,18:14,18:21,18:28,18:35,18:42,18:49,18:56,19:03,19:10,19:17,19:24,19:31,19:38,19:45,19:50,19:55,20:00,20:05,20:10,20:15,20:20,20:25,20:30,20:35,20:40,20:45,20:50,20:55,21:00,21:05,21:10,21:15,21:20,21:25,21:30,21:35,21:40,21:47,21:54,22:01,22:08,22:15,22:22,22:29,22:36,22:43,22:50,22:57,23:04,23:11,23:18,23:25,23:32,23:39,23:46,23:53,00:00,00:07,00:14,00:21,00:28,00:35,00:42
95,구포3동주민센터,06:39,06:46,06:53,07:00,07:07,07:14,07:21,07:28,07:35,07:42,07:49,07:56,08:03,08:10,08:17,08:24,08:31,08:38,08:45,08:50,08:55,09:00,09:05,09:10,09:15,09:20,09:25,09:30,09:35,09:40,09:45,09:50,09:55,10:00,10:05,10:10,10:15,10:20,10:25,10:30,10:35,10:40,10:47,10:54,11:01,11:08,11:15,11:22,11:29,11:36,11:43,11:50,11:57,12:04,12:11,12:18,12:25,12:32,12:39,12:46,12:53,13:00,13:07,13:14,13:21,13:28,13:35,13:42,13:49,13:56,14:03,14:10,14:17,14:24,14:31,14:38,14:45,14:52,14:59,15:06,15:13,15:20,15:27,15:34,15:41,15:48,15:55,16:02,16:09,16:16,16:23,16:30,16:37,16:44,16:51,16:58,17:05,17:12,17:19,17:26,17:33,17:40,17:47,17:54,18:01,18:08,18:15,18:22,18:29,18:36,18:43,18:50,18:57,19:04,19:11,19:18,19:25,19:32,19:39,19:46,19:51,19:56,20:01,20:06,20:11,20:16,20:21,20:26,20:31,20:36,20:41,20:46,20:51,20:56,21:01,21:06,21:11,21:16,21:21,21:26,21:31,21:36,21:41,21:48,21:55,22:02,22:09,22:16,22:23,22:30,22:37,22:44,22:51,22:58,23:05,23:12,23:19,23:26,23:33,23:40,23:47,23:54,00:01,00:08,00:15,00:22,00:29,00:36,00:43
96,포천초교.태경해피타운,06:39,06:46,06:53,07:00,07:07,07:14,07:21,07:28,07:35,07:42,07:49,07:56,08:03,08:10,08:17,08:24,08:31,08:38,08:45,08:50,08:55,09:00,09:05,09:10,09:15,09:20,09:25,09:30,09:35,09:40,09:45,09:50,09:55,10:00,10:05,10:10,10:15,10:20,10:25,10:30,10:35,10:40,10:47,10:54,11:01,11:08,11:15,11:22,11:29,11:36,11:43,11:50,11:57,12:04,12:11,12:18,12:25,12:32,12:39,12:46,12:53,13:00,13:07,13:14,13:21,13:28,13:35,13:42,13:49,13:56,14:03,14:10,14:17,14:24,14:31,14:38,14:45,14:52,14:59,15:06,15:13,15:20,15:27,15:34,15:41,15:48,15:55,16:02,16:09,16:16,16:23,16:30,16:37,16:44,16:51,16:58,17:05,17:12,17:19,17:26,17:33,17:40,17:47,17:54,18:01,18:08,18:15,18:22,18:29,18:36,18:43,18:50,18:57,19:04,19:11,19:18,19:25,19:32,19:39,19:46,19:51,19:56,20:01,20:06,20:11,20:16,20:21,20:26,20:31,20:36,20:41,20:46,20:51,20:56,21:01,21:06,21:11,21:16,21:21,21:26,21:31,21:36,21:41,21:48,21:55,22:02,22:09,22:16,22:23,22:30,22:37,22:44,22:51,22:58,23:05,23:12,23:19,23:26,23:33,23:40,23:47,23:54,00:01,00:08,00:15,00:22,00:29,00:36,00:43
97,태평양아파트,06:40,06:47,06:54,07:01,07:08,07:15,07:22,07:29,07:36,07:43,07:50,07:57,08:04,08:11,08:18,08:25,08:32,08:39,08:46,08:51,08:56,09:01,09:06,09:11,09:16,09:21,09:26,09:31,09:36,09:41,09:46,09:51,09:56,10:01,10:06,10:11,10:16,10:21,10:26,10:31,10:36,10:41,10:48,10:55,11:02,11:09,11:16,11:23,11:30,11:37,11:44,11:51,11:58,12:05,12:12,12:19,12:26,12:33,12:40,12:47,12:54,13:01,13:08,13:15,13:22,13:29,13:36,13:43,13:50,13:57,14:04,14:11,14:18,14:25,14:32,14:39,14:46,14:53,15:00,15:07,15:14,15:21,15:28,15:35,15:42,15:49,15:56,16:03,16:10,16:17,16:24,16:31,16:38,16:45,16:52,16:59,17:06,17:13,17:20,17:27,17:34,17:41,17:48,17:55,18:02,18:09,18:16,18:23,18:30,18:37,18:44,18:51,18:58,19:05,19:12,19:19,19:26,19:33,19:40,19:47,19:52,19:57,20:02,20:07,20:12,20:17,20:22,20:27,20:32,20:37,20:42,20:47,20:52,20:57,21:02,21:07,21:12,21:17,21:22,21:27,21:32,21:37,21:42,21:49,21:56,22:03,22:10,22:17,22:24,22:31,22:38,22:45,22:52,22:59,23:06,23:13,23:20,23:27,23:34,23:41,23:48,23:55,00:02,00:09,00:16,00:23,00:30,00:37,00:44
98,금수선사,06:41,06:48,06:55,07:02,07:09,07:16,07:23,07:30,07:37,07:44,07:51,07:58,08:05,08:12,08:19,08:26,08:33,08:40,08:47,08:52,08:57,09:02,09:07,09:12,09:17,09:22,09:27,09:32,09:37,09:42,09:47,09:52,09:57,10:02,10:07,10:12,10:17,10:22,10:27,10:32,10:37,10:42,10:49,10:56,11:03,11:10,11:17,11:24,11:31,11:38,11:45,11:52,11:59,12:06,12:13,12:20,12:27,12:34,12:41,12:48,12:55,13:02,13:09,13:16,13:23,13:30,13:37,13:44,13:51,13:58,14:05,14:12,14:19,14:26,14:33,14:40,14:47,14:54,15:01,15:08,15:15,15:22,15:29,15:36,15:43,15:50,15:57,16:04,16:11,16:18,16:25,16:32,16:39,16:46,16:53,17:00,17:07,17:14,17:21,17:28,17:35,17:42,17:49,17:56,18:03,18:10,18:17,18:24,18:31,18:38,18:45,18:52,18:59,19:06,19:13,19:20,19:27,19:34,19:41,19:48,19:53,19:58,20:03,20:08,20:13,20:18,20:23,20:28,20:33,20:38,20:43,20:48,20:53,20:58,21:03,21:08,21:13,21:18,21:23,21:28,21:33,21:38,21:43,21:50,21:57,22:04,22:11,22:18,22:25,22:32,22:39,22:46,22:53,23:00,23:07,23:14,23:21,23:28,23:35,23:42,23:49,23:56,00:03,00:10,00:17,00:24,00:31,00:38,00:45
99,구포3동,06:42,06:49,06:56,07:03,07:10,07:17,07:24,07:31,07:38,07:45,07:52,07:59,08:06,08:13,08:20,08:27,08:34,08:41,08:48,08:53,08:58,09:03,09:08,09:13,09:18,09:23,09:28,09:33,09:38,09:43,09:48,09:53,09:58,10:03,10:08,10:13,10:18,10:23,10:28,10:33,10:38,10:43,10:50,10:57,11:04,11:11,11:18,11:25,11:32,11:39,11:46,11:53,12:00,12:07,12:14,12:21,12:28,12:35,12:42,12:49,12:56,13:03,13:10,13:17,13:24,13:31,13:38,13:45,13:52,13:59,14:06,14:13,14:20,14:27,14:34,14:41,14:48,14:55,15:02,15:09,15:16,15:23,15:30,15:37,15:44,15:51,15:58,16:05,16:12,16:19,16:26,16:33,16:40,16:47,16:54,17:01,17:08,17:15,17:22,17:29,17:36,17:43,17:50,17:57,18:04,18:11,18:18,18:25,18:32,18:39,18:46,18:53,19:00,19:07,19:14,19:21,19:28,19:35,19:42,19:49,19:54,19:59,20:04,20:09,20:14,20:19,20:24,20:29,20:34,20:39,20:44,20:49,20:54,20:59,21:04,21:09,21:14,21:19,21:24,21:29,21:34,21:39,21:44,21:51,21:58,22:05,22:12,22:19,22:26,22:33,22:40,22:47,22:54,23:01,23:08,23:15,23:22,23:29,23:36,23:43,23:50,23:57,00:04,00:11,00:18,00:25,00:32,00:39,00:46
