번호,정류소명,첫차
1,송정종점,04:40,04:49,04:58,05:07,05:16,05:25,05:34,05:43,05:52,06:01,06:10,06:19,06:28,06:37,06:46,06:55,07:04,07:13,07:22,07:31,07:40,07:49,07:58,08:07,08:16,08:25,08:34,08:43,08:52,09:01,09:10,09:19,09:28,09:37,09:46,09:55,10:04,10:13,10:22,10:31,10:40,10:49,10:58,11:07,11:16,11:25,11:34,11:43,11:52,12:01,12:10,12:19,12:28,12:37,12:46,12:55,13:04,13:13,13:22,13:31,13:40,13:49,13:58,14:07,14:16,14:25,14:34,14:43,14:52,15:01,15:10,15:19,15:28,15:37,15:46,15:55,16:04,16:13,16:22,16:31,16:40,16:49,16:58,17:07,17:16,17:25,17:34,17:43,17:52,18:01,18:10,18:19,18:28,18:37,18:46,18:55,19:04,19:13,19:22,19:31,19:40,19:49,19:58,20:07,20:16,20:25,20:34,20:43,20:52,21:01,21:10,21:19,21:28,21:37
2,송정1단지주공,04:41,04:50,04:59,05:08,05:17,05:26,05:35,05:44,05:53,06:02,06:11,06:20,06:29,06:38,06:47,06:56,07:05,07:14,07:23,07:32,07:41,07:50,07:59,08:08,08:17,08:26,08:35,08:44,08:53,09:02,09:11,09:20,09:29,09:38,09:47,09:56,10:05,10:14,10:23,10:32,10:41,10:50,10:59,11:08,11:17,11:26,11:35,11:44,11:53,12:02,12:11,12:20,12:29,12:38,12:47,12:56,13:05,13:14,13:23,13:32,13:41,13:50,13:59,14:08,14:17,14:26,14:35,14:44,14:53,15:02,15:11,15:20,15:29,15:38,15:47,15:56,16:05,16:14,16:23,16:32,16:41,16:50,16:59,17:08,17:17,17:26,17:35,17:44,17:53,18:02,18:11,18:20,18:29,18:38,18:47,18:56,19:05,19:14,19:23,19:32,19:41,19:50,19:59,20:08,20:17,20:26,20:35,20:44,20:53,21:02,21:11,21:20,21:29,21:38
3,신도시시장.아세안문화원,04:44,04:53,05:02,05:11,05:20,05:29,05:38,05:47,05:56,06:05,06:14,06:23,06:32,06:41,06:50,06:59,07:08,07:17,07:26,07:35,07:44,07:53,08:02,08:11,08:20,08:29,08:38,08:47,08:56,09:05,09:14,09:23,09:32,09:41,09:50,09:59,10:08,10:17,10:26,10:35,10:44,10:53,11:02,11:11,11:20,11:29,11:38,11:47,11:56,12:05,12:14,12:23,12:32,12:41,12:50,12:59,13:08,13:17,13:26,13:35,13:44,13:53,14:02,14:11,14:20,14:29,14:38,14:47,14:56,15:05,15:14,15:23,15:32,15:41,15:50,15:59,16:08,16:17,16:26,16:35,16:44,16:53,17:02,17:11,17:20,17:29,17:38,17:47,17:56,18:05,18:14,18:23,18:32,18:41,18:50,18:59,19:08,19:17,19:26,19:35,19:44,19:53,20:02,20:11,20:20,20:29,20:38,20:47,20:56,21:05,21:14,21:23,21:32,21:41
4,동신아파트,04:45,04:54,05:03,05:12,05:21,05:30,05:39,05:48,05:57,06:06,06:15,06:24,06:33,06:42,06:51,07:00,07:09,07:18,07:27,07:36,07:45,07:54,08:03,08:12,08:21,08:30,08:39,08:48,08:57,09:06,09:15,09:24,09:33,09:42,09:51,10:00,10:09,10:18,10:27,10:36,10:45,10:54,11:03,11:12,11:21,11:30,11:39,11:48,11:57,12:06,12:15,12:24,12:33,12:42,12:51,13:00,13:09,13:18,13:27,13:36,13:45,13:54,14:03,14:12,14:21,14:30,14:39,14:48,14:57,15:06,15:15,15:24,15:33,15:42,15:51,16:00,16:09,16:18,16:27,16:36,16:45,16:54,17:03,17:12,17:21,17:30,17:39,17:48,17:57,18:06,18:15,18:24,18:33,18:42,18:51,19:00,19:09,19:18,19:27,19:36,19:45,19:54,20:03,20:12,20:21,20:30,20:39,20:48,20:57,21:06,21:15,21:24,21:33,21:42
5,동부아파트,04:46,04:55,05:04,05:13,05:22,05:31,05:40,05:49,05:58,06:07,06:16,06:25,06:34,06:43,06:52,07:01,07:10,07:19,07:28,07:37,07:46,07:55,08:04,08:13,08:22,08:31,08:40,08:49,08:58,09:07,09:16,09:25,09:34,09:43,09:52,10:01,10:10,10:19,10:28,10:37,10:46,10:55,11:04,11:13,11:22,11:31,11:40,11:49,11:58,12:07,12:16,12:25,12:34,12:43,12:52,13:01,13:10,13:19,13:28,13:37,13:46,13:55,14:04,14:13,14:22,14:31,14:40,14:49,14:58,15:07,15:16,15:25,15:34,15:43,15:52,16:01,16:10,16:19,16:28,16:37,16:46,16:55,17:04,17:13,17:22,17:31,17:40,17:49,17:58,18:07,18:16,18:25,18:34,18:43,18:52,19:01,19:10,19:19,19:28,19:37,19:46,19:55,20:04,20:13,20:22,20:31,20:40,20:49,20:58,21:07,21:16,21:25,21:34,21:43
6,대동아파트,04:47,04:56,05:05,05:14,05:23,05:32,05:41,05:50,05:59,06:08,06:17,06:26,06:35,06:44,06:53,07:02,07:11,07:20,07:29,07:38,07:47,07:56,08:05,08:14,08:23,08:32,08:41,08:50,08:59,09:08,09:17,09:26,09:35,09:44,09:53,10:02,10:11,10:20,10:29,10:38,10:47,10:56,11:05,11:14,11:23,11:32,11:41,11:50,11:59,12:08,12:17,12:26,12:35,12:44,12:53,13:02,13:11,13:20,13:29,13:38,13:47,13:56,14:05,14:14,14:23,14:32,14:41,14:50,14:59,15:08,15:17,15:26,15:35,15:44,15:53,16:02,16:11,16:20,16:29,16:38,16:47,16:56,17:05,17:14,17:23,17:32,17:41,17:50,17:59,18:08,18:17,18:26,18:35,18:44,18:53,19:02,19:11,19:20,19:29,19:38,19:47,19:56,20:05,20:14,20:23,20:32,20:41,20:50,20:59,21:08,21:17,21:26,21:35,21:44
7,대림1차아파트,04:48,04:57,05:06,05:15,05:24,05:33,05:42,05:51,06:00,06:09,06:18,06:27,06:36,06:45,06:54,07:03,07:12,07:21,07:30,07:39,07:48,07:57,08:06,08:15,08:24,08:33,08:42,08:51,09:00,09:09,09:18,09:27,09:36,09:45,09:54,10:03,10:12,10:21,10:30,10:39,10:48,10:57,11:06,11:15,11:24,11:33,11:42,11:51,12:00,12:09,12:18,12:27,12:36,12:45,12:54,13:03,13:12,13:21,13:30,13:39,13:48,13:57,14:06,14:15,14:24,14:33,14:42,14:51,15:00,15:09,15:18,15:27,15:36,15:45,15:54,16:03,16:12,16:21,16:30,16:39,16:48,16:57,17:06,17:15,17:24,17:33,17:42,17:51,18:00,18:09,18:18,18:27,18:36,18:45,18:54,19:03,19:12,19:21,19:30,19:39,19:48,19:57,20:06,20:15,20:24,20:33,20:42,20:51,21:00,21:09,21:18,21:27,21:36,21:45
8,대림3차아파트,04:49,04:58,05:07,05:16,05:25,05:34,05:43,05:52,06:01,06:10,06:19,06:28,06:37,06:46,06:55,07:04,07:13,07:22,07:31,07:40,07:49,07:58,08:07,08:16,08:25,08:34,08:43,08:52,09:01,09:10,09:19,09:28,09:37,09:46,09:55,10:04,10:13,10:22,10:31,10:40,10:49,10:58,11:07,11:16,11:25,11:34,11:43,11:52,12:01,12:10,12:19,12:28,12:37,12:46,12:55,13:04,13:13,13:22,13:31,13:40,13:49,13:58,14:07,14:16,14:25,14:34,14:43,14:52,15:01,15:10,15:19,15:28,15:37,15:46,15:55,16:04,16:13,16:22,16:31,16:40,16:49,16:58,17:07,17:16,17:25,17:34,17:43,17:52,18:01,18:10,18:19,18:28,18:37,18:46,18:55,19:04,19:13,19:22,19:31,19:40,19:49,19:58,20:07,20:16,20:25,20:34,20:43,20:52,21:01,21:10,21:19,21:28,21:37,21:46
9,좌3동행정복지센터,04:51,05:00,05:09,05:18,05:27,05:36,05:45,05:54,06:03,06:12,06:21,06:30,06:39,06:48,06:57,07:06,07:15,07:24,07:33,07:42,07:51,08:00,08:09,08:18,08:27,08:36,08:45,08:54,09:03,09:12,09:21,09:30,09:39,09:48,09:57,10:06,10:15,10:24,10:33,10:42,10:51,11:00,11:09,11:18,11:27,11:36,11:45,11:54,12:03,12:12,12:21,12:30,12:39,12:48,12:57,13:06,13:15,13:24,13:33,13:42,13:51,14:00,14:09,14:18,14:27,14:36,14:45,14:54,15:03,15:12,15:21,15:30,15:39,15:48,15:57,16:06,16:15,16:24,16:33,16:42,16:51,17:00,17:09,17:18,17:27,17:36,17:45,17:54,18:03,18:12,18:21,18:30,18:39,18:48,18:57,19:06,19:15,19:24,19:33,19:42,19:51,20:00,20:09,20:18,20:27,20:36,20:45,20:54,21:03,21:12,21:21,21:30,21:39,21:48
10,신도중.신도고등학교,04:52,05:01,05:10,05:19,05:28,05:37,05:46,05:55,06:04,06:13,06:22,06:31,06:40,06:49,06:58,07:07,07:16,07:25,07:34,07:43,07:52,08:01,08:10,08:19,08:28,08:37,08:46,08:55,09:04,09:13,09:22,09:31,09:40,09:49,09:58,10:07,10:16,10:25,10:34,10:43,10:52,11:01,11:10,11:19,11:28,11:37,11:46,11:55,12:04,12:13,12:22,12:31,12:40,12:49,12:58,13:07,13:16,13:25,13:34,13:43,13:52,14:01,14:10,14:19,14:28,14:37,14:46,14:55,15:04,15:13,15:22,15:31,15:40,15:49,15:58,16:07,16:16,16:25,16:34,16:43,16:52,17:01,17:10,17:19,17:28,17:37,17:46,17:55,18:04,18:13,18:22,18:31,18:40,18:49,18:58,19:07,19:16,19:25,19:34,19:43,19:52,20:01,20:10,20:19,20:28,20:37,20:46,20:55,21:04,21:13,21:22,21:31,21:40,21:49
11,해운대세무서,04:53,05:02,05:11,05:20,05:29,05:38,05:47,05:56,06:05,06:14,06:23,06:32,06:41,06:50,06:59,07:08,07:17,07:26,07:35,07:44,07:53,08:02,08:11,08:20,08:29,08:38,08:47,08:56,09:05,09:14,09:23,09:32,09:41,09:50,09:59,10:08,10:17,10:26,10:35,10:44,10:53,11:02,11:11,11:20,11:29,11:38,11:47,11:56,12:05,12:14,12:23,12:32,12:41,12:50,12:59,13:08,13:17,13:26,13:35,13:44,13:53,14:02,14:11,14:20,14:29,14:38,14:47,14:56,15:05,15:14,15:23,15:32,15:41,15:50,15:59,16:08,16:17,16:26,16:35,16:44,16:53,17:02,17:11,17:20,17:29,17:38,17:47,17:56,18:05,18:14,18:23,18:32,18:41,18:50,18:59,19:08,19:17,19:26,19:35,19:44,19:53,20:02,20:11,20:20,20:29,20:38,20:47,20:56,21:05,21:14,21:23,21:32,21:41,21:50
12,중동역,04:55,05:04,05:13,05:22,05:31,05:40,05:49,05:58,06:07,06:16,06:25,06:34,06:43,06:52,07:01,07:10,07:19,07:28,07:37,07:46,07:55,08:04,08:13,08:22,08:31,08:40,08:49,08:58,09:07,09:16,09:25,09:34,09:43,09:52,10:01,10:10,10:19,10:28,10:37,10:46,10:55,11:04,11:13,11:22,11:31,11:40,11:49,11:58,12:07,12:16,12:25,12:34,12:43,12:52,13:01,13:10,13:19,13:28,13:37,13:46,13:55,14:04,14:13,14:22,14:31,14:40,14:49,14:58,15:07,15:16,15:25,15:34,15:43,15:52,16:01,16:10,16:19,16:28,16:37,16:46,16:55,17:04,17:13,17:22,17:31,17:40,17:49,17:58,18:07,18:16,18:25,18:34,18:43,18:52,19:01,19:10,19:19,19:28,19:37,19:46,19:55,20:04,20:13,20:22,20:31,20:40,20:49,20:58,21:07,21:16,21:25,21:34,21:43,21:52
13,해운대구청,04:57,05:06,05:15,05:24,05:33,05:42,05:51,06:00,06:09,06:18,06:27,06:36,06:45,06:54,07:03,07:12,07:21,07:30,07:39,07:48,07:57,08:06,08:15,08:24,08:33,08:42,08:51,09:00,09:09,09:18,09:27,09:36,09:45,09:54,10:03,10:12,10:21,10:30,10:39,10:48,10:57,11:06,11:15,11:24,11:33,11:42,11:51,12:00,12:09,12:18,12:27,12:36,12:45,12:54,13:03,13:12,13:21,13:30,13:39,13:48,13:57,14:06,14:15,14:24,14:33,14:42,14:51,15:00,15:09,15:18,15:27,15:36,15:45,15:54,16:03,16:12,16:21,16:30,16:39,16:48,16:57,17:06,17:15,17:24,17:33,17:42,17:51,18:00,18:09,18:18,18:27,18:36,18:45,18:54,19:03,19:12,19:21,19:30,19:39,19:48,19:57,20:06,20:15,20:24,20:33,20:42,20:51,21:00,21:09,21:18,21:27,21:36,21:45,21:54
14,해운대구청어귀삼거리,04:58,05:07,05:16,05:25,05:34,05:43,05:52,06:01,06:10,06:19,06:28,06:37,06:46,06:55,07:04,07:13,07:22,07:31,07:40,07:49,07:58,08:07,08:16,08:25,08:34,08:43,08:52,09:01,09:10,09:19,09:28,09:37,09:46,09:55,10:04,10:13,10:22,10:31,10:40,10:49,10:58,11:07,11:16,11:25,11:34,11:43,11:52,12:01,12:10,12:19,12:28,12:37,12:46,12:55,13:04,13:13,13:22,13:31,13:40,13:49,13:58,14:07,14:16,14:25,14:34,14:43,14:52,15:01,15:10,15:19,15:28,15:37,15:46,15:55,16:04,16:13,16:22,16:31,16:40,16:49,16:58,17:07,17:16,17:25,17:34,17:43,17:52,18:01,18:10,18:19,18:28,18:37,18:46,18:55,19:04,19:13,19:22,19:31,19:40,19:49,19:58,20:07,20:16,20:25,20:34,20:43,20:52,21:01,21:10,21:19,21:28,21:37,21:46,21:55
15,해운대도시철도역,05:00,05:09,05:18,05:27,05:36,05:45,05:54,06:03,06:12,06:21,06:30,06:39,06:48,06:57,07:06,07:15,07:24,07:33,07:42,07:51,08:00,08:09,08:18,08:27,08:36,08:45,08:54,09:03,09:12,09:21,09:30,09:39,09:48,09:57,10:06,10:15,10:24,10:33,10:42,10:51,11:00,11:09,11:18,11:27,11:36,11:45,11:54,12:03,12:12,12:21,12:30,12:39,12:48,12:57,13:06,13:15,13:24,13:33,13:42,13:51,14:00,14:09,14:18,14:27,14:36,14:45,14:54,15:03,15:12,15:21,15:30,15:39,15:48,15:57,16:06,16:15,16:24,16:33,16:42,16:51,17:00,17:09,17:18,17:27,17:36,17:45,17:54,18:03,18:12,18:21,18:30,18:39,18:48,18:57,19:06,19:15,19:24,19:33,19:42,19:51,20:00,20:09,20:18,20:27,20:36,20:45,20:54,21:03,21:12,21:21,21:30,21:39,21:48,21:57
16,운촌,05:02,05:11,05:20,05:29,05:38,05:47,05:56,06:05,06:14,06:23,06:32,06:41,06:50,06:59,07:08,07:17,07:26,07:35,07:44,07:53,08:02,08:11,08:20,08:29,08:38,08:47,08:56,09:05,09:14,09:23,09:32,09:41,09:50,09:59,10:08,10:17,10:26,10:35,10:44,10:53,11:02,11:11,11:20,11:29,11:38,11:47,11:56,12:05,12:14,12:23,12:32,12:41,12:50,12:59,13:08,13:17,13:26,13:35,13:44,13:53,14:02,14:11,14:20,14:29,14:38,14:47,14:56,15:05,15:14,15:23,15:32,15:41,15:50,15:59,16:08,16:17,16:26,16:35,16:44,16:53,17:02,17:11,17:20,17:29,17:38,17:47,17:56,18:05,18:14,18:23,18:32,18:41,18:50,18:59,19:08,19:17,19:26,19:35,19:44,19:53,20:02,20:11,20:20,20:29,20:38,20:47,20:56,21:05,21:14,21:23,21:32,21:41,21:50,21:59
17,동백역,05:03,05:12,05:21,05:30,05:39,05:48,05:57,06:06,06:15,06:24,06:33,06:42,06:51,07:00,07:09,07:18,07:27,07:36,07:45,07:54,08:03,08:12,08:21,08:30,08:39,08:48,08:57,09:06,09:15,09:24,09:33,09:42,09:51,10:00,10:09,10:18,10:27,10:36,10:45,10:54,11:03,11:12,11:21,11:30,11:39,11:48,11:57,12:06,12:15,12:24,12:33,12:42,12:51,13:00,13:09,13:18,13:27,13:36,13:45,13:54,14:03,14:12,14:21,14:30,14:39,14:48,14:57,15:06,15:15,15:24,15:33,15:42,15:51,16:00,16:09,16:18,16:27,16:36,16:45,16:54,17:03,17:12,17:21,17:30,17:39,17:48,17:57,18:06,18:15,18:24,18:33,18:42,18:51,19:00,19:09,19:18,19:27,19:36,19:45,19:54,20:03,20:12,20:21,20:30,20:39,20:48,20:57,21:06,21:15,21:24,21:33,21:42,21:51,22:00
18,부산문화여고,05:05,05:14,05:23,05:32,05:41,05:50,05:59,06:08,06:17,06:26,06:35,06:44,06:53,07:02,07:11,07:20,07:29,07:38,07:47,07:56,08:05,08:14,08:23,08:32,08:41,08:50,08:59,09:08,09:17,09:26,09:35,09:44,09:53,10:02,10:11,10:20,10:29,10:38,10:47,10:56,11:05,11:14,11:23,11:32,11:41,11:50,11:59,12:08,12:17,12:26,12:35,12:44,12:53,13:02,13:11,13:20,13:29,13:38,13:47,13:56,14:05,14:14,14:23,14:32,14:41,14:50,14:59,15:08,15:17,15:26,15:35,15:44,15:53,16:02,16:11,16:20,16:29,16:38,16:47,16:56,17:05,17:14,17:23,17:32,17:41,17:50,17:59,18:08,18:17,18:26,18:35,18:44,18:53,19:02,19:11,19:20,19:29,19:38,19:47,19:56,20:05,20:14,20:23,20:32,20:41,20:50,20:59,21:08,21:17,21:26,21:35,21:44,21:53,22:02
19,올림픽교차로,05:06,05:15,05:24,05:33,05:42,05:51,06:00,06:09,06:18,06:27,06:36,06:45,06:54,07:03,07:12,07:21,07:30,07:39,07:48,07:57,08:06,08:15,08:24,08:33,08:42,08:51,09:00,09:09,09:18,09:27,09:36,09:45,09:54,10:03,10:12,10:21,10:30,10:39,10:48,10:57,11:06,11:15,11:24,11:33,11:42,11:51,12:00,12:09,12:18,12:27,12:36,12:45,12:54,13:03,13:12,13:21,13:30,13:39,13:48,13:57,14:06,14:15,14:24,14:33,14:42,14:51,15:00,15:09,15:18,15:27,15:36,15:45,15:54,16:03,16:12,16:21,16:30,16:39,16:48,16:57,17:06,17:15,17:24,17:33,17:42,17:51,18:00,18:09,18:18,18:27,18:36,18:45,18:54,19:03,19:12,19:21,19:30,19:39,19:48,19:57,20:06,20:15,20:24,20:33,20:42,20:51,21:00,21:09,21:18,21:27,21:36,21:45,21:54,22:03
20,벡스코.시립미술관,05:07,05:16,05:25,05:34,05:43,05:52,06:01,06:10,06:19,06:28,06:37,06:46,06:55,07:04,07:13,07:22,07:31,07:40,07:49,07:58,08:07,08:16,08:25,08:34,08:43,08:52,09:01,09:10,09:19,09:28,09:37,09:46,09:55,10:04,10:13,10:22,10:31,10:40,10:49,10:58,11:07,11:16,11:25,11:34,11:43,11:52,12:01,12:10,12:19,12:28,12:37,12:46,12:55,13:04,13:13,13:22,13:31,13:40,13:49,13:58,14:07,14:16,14:25,14:34,14:43,14:52,15:01,15:10,15:19,15:28,15:37,15:46,15:55,16:04,16:13,16:22,16:31,16:40,16:49,16:58,17:07,17:16,17:25,17:34,17:43,17:52,18:01,18:10,18:19,18:28,18:37,18:46,18:55,19:04,19:13,19:22,19:31,19:40,19:49,19:58,20:07,20:16,20:25,20:34,20:43,20:52,21:01,21:10,21:19,21:28,21:37,21:46,21:55,22:04
21,동해선벡스코역,05:09,05:18,05:27,05:36,05:45,05:54,06:03,06:12,06:21,06:30,06:39,06:48,06:57,07:06,07:15,07:24,07:33,07:42,07:51,08:00,08:09,08:18,08:27,08:36,08:45,08:54,09:03,09:12,09:21,09:30,09:39,09:48,09:57,10:06,10:15,10:24,10:33,10:42,10:51,11:00,11:09,11:18,11:27,11:36,11:45,11:54,12:03,12:12,12:21,12:30,12:39,12:48,12:57,13:06,13:15,13:24,13:33,13:42,13:51,14:00,14:09,14:18,14:27,14:36,14:45,14:54,15:03,15:12,15:21,15:30,15:39,15:48,15:57,16:06,16:15,16:24,16:33,16:42,16:51,17:00,17:09,17:18,17:27,17:36,17:45,17:54,18:03,18:12,18:21,18:30,18:39,18:48,18:57,19:06,19:15,19:24,19:33,19:42,19:51,20:00,20:09,20:18,20:27,20:36,20:45,20:54,21:03,21:12,21:21,21:30,21:39,21:48,21:57,22:06
22,센텀센시빌,05:10,05:19,05:28,05:37,05:46,05:55,06:04,06:13,06:22,06:31,06:40,06:49,06:58,07:07,07:16,07:25,07:34,07:43,07:52,08:01,08:10,08:19,08:28,08:37,08:46,08:55,09:04,09:13,09:22,09:31,09:40,09:49,09:58,10:07,10:16,10:25,10:34,10:43,10:52,11:01,11:10,11:19,11:28,11:37,11:46,11:55,12:04,12:13,12:22,12:31,12:40,12:49,12:58,13:07,13:16,13:25,13:34,13:43,13:52,14:01,14:10,14:19,14:28,14:37,14:46,14:55,15:04,15:13,15:22,15:31,15:40,15:49,15:58,16:07,16:16,16:25,16:34,16:43,16:52,17:01,17:10,17:19,17:28,17:37,17:46,17:55,18:04,18:13,18:22,18:31,18:40,18:49,18:58,19:07,19:16,19:25,19:34,19:43,19:52,20:01,20:10,20:19,20:28,20:37,20:46,20:55,21:04,21:13,21:22,21:31,21:40,21:49,21:58,22:07
23,센텀고등학교,05:11,05:20,05:29,05:38,05:47,05:56,06:05,06:14,06:23,06:32,06:41,06:50,06:59,07:08,07:17,07:26,07:35,07:44,07:53,08:02,08:11,08:20,08:29,08:38,08:47,08:56,09:05,09:14,09:23,09:32,09:41,09:50,09:59,10:08,10:17,10:26,10:35,10:44,10:53,11:02,11:11,11:20,11:29,11:38,11:47,11:56,12:05,12:14,12:23,12:32,12:41,12:50,12:59,13:08,13:17,13:26,13:35,13:44,13:53,14:02,14:11,14:20,14:29,14:38,14:47,14:56,15:05,15:14,15:23,15:32,15:41,15:50,15:59,16:08,16:17,16:26,16:35,16:44,16:53,17:02,17:11,17:20,17:29,17:38,17:47,17:56,18:05,18:14,18:23,18:32,18:41,18:50,18:59,19:08,19:17,19:26,19:35,19:44,19:53,20:02,20:11,20:20,20:29,20:38,20:47,20:56,21:05,21:14,21:23,21:32,21:41,21:50,21:59,22:08
24,동해선센텀역,05:12,05:21,05:30,05:39,05:48,05:57,06:06,06:15,06:24,06:33,06:42,06:51,07:00,07:09,07:18,07:27,07:36,07:45,07:54,08:03,08:12,08:21,08:30,08:39,08:48,08:57,09:06,09:15,09:24,09:33,09:42,09:51,10:00,10:09,10:18,10:27,10:36,10:45,10:54,11:03,11:12,11:21,11:30,11:39,11:48,11:57,12:06,12:15,12:24,12:33,12:42,12:51,13:00,13:09,13:18,13:27,13:36,13:45,13:54,14:03,14:12,14:21,14:30,14:39,14:48,14:57,15:06,15:15,15:24,15:33,15:42,15:51,16:00,16:09,16:18,16:27,16:36,16:45,16:54,17:03,17:12,17:21,17:30,17:39,17:48,17:57,18:06,18:15,18:24,18:33,18:42,18:51,19:00,19:09,19:18,19:27,19:36,19:45,19:54,20:03,20:12,20:21,20:30,20:39,20:48,20:57,21:06,21:15,21:24,21:33,21:42,21:51,22:00,22:09
25,동부지청어귀교차로,05:13,05:22,05:31,05:40,05:49,05:58,06:07,06:16,06:25,06:34,06:43,06:52,07:01,07:10,07:19,07:28,07:37,07:46,07:55,08:04,08:13,08:22,08:31,08:40,08:49,08:58,09:07,09:16,09:25,09:34,09:43,09:52,10:01,10:10,10:19,10:28,10:37,10:46,10:55,11:04,11:13,11:22,11:31,11:40,11:49,11:58,12:07,12:16,12:25,12:34,12:43,12:52,13:01,13:10,13:19,13:28,13:37,13:46,13:55,14:04,14:13,14:22,14:31,14:40,14:49,14:58,15:07,15:16,15:25,15:34,15:43,15:52,16:01,16:10,16:19,16:28,16:37,16:46,16:55,17:04,17:13,17:22,17:31,17:40,17:49,17:58,18:07,18:16,18:25,18:34,18:43,18:52,19:01,19:10,19:19,19:28,19:37,19:46,19:55,20:04,20:13,20:22,20:31,20:40,20:49,20:58,21:07,21:16,21:25,21:34,21:43,21:52,22:01,22:10
26,해운대경찰서,05:15,05:24,05:33,05:42,05:51,06:00,06:09,06:18,06:27,06:36,06:45,06:54,07:03,07:12,07:21,07:30,07:39,07:48,07:57,08:06,08:15,08:24,08:33,08:42,08:51,09:00,09:09,09:18,09:27,09:36,09:45,09:54,10:03,10:12,10:21,10:30,10:39,10:48,10:57,11:06,11:15,11:24,11:33,11:42,11:51,12:00,12:09,12:18,12:27,12:36,12:45,12:54,13:03,13:12,13:21,13:30,13:39,13:48,13:57,14:06,14:15,14:24,14:33,14:42,14:51,15:00,15:09,15:18,15:27,15:36,15:45,15:54,16:03,16:12,16:21,16:30,16:39,16:48,16:57,17:06,17:15,17:24,17:33,17:42,17:51,18:00,18:09,18:18,18:27,18:36,18:45,18:54,19:03,19:12,19:21,19:30,19:39,19:48,19:57,20:06,20:15,20:24,20:33,20:42,20:51,21:00,21:09,21:18,21:27,21:36,21:45,21:54,22:03,22:12
27,동해선재송역,05:16,05:25,05:34,05:43,05:52,06:01,06:10,06:19,06:28,06:37,06:46,06:55,07:04,07:13,07:22,07:31,07:40,07:49,07:58,08:07,08:16,08:25,08:34,08:43,08:52,09:01,09:10,09:19,09:28,09:37,09:46,09:55,10:04,10:13,10:22,10:31,10:40,10:49,10:58,11:07,11:16,11:25,11:34,11:43,11:52,12:01,12:10,12:19,12:28,12:37,12:46,12:55,13:04,13:13,13:22,13:31,13:40,13:49,13:58,14:07,14:16,14:25,14:34,14:43,14:52,15:01,15:10,15:19,15:28,15:37,15:46,15:55,16:04,16:13,16:22,16:31,16:40,16:49,16:58,17:07,17:16,17:25,17:34,17:43,17:52,18:01,18:10,18:19,18:28,18:37,18:46,18:55,19:04,19:13,19:22,19:31,19:40,19:49,19:58,20:07,20:16,20:25,20:34,20:43,20:52,21:01,21:10,21:19,21:28,21:37,21:46,21:55,22:04,22:13
28,원동IC교차로,05:18,05:27,05:36,05:45,05:54,06:03,06:12,06:21,06:30,06:39,06:48,06:57,07:06,07:15,07:24,07:33,07:42,07:51,08:00,08:09,08:18,08:27,08:36,08:45,08:54,09:03,09:12,09:21,09:30,09:39,09:48,09:57,10:06,10:15,10:24,10:33,10:42,10:51,11:00,11:09,11:18,11:27,11:36,11:45,11:54,12:03,12:12,12:21,12:30,12:39,12:48,12:57,13:06,13:15,13:24,13:33,13:42,13:51,14:00,14:09,14:18,14:27,14:36,14:45,14:54,15:03,15:12,15:21,15:30,15:39,15:48,15:57,16:06,16:15,16:24,16:33,16:42,16:51,17:00,17:09,17:18,17:27,17:36,17:45,17:54,18:03,18:12,18:21,18:30,18:39,18:48,18:57,19:06,19:15,19:24,19:33,19:42,19:51,20:00,20:09,20:18,20:27,20:36,20:45,20:54,21:03,21:12,21:21,21:30,21:39,21:48,21:57,22:06,22:15
29,부산원동역,05:20,05:29,05:38,05:47,05:56,06:05,06:14,06:23,06:32,06:41,06:50,06:59,07:08,07:17,07:26,07:35,07:44,07:53,08:02,08:11,08:20,08:29,08:38,08:47,08:56,09:05,09:14,09:23,09:32,09:41,09:50,09:59,10:08,10:17,10:26,10:35,10:44,10:53,11:02,11:11,11:20,11:29,11:38,11:47,11:56,12:05,12:14,12:23,12:32,12:41,12:50,12:59,13:08,13:17,13:26,13:35,13:44,13:53,14:02,14:11,14:20,14:29,14:38,14:47,14:56,15:05,15:14,15:23,15:32,15:41,15:50,15:59,16:08,16:17,16:26,16:35,16:44,16:53,17:02,17:11,17:20,17:29,17:38,17:47,17:56,18:05,18:14,18:23,18:32,18:41,18:50,18:59,19:08,19:17,19:26,19:35,19:44,19:53,20:02,20:11,20:20,20:29,20:38,20:47,20:56,21:05,21:14,21:23,21:32,21:41,21:50,21:59,22:08,22:17
30,안락뜨란채삼거리,05:21,05:30,05:39,05:48,05:57,06:06,06:15,06:24,06:33,06:42,06:51,07:00,07:09,07:18,07:27,07:36,07:45,07:54,08:03,08:12,08:21,08:30,08:39,08:48,08:57,09:06,09:15,09:24,09:33,09:42,09:51,10:00,10:09,10:18,10:27,10:36,10:45,10:54,11:03,11:12,11:21,11:30,11:39,11:48,11:57,12:06,12:15,12:24,12:33,12:42,12:51,13:00,13:09,13:18,13:27,13:36,13:45,13:54,14:03,14:12,14:21,14:30,14:39,14:48,14:57,15:06,15:15,15:24,15:33,15:42,15:51,16:00,16:09,16:18,16:27,16:36,16:45,16:54,17:03,17:12,17:21,17:30,17:39,17:48,17:57,18:06,18:15,18:24,18:33,18:42,18:51,19:00,19:09,19:18,19:27,19:36,19:45,19:54,20:03,20:12,20:21,20:30,20:39,20:48,20:57,21:06,21:15,21:24,21:33,21:42,21:51,22:00,22:09,22:18
31,동래한전,05:22,05:31,05:40,05:49,05:58,06:07,06:16,06:25,06:34,06:43,06:52,07:01,07:10,07:19,07:28,07:37,07:46,07:55,08:04,08:13,08:22,08:31,08:40,08:49,08:58,09:07,09:16,09:25,09:34,09:43,09:52,10:01,10:10,10:19,10:28,10:37,10:46,10:55,11:04,11:13,11:22,11:31,11:40,11:49,11:58,12:07,12:16,12:25,12:34,12:43,12:52,13:01,13:10,13:19,13:28,13:37,13:46,13:55,14:04,14:13,14:22,14:31,14:40,14:49,14:58,15:07,15:16,15:25,15:34,15:43,15:52,16:01,16:10,16:19,16:28,16:37,16:46,16:55,17:04,17:13,17:22,17:31,17:40,17:49,17:58,18:07,18:16,18:25,18:34,18:43,18:52,19:01,19:10,19:19,19:28,19:37,19:46,19:55,20:04,20:13,20:22,20:31,20:40,20:49,20:58,21:07,21:16,21:25,21:34,21:43,21:52,22:01,22:10,22:19
32,안락동우체국.동해선안락역,05:23,05:32,05:41,05:50,05:59,06:08,06:17,06:26,06:35,06:44,06:53,07:02,07:11,07:20,07:29,07:38,07:47,07:56,08:05,08:14,08:23,08:32,08:41,08:50,08:59,09:08,09:17,09:26,09:35,09:44,09:53,10:02,10:11,10:20,10:29,10:38,10:47,10:56,11:05,11:14,11:23,11:32,11:41,11:50,11:59,12:08,12:17,12:26,12:35,12:44,12:53,13:02,13:11,13:20,13:29,13:38,13:47,13:56,14:05,14:14,14:23,14:32,14:41,14:50,14:59,15:08,15:17,15:26,15:35,15:44,15:53,16:02,16:11,16:20,16:29,16:38,16:47,16:56,17:05,17:14,17:23,17:32,17:41,17:50,17:59,18:08,18:17,18:26,18:35,18:44,18:53,19:02,19:11,19:20,19:29,19:38,19:47,19:56,20:05,20:14,20:23,20:32,20:41,20:50,20:59,21:08,21:17,21:26,21:35,21:44,21:53,22:02,22:11,22:20
33,낙민역.동래고등학교,05:24,05:33,05:42,05:51,06:00,06:09,06:18,06:27,06:36,06:45,06:54,07:03,07:12,07:21,07:30,07:39,07:48,07:57,08:06,08:15,08:24,08:33,08:42,08:51,09:00,09:09,09:18,09:27,09:36,09:45,09:54,10:03,10:12,10:21,10:30,10:39,10:48,10:57,11:06,11:15,11:24,11:33,11:42,11:51,12:00,12:09,12:18,12:27,12:36,12:45,12:54,13:03,13:12,13:21,13:30,13:39,13:48,13:57,14:06,14:15,14:24,14:33,14:42,14:51,15:00,15:09,15:18,15:27,15:36,15:45,15:54,16:03,16:12,16:21,16:30,16:39,16:48,16:57,17:06,17:15,17:24,17:33,17:42,17:51,18:00,18:09,18:18,18:27,18:36,18:45,18:54,19:03,19:12,19:21,19:30,19:39,19:48,19:57,20:06,20:15,20:24,20:33,20:42,20:51,21:00,21:09,21:18,21:27,21:36,21:45,21:54,22:03,22:12,22:21
34,동래시장,05:25,05:34,05:43,05:52,06:01,06:10,06:19,06:28,06:37,06:46,06:55,07:04,07:13,07:22,07:31,07:40,07:49,07:58,08:07,08:16,08:25,08:34,08:43,08:52,09:01,09:10,09:19,09:28,09:37,09:46,09:55,10:04,10:13,10:22,10:31,10:40,10:49,10:58,11:07,11:16,11:25,11:34,11:43,11:52,12:01,12:10,12:19,12:28,12:37,12:46,12:55,13:04,13:13,13:22,13:31,13:40,13:49,13:58,14:07,14:16,14:25,14:34,14:43,14:52,15:01,15:10,15:19,15:28,15:37,15:46,15:55,16:04,16:13,16:22,16:31,16:40,16:49,16:58,17:07,17:16,17:25,17:34,17:43,17:52,18:01,18:10,18:19,18:28,18:37,18:46,18:55,19:04,19:13,19:22,19:31,19:40,19:49,19:58,20:07,20:16,20:25,20:34,20:43,20:52,21:01,21:10,21:19,21:28,21:37,21:46,21:55,22:04,22:13,22:22
35,수안역.동래교차로,05:27,05:36,05:45,05:54,06:03,06:12,06:21,06:30,06:39,06:48,06:57,07:06,07:15,07:24,07:33,07:42,07:51,08:00,08:09,08:18,08:27,08:36,08:45,08:54,09:03,09:12,09:21,09:30,09:39,09:48,09:57,10:06,10:15,10:24,10:33,10:42,10:51,11:00,11:09,11:18,11:27,11:36,11:45,11:54,12:03,12:12,12:21,12:30,12:39,12:48,12:57,13:06,13:15,13:24,13:33,13:42,13:51,14:00,14:09,14:18,14:27,14:36,14:45,14:54,15:03,15:12,15:21,15:30,15:39,15:48,15:57,16:06,16:15,16:24,16:33,16:42,16:51,17:00,17:09,17:18,17:27,17:36,17:45,17:54,18:03,18:12,18:21,18:30,18:39,18:48,18:57,19:06,19:15,19:24,19:33,19:42,19:51,20:00,20:09,20:18,20:27,20:36,20:45,20:54,21:03,21:12,21:21,21:30,21:39,21:48,21:57,22:06,22:15,22:24
36,메가마트동래점,05:28,05:37,05:46,05:55,06:04,06:13,06:22,06:31,06:40,06:49,06:58,07:07,07:16,07:25,07:34,07:43,07:52,08:01,08:10,08:19,08:28,08:37,08:46,08:55,09:04,09:13,09:22,09:31,09:40,09:49,09:58,10:07,10:16,10:25,10:34,10:43,10:52,11:01,11:10,11:19,11:28,11:37,11:46,11:55,12:04,12:13,12:22,12:31,12:40,12:49,12:58,13:07,13:16,13:25,13:34,13:43,13:52,14:01,14:10,14:19,14:28,14:37,14:46,14:55,15:04,15:13,15:22,15:31,15:40,15:49,15:58,16:07,16:16,16:25,16:34,16:43,16:52,17:01,17:10,17:19,17:28,17:37,17:46,17:55,18:04,18:13,18:22,18:31,18:40,18:49,18:58,19:07,19:16,19:25,19:34,19:43,19:52,20:01,20:10,20:19,20:28,20:37,20:46,20:55,21:04,21:13,21:22,21:31,21:40,21:49,21:58,22:07,22:16,22:25
37,동래역.내성교차로,05:29,05:38,05:47,05:56,06:05,06:14,06:23,06:32,06:41,06:50,06:59,07:08,07:17,07:26,07:35,07:44,07:53,08:02,08:11,08:20,08:29,08:38,08:47,08:56,09:05,09:14,09:23,09:32,09:41,09:50,09:59,10:08,10:17,10:26,10:35,10:44,10:53,11:02,11:11,11:20,11:29,11:38,11:47,11:56,12:05,12:14,12:23,12:32,12:41,12:50,12:59,13:08,13:17,13:26,13:35,13:44,13:53,14:02,14:11,14:20,14:29,14:38,14:47,14:56,15:05,15:14,15:23,15:32,15:41,15:50,15:59,16:08,16:17,16:26,16:35,16:44,16:53,17:02,17:11,17:20,17:29,17:38,17:47,17:56,18:05,18:14,18:23,18:32,18:41,18:50,18:59,19:08,19:17,19:26,19:35,19:44,19:53,20:02,20:11,20:20,20:29,20:38,20:47,20:56,21:05,21:14,21:23,21:32,21:41,21:50,21:59,22:08,22:17,22:26
38,내성중학교,05:31,05:40,05:49,05:58,06:07,06:16,06:25,06:34,06:43,06:52,07:01,07:10,07:19,07:28,07:37,07:46,07:55,08:04,08:13,08:22,08:31,08:40,08:49,08:58,09:07,09:16,09:25,09:34,09:43,09:52,10:01,10:10,10:19,10:28,10:37,10:46,10:55,11:04,11:13,11:22,11:31,11:40,11:49,11:58,12:07,12:16,12:25,12:34,12:43,12:52,13:01,13:10,13:19,13:28,13:37,13:46,13:55,14:04,14:13,14:22,14:31,14:40,14:49,14:58,15:07,15:16,15:25,15:34,15:43,15:52,16:01,16:10,16:19,16:28,16:37,16:46,16:55,17:04,17:13,17:22,17:31,17:40,17:49,17:58,18:07,18:16,18:25,18:34,18:43,18:52,19:01,19:10,19:19,19:28,19:37,19:46,19:55,20:04,20:13,20:22,20:31,20:40,20:49,20:58,21:07,21:16,21:25,21:34,21:43,21:52,22:01,22:10,22:19,22:28
39,부전교회,05:32,05:41,05:50,05:59,06:08,06:17,06:26,06:35,06:44,06:53,07:02,07:11,07:20,07:29,07:38,07:47,07:56,08:05,08:14,08:23,08:32,08:41,08:50,08:59,09:08,09:17,09:26,09:35,09:44,09:53,10:02,10:11,10:20,10:29,10:38,10:47,10:56,11:05,11:14,11:23,11:32,11:41,11:50,11:59,12:08,12:17,12:26,12:35,12:44,12:53,13:02,13:11,13:20,13:29,13:38,13:47,13:56,14:05,14:14,14:23,14:32,14:41,14:50,14:59,15:08,15:17,15:26,15:35,15:44,15:53,16:02,16:11,16:20,16:29,16:38,16:47,16:56,17:05,17:14,17:23,17:32,17:41,17:50,17:59,18:08,18:17,18:26,18:35,18:44,18:53,19:02,19:11,19:20,19:29,19:38,19:47,19:56,20:05,20:14,20:23,20:32,20:41,20:50,20:59,21:08,21:17,21:26,21:35,21:44,21:53,22:02,22:11,22:20,22:29
40,교대역,05:33,05:42,05:51,06:00,06:09,06:18,06:27,06:36,06:45,06:54,07:03,07:12,07:21,07:30,07:39,07:48,07:57,08:06,08:15,08:24,08:33,08:42,08:51,09:00,09:09,09:18,09:27,09:36,09:45,09:54,10:03,10:12,10:21,10:30,10:39,10:48,10:57,11:06,11:15,11:24,11:33,11:42,11:51,12:00,12:09,12:18,12:27,12:36,12:45,12:54,13:03,13:12,13:21,13:30,13:39,13:48,13:57,14:06,14:15,14:24,14:33,14:42,14:51,15:00,15:09,15:18,15:27,15:36,15:45,15:54,16:03,16:12,16:21,16:30,16:39,16:48,16:57,17:06,17:15,17:24,17:33,17:42,17:51,18:00,18:09,18:18,18:27,18:36,18:45,18:54,19:03,19:12,19:21,19:30,19:39,19:48,19:57,20:06,20:15,20:24,20:33,20:42,20:51,21:00,21:09,21:18,21:27,21:36,21:45,21:54,22:03,22:12,22:21,22:30
41,동해선교대역,05:35,05:44,05:53,06:02,06:11,06:20,06:29,06:38,06:47,06:56,07:05,07:14,07:23,07:32,07:41,07:50,07:59,08:08,08:17,08:26,08:35,08:44,08:53,09:02,09:11,09:20,09:29,09:38,09:47,09:56,10:05,10:14,10:23,10:32,10:41,10:50,10:59,11:08,11:17,11:26,11:35,11:44,11:53,12:02,12:11,12:20,12:29,12:38,12:47,12:56,13:05,13:14,13:23,13:32,13:41,13:50,13:59,14:08,14:17,14:26,14:35,14:44,14:53,15:02,15:11,15:20,15:29,15:38,15:47,15:56,16:05,16:14,16:23,16:32,16:41,16:50,16:59,17:08,17:17,17:26,17:35,17:44,17:53,18:02,18:11,18:20,18:29,18:38,18:47,18:56,19:05,19:14,19:23,19:32,19:41,19:50,19:59,20:08,20:17,20:26,20:35,20:44,20:53,21:02,21:11,21:20,21:29,21:38,21:47,21:56,22:05,22:14,22:23,22:32
42,거제1치안센터,05:36,05:45,05:54,06:03,06:12,06:21,06:30,06:39,06:48,06:57,07:06,07:15,07:24,07:33,07:42,07:51,08:00,08:09,08:18,08:27,08:36,08:45,08:54,09:03,09:12,09:21,09:30,09:39,09:48,09:57,10:06,10:15,10:24,10:33,10:42,10:51,11:00,11:09,11:18,11:27,11:36,11:45,11:54,12:03,12:12,12:21,12:30,12:39,12:48,12:57,13:06,13:15,13:24,13:33,13:42,13:51,14:00,14:09,14:18,14:27,14:36,14:45,14:54,15:03,15:12,15:21,15:30,15:39,15:48,15:57,16:06,16:15,16:24,16:33,16:42,16:51,17:00,17:09,17:18,17:27,17:36,17:45,17:54,18:03,18:12,18:21,18:30,18:39,18:48,18:57,19:06,19:15,19:24,19:33,19:42,19:51,20:00,20:09,20:18,20:27,20:36,20:45,20:54,21:03,21:12,21:21,21:30,21:39,21:48,21:57,22:06,22:15,22:24,22:33
43,법원검찰청.거제역,05:37,05:46,05:55,06:04,06:13,06:22,06:31,06:40,06:49,06:58,07:07,07:16,07:25,07:34,07:43,07:52,08:01,08:10,08:19,08:28,08:37,08:46,08:55,09:04,09:13,09:22,09:31,09:40,09:49,09:58,10:07,10:16,10:25,10:34,10:43,10:52,11:01,11:10,11:19,11:28,11:37,11:46,11:55,12:04,12:13,12:22,12:31,12:40,12:49,12:58,13:07,13:16,13:25,13:34,13:43,13:52,14:01,14:10,14:19,14:28,14:37,14:46,14:55,15:04,15:13,15:22,15:31,15:40,15:49,15:58,16:07,16:16,16:25,16:34,16:43,16:52,17:01,17:10,17:19,17:28,17:37,17:46,17:55,18:04,18:13,18:22,18:31,18:40,18:49,18:58,19:07,19:16,19:25,19:34,19:43,19:52,20:01,20:10,20:19,20:28,20:37,20:46,20:55,21:04,21:13,21:22,21:31,21:40,21:49,21:58,22:07,22:16,22:25,22:34
44,경남아파트,05:38,05:47,05:56,06:05,06:14,06:23,06:32,06:41,06:50,06:59,07:08,07:17,07:26,07:35,07:44,07:53,08:02,08:11,08:20,08:29,08:38,08:47,08:56,09:05,09:14,09:23,09:32,09:41,09:50,09:59,10:08,10:17,10:26,10:35,10:44,10:53,11:02,11:11,11:20,11:29,11:38,11:47,11:56,12:05,12:14,12:23,12:32,12:41,12:50,12:59,13:08,13:17,13:26,13:35,13:44,13:53,14:02,14:11,14:20,14:29,14:38,14:47,14:56,15:05,15:14,15:23,15:32,15:41,15:50,15:59,16:08,16:17,16:26,16:35,16:44,16:53,17:02,17:11,17:20,17:29,17:38,17:47,17:56,18:05,18:14,18:23,18:32,18:41,18:50,18:59,19:08,19:17,19:26,19:35,19:44,19:53,20:02,20:11,20:20,20:29,20:38,20:47,20:56,21:05,21:14,21:23,21:32,21:41,21:50,21:59,22:08,22:17,22:26,22:35
45,동해선거제해맞이역,05:40,05:49,05:58,06:07,06:16,06:25,06:34,06:43,06:52,07:01,07:10,07:19,07:28,07:37,07:46,07:55,08:04,08:13,08:22,08:31,08:40,08:49,08:58,09:07,09:16,09:25,09:34,09:43,09:52,10:01,10:10,10:19,10:28,10:37,10:46,10:55,11:04,11:13,11:22,11:31,11:40,11:49,11:58,12:07,12:16,12:25,12:34,12:43,12:52,13:01,13:10,13:19,13:28,13:37,13:46,13:55,14:04,14:13,14:22,14:31,14:40,14:49,14:58,15:07,15:16,15:25,15:34,15:43,15:52,16:01,16:10,16:19,16:28,16:37,16:46,16:55,17:04,17:13,17:22,17:31,17:40,17:49,17:58,18:07,18:16,18:25,18:34,18:43,18:52,19:01,19:10,19:19,19:28,19:37,19:46,19:55,20:04,20:13,20:22,20:31,20:40,20:49,20:58,21:07,21:16,21:25,21:34,21:43,21:52,22:01,22:10,22:19,22:28,22:37
46,유림아시아드아파트.거제초교,05:41,05:50,05:59,06:08,06:17,06:26,06:35,06:44,06:53,07:02,07:11,07:20,07:29,07:38,07:47,07:56,08:05,08:14,08:23,08:32,08:41,08:50,08:59,09:08,09:17,09:26,09:35,09:44,09:53,10:02,10:11,10:20,10:29,10:38,10:47,10:56,11:05,11:14,11:23,11:32,11:41,11:50,11:59,12:08,12:17,12:26,12:35,12:44,12:53,13:02,13:11,13:20,13:29,13:38,13:47,13:56,14:05,14:14,14:23,14:32,14:41,14:50,14:59,15:08,15:17,15:26,15:35,15:44,15:53,16:02,16:11,16:20,16:29,16:38,16:47,16:56,17:05,17:14,17:23,17:32,17:41,17:50,17:59,18:08,18:17,18:26,18:35,18:44,18:53,19:02,19:11,19:20,19:29,19:38,19:47,19:56,20:05,20:14,20:23,20:32,20:41,20:50,20:59,21:08,21:17,21:26,21:35,21:44,21:53,22:02,22:11,22:20,22:29,22:38
47,양정대원칸타빌,05:43,05:52,06:01,06:10,06:19,06:28,06:37,06:46,06:55,07:04,07:13,07:22,07:31,07:40,07:49,07:58,08:07,08:16,08:25,08:34,08:43,08:52,09:01,09:10,09:19,09:28,09:37,09:46,09:55,10:04,10:13,10:22,10:31,10:40,10:49,10:58,11:07,11:16,11:25,11:34,11:43,11:52,12:01,12:10,12:19,12:28,12:37,12:46,12:55,13:04,13:13,13:22,13:31,13:40,13:49,13:58,14:07,14:16,14:25,14:34,14:43,14:52,15:01,15:10,15:19,15:28,15:37,15:46,15:55,16:04,16:13,16:22,16:31,16:40,16:49,16:58,17:07,17:16,17:25,17:34,17:43,17:52,18:01,18:10,18:19,18:28,18:37,18:46,18:55,19:04,19:13,19:22,19:31,19:40,19:49,19:58,20:07,20:16,20:25,20:34,20:43,20:52,21:01,21:10,21:19,21:28,21:37,21:46,21:55,22:04,22:13,22:22,22:31,22:40
48,송상현광장,05:44,05:53,06:02,06:11,06:20,06:29,06:38,06:47,06:56,07:05,07:14,07:23,07:32,07:41,07:50,07:59,08:08,08:17,08:26,08:35,08:44,08:53,09:02,09:11,09:20,09:29,09:38,09:47,09:56,10:05,10:14,10:23,10:32,10:41,10:50,10:59,11:08,11:17,11:26,11:35,11:44,11:53,12:02,12:11,12:20,12:29,12:38,12:47,12:56,13:05,13:14,13:23,13:32,13:41,13:50,13:59,14:08,14:17,14:26,14:35,14:44,14:53,15:02,15:11,15:20,15:29,15:38,15:47,15:56,16:05,16:14,16:23,16:32,16:41,16:50,16:59,17:08,17:17,17:26,17:35,17:44,17:53,18:02,18:11,18:20,18:29,18:38,18:47,18:56,19:05,19:14,19:23,19:32,19:41,19:50,19:59,20:08,20:17,20:26,20:35,20:44,20:53,21:02,21:11,21:20,21:29,21:38,21:47,21:56,22:05,22:14,22:23,22:32,22:41
49,부전역,05:45,05:54,06:03,06:12,06:21,06:30,06:39,06:48,06:57,07:06,07:15,07:24,07:33,07:42,07:51,08:00,08:09,08:18,08:27,08:36,08:45,08:54,09:03,09:12,09:21,09:30,09:39,09:48,09:57,10:06,10:15,10:24,10:33,10:42,10:51,11:00,11:09,11:18,11:27,11:36,11:45,11:54,12:03,12:12,12:21,12:30,12:39,12:48,12:57,13:06,13:15,13:24,13:33,13:42,13:51,14:00,14:09,14:18,14:27,14:36,14:45,14:54,15:03,15:12,15:21,15:30,15:39,15:48,15:57,16:06,16:15,16:24,16:33,16:42,16:51,17:00,17:09,17:18,17:27,17:36,17:45,17:54,18:03,18:12,18:21,18:30,18:39,18:48,18:57,19:06,19:15,19:24,19:33,19:42,19:51,20:00,20:09,20:18,20:27,20:36,20:45,20:54,21:03,21:12,21:21,21:30,21:39,21:48,21:57,22:06,22:15,22:24,22:33,22:42
50,부전시장,05:46,05:55,06:04,06:13,06:22,06:31,06:40,06:49,06:58,07:07,07:16,07:25,07:34,07:43,07:52,08:01,08:10,08:19,08:28,08:37,08:46,08:55,09:04,09:13,09:22,09:31,09:40,09:49,09:58,10:07,10:16,10:25,10:34,10:43,10:52,11:01,11:10,11:19,11:28,11:37,11:46,11:55,12:04,12:13,12:22,12:31,12:40,12:49,12:58,13:07,13:16,13:25,13:34,13:43,13:52,14:01,14:10,14:19,14:28,14:37,14:46,14:55,15:04,15:13,15:22,15:31,15:40,15:49,15:58,16:07,16:16,16:25,16:34,16:43,16:52,17:01,17:10,17:19,17:28,17:37,17:46,17:55,18:04,18:13,18:22,18:31,18:40,18:49,18:58,19:07,19:16,19:25,19:34,19:43,19:52,20:01,20:10,20:19,20:28,20:37,20:46,20:55,21:04,21:13,21:22,21:31,21:40,21:49,21:58,22:07,22:16,22:25,22:34,22:43
51,서면역.롯데호텔백화점,05:48,05:57,06:06,06:15,06:24,06:33,06:42,06:51,07:00,07:09,07:18,07:27,07:36,07:45,07:54,08:03,08:12,08:21,08:30,08:39,08:48,08:57,09:06,09:15,09:24,09:33,09:42,09:51,10:00,10:09,10:18,10:27,10:36,10:45,10:54,11:03,11:12,11:21,11:30,11:39,11:48,11:57,12:06,12:15,12:24,12:33,12:42,12:51,13:00,13:09,13:18,13:27,13:36,13:45,13:54,14:03,14:12,14:21,14:30,14:39,14:48,14:57,15:06,15:15,15:24,15:33,15:42,15:51,16:00,16:09,16:18,16:27,16:36,16:45,16:54,17:03,17:12,17:21,17:30,17:39,17:48,17:57,18:06,18:15,18:24,18:33,18:42,18:51,19:00,19:09,19:18,19:27,19:36,19:45,19:54,20:03,20:12,20:21,20:30,20:39,20:48,20:57,21:06,21:15,21:24,21:33,21:42,21:51,22:00,22:09,22:18,22:27,22:36,22:45
52,부암역,05:50,05:59,06:08,06:17,06:26,06:35,06:44,06:53,07:02,07:11,07:20,07:29,07:38,07:47,07:56,08:05,08:14,08:23,08:32,08:41,08:50,08:59,09:08,09:17,09:26,09:35,09:44,09:53,10:02,10:11,10:20,10:29,10:38,10:47,10:56,11:05,11:14,11:23,11:32,11:41,11:50,11:59,12:08,12:17,12:26,12:35,12:44,12:53,13:02,13:11,13:20,13:29,13:38,13:47,13:56,14:05,14:14,14:23,14:32,14:41,14:50,14:59,15:08,15:17,15:26,15:35,15:44,15:53,16:02,16:11,16:20,16:29,16:38,16:47,16:56,17:05,17:14,17:23,17:32,17:41,17:50,17:59,18:08,18:17,18:26,18:35,18:44,18:53,19:02,19:11,19:20,19:29,19:38,19:47,19:56,20:05,20:14,20:23,20:32,20:41,20:50,20:59,21:08,21:17,21:26,21:35,21:44,21:53,22:02,22:11,22:20,22:29,22:38,22:47
53,가야역,05:51,06:00,06:09,06:18,06:27,06:36,06:45,06:54,07:03,07:12,07:21,07:30,07:39,07:48,07:57,08:06,08:15,08:24,08:33,08:42,08:51,09:00,09:09,09:18,09:27,09:36,09:45,09:54,10:03,10:12,10:21,10:30,10:39,10:48,10:57,11:06,11:15,11:24,11:33,11:42,11:51,12:00,12:09,12:18,12:27,12:36,12:45,12:54,13:03,13:12,13:21,13:30,13:39,13:48,13:57,14:06,14:15,14:24,14:33,14:42,14:51,15:00,15:09,15:18,15:27,15:36,15:45,15:54,16:03,16:12,16:21,16:30,16:39,16:48,16:57,17:06,17:15,17:24,17:33,17:42,17:51,18:00,18:09,18:18,18:27,18:36,18:45,18:54,19:03,19:12,19:21,19:30,19:39,19:48,19:57,20:06,20:15,20:24,20:33,20:42,20:51,21:00,21:09,21:18,21:27,21:36,21:45,21:54,22:03,22:12,22:21,22:30,22:39,22:48
54,부산진우체국(가야1치안센터),05:53,06:02,06:11,06:20,06:29,06:38,06:47,06:56,07:05,07:14,07:23,07:32,07:41,07:50,07:59,08:08,08:17,08:26,08:35,08:44,08:53,09:02,09:11,09:20,09:29,09:38,09:47,09:56,10:05,10:14,10:23,10:32,10:41,10:50,10:59,11:08,11:17,11:26,11:35,11:44,11:53,12:02,12:11,12:20,12:29,12:38,12:47,12:56,13:05,13:14,13:23,13:32,13:41,13:50,13:59,14:08,14:17,14:26,14:35,14:44,14:53,15:02,15:11,15:20,15:29,15:38,15:47,15:56,16:05,16:14,16:23,16:32,16:41,16:50,16:59,17:08,17:17,17:26,17:35,17:44,17:53,18:02,18:11,18:20,18:29,18:38,18:47,18:56,19:05,19:14,19:23,19:32,19:41,19:50,19:59,20:08,20:17,20:26,20:35,20:44,20:53,21:02,21:11,21:20,21:29,21:38,21:47,21:56,22:05,22:14,22:23,22:32,22:41,22:50
55,동의대역,05:56,06:05,06:14,06:23,06:32,06:41,06:50,06:59,07:08,07:17,07:26,07:35,07:44,07:53,08:02,08:11,08:20,08:29,08:38,08:47,08:56,09:05,09:14,09:23,09:32,09:41,09:50,09:59,10:08,10:17,10:26,10:35,10:44,10:53,11:02,11:11,11:20,11:29,11:38,11:47,11:56,12:05,12:14,12:23,12:32,12:41,12:50,12:59,13:08,13:17,13:26,13:35,13:44,13:53,14:02,14:11,14:20,14:29,14:38,14:47,14:56,15:05,15:14,15:23,15:32,15:41,15:50,15:59,16:08,16:17,16:26,16:35,16:44,16:53,17:02,17:11,17:20,17:29,17:38,17:47,17:56,18:05,18:14,18:23,18:32,18:41,18:50,18:59,19:08,19:17,19:26,19:35,19:44,19:53,20:02,20:11,20:20,20:29,20:38,20:47,20:56,21:05,21:14,21:23,21:32,21:41,21:50,21:59,22:08,22:17,22:26,22:35,22:44,22:53
56,개금역,05:58,06:07,06:16,06:25,06:34,06:43,06:52,07:01,07:10,07:19,07:28,07:37,07:46,07:55,08:04,08:13,08:22,08:31,08:40,08:49,08:58,09:07,09:16,09:25,09:34,09:43,09:52,10:01,10:10,10:19,10:28,10:37,10:46,10:55,11:04,11:13,11:22,11:31,11:40,11:49,11:58,12:07,12:16,12:25,12:34,12:43,12:52,13:01,13:10,13:19,13:28,13:37,13:46,13:55,14:04,14:13,14:22,14:31,14:40,14:49,14:58,15:07,15:16,15:25,15:34,15:43,15:52,16:01,16:10,16:19,16:28,16:37,16:46,16:55,17:04,17:13,17:22,17:31,17:40,17:49,17:58,18:07,18:16,18:25,18:34,18:43,18:52,19:01,19:10,19:19,19:28,19:37,19:46,19:55,20:04,20:13,20:22,20:31,20:40,20:49,20:58,21:07,21:16,21:25,21:34,21:43,21:52,22:01,22:10,22:19,22:28,22:37,22:46,22:55
57,냉정고개,06:01,06:10,06:19,06:28,06:37,06:46,06:55,07:04,07:13,07:22,07:31,07:40,07:49,07:58,08:07,08:16,08:25,08:34,08:43,08:52,09:01,09:10,09:19,09:28,09:37,09:46,09:55,10:04,10:13,10:22,10:31,10:40,10:49,10:58,11:07,11:16,11:25,11:34,11:43,11:52,12:01,12:10,12:19,12:28,12:37,12:46,12:55,13:04,13:13,13:22,13:31,13:40,13:49,13:58,14:07,14:16,14:25,14:34,14:43,14:52,15:01,15:10,15:19,15:28,15:37,15:46,15:55,16:04,16:13,16:22,16:31,16:40,16:49,16:58,17:07,17:16,17:25,17:34,17:43,17:52,18:01,18:10,18:19,18:28,18:37,18:46,18:55,19:04,19:13,19:22,19:31,19:40,19:49,19:58,20:07,20:16,20:25,20:34,20:43,20:52,21:01,21:10,21:19,21:28,21:37,21:46,21:55,22:04,22:13,22:22,22:31,22:40,22:49,22:58
58,냉정역.동서대경남정보대,06:02,06:11,06:20,06:29,06:38,06:47,06:56,07:05,07:14,07:23,07:32,07:41,07:50,07:59,08:08,08:17,08:26,08:35,08:44,08:53,09:02,09:11,09:20,09:29,09:38,09:47,09:56,10:05,10:14,10:23,10:32,10:41,10:50,10:59,11:08,11:17,11:26,11:35,11:44,11:53,12:02,12:11,12:20,12:29,12:38,12:47,12:56,13:05,13:14,13:23,13:32,13:41,13:50,13:59,14:08,14:17,14:26,14:35,14:44,14:53,15:02,15:11,15:20,15:29,15:38,15:47,15:56,16:05,16:14,16:23,16:32,16:41,16:50,16:59,17:08,17:17,17:26,17:35,17:44,17:53,18:02,18:11,18:20,18:29,18:38,18:47,18:56,19:05,19:14,19:23,19:32,19:41,19:50,19:59,20:08,20:17,20:26,20:35,20:44,20:53,21:02,21:11,21:20,21:29,21:38,21:47,21:56,22:05,22:14,22:23,22:32,22:41,22:50,22:59
59,좋은삼선병원,06:03,06:12,06:21,06:30,06:39,06:48,06:57,07:06,07:15,07:24,07:33,07:42,07:51,08:00,08:09,08:18,08:27,08:36,08:45,08:54,09:03,09:12,09:21,09:30,09:39,09:48,09:57,10:06,10:15,10:24,10:33,10:42,10:51,11:00,11:09,11:18,11:27,11:36,11:45,11:54,12:03,12:12,12:21,12:30,12:39,12:48,12:57,13:06,13:15,13:24,13:33,13:42,13:51,14:00,14:09,14:18,14:27,14:36,14:45,14:54,15:03,15:12,15:21,15:30,15:39,15:48,15:57,16:06,16:15,16:24,16:33,16:42,16:51,17:00,17:09,17:18,17:27,17:36,17:45,17:54,18:03,18:12,18:21,18:30,18:39,18:48,18:57,19:06,19:15,19:24,19:33,19:42,19:51,20:00,20:09,20:18,20:27,20:36,20:45,20:54,21:03,21:12,21:21,21:30,21:39,21:48,21:57,22:06,22:15,22:24,22:33,22:42,22:51,23:00
60,주례역,06:04,06:13,06:22,06:31,06:40,06:49,06:58,07:07,07:16,07:25,07:34,07:43,07:52,08:01,08:10,08:19,08:28,08:37,08:46,08:55,09:04,09:13,09:22,09:31,09:40,09:49,09:58,10:07,10:16,10:25,10:34,10:43,10:52,11:01,11:10,11:19,11:28,11:37,11:46,11:55,12:04,12:13,12:22,12:31,12:40,12:49,12:58,13:07,13:16,13:25,13:34,13:43,13:52,14:01,14:10,14:19,14:28,14:37,14:46,14:55,15:04,15:13,15:22,15:31,15:40,15:49,15:58,16:07,16:16,16:25,16:34,16:43,16:52,17:01,17:10,17:19,17:28,17:37,17:46,17:55,18:04,18:13,18:22,18:31,18:40,18:49,18:58,19:07,19:16,19:25,19:34,19:43,19:52,20:01,20:10,20:19,20:28,20:37,20:46,20:55,21:04,21:13,21:22,21:31,21:40,21:49,21:58,22:07,22:16,22:25,22:34,22:43,22:52,23:01
61,주례우체국,06:05,06:14,06:23,06:32,06:41,06:50,06:59,07:08,07:17,07:26,07:35,07:44,07:53,08:02,08:11,08:20,08:29,08:38,08:47,08:56,09:05,09:14,09:23,09:32,09:41,09:50,09:59,10:08,10:17,10:26,10:35,10:44,10:53,11:02,11:11,11:20,11:29,11:38,11:47,11:56,12:05,12:14,12:23,12:32,12:41,12:50,12:59,13:08,13:17,13:26,13:35,13:44,13:53,14:02,14:11,14:20,14:29,14:38,14:47,14:56,15:05,15:14,15:23,15:32,15:41,15:50,15:59,16:08,16:17,16:26,16:35,16:44,16:53,17:02,17:11,17:20,17:29,17:38,17:47,17:56,18:05,18:14,18:23,18:32,18:41,18:50,18:59,19:08,19:17,19:26,19:35,19:44,19:53,20:02,20:11,20:20,20:29,20:38,20:47,20:56,21:05,21:14,21:23,21:32,21:41,21:50,21:59,22:08,22:17,22:26,22:35,22:44,22:53,23:02
62,온골마을입구,06:06,06:15,06:24,06:33,06:42,06:51,07:00,07:09,07:18,07:27,07:36,07:45,07:54,08:03,08:12,08:21,08:30,08:39,08:48,08:57,09:06,09:15,09:24,09:33,09:42,09:51,10:00,10:09,10:18,10:27,10:36,10:45,10:54,11:03,11:12,11:21,11:30,11:39,11:48,11:57,12:06,12:15,12:24,12:33,12:42,12:51,13:00,13:09,13:18,13:27,13:36,13:45,13:54,14:03,14:12,14:21,14:30,14:39,14:48,14:57,15:06,15:15,15:24,15:33,15:42,15:51,16:00,16:09,16:18,16:27,16:36,16:45,16:54,17:03,17:12,17:21,17:30,17:39,17:48,17:57,18:06,18:15,18:24,18:33,18:42,18:51,19:00,19:09,19:18,19:27,19:36,19:45,19:54,20:03,20:12,20:21,20:30,20:39,20:48,20:57,21:06,21:15,21:24,21:33,21:42,21:51,22:00,22:09,22:18,22:27,22:36,22:45,22:54,23:03
63,북부산세무서.감전역,06:07,06:16,06:25,06:34,06:43,06:52,07:01,07:10,07:19,07:28,07:37,07:46,07:55,08:04,08:13,08:22,08:31,08:40,08:49,08:58,09:07,09:16,09:25,09:34,09:43,09:52,10:01,10:10,10:19,10:28,10:37,10:46,10:55,11:04,11:13,11:22,11:31,11:40,11:49,11:58,12:07,12:16,12:25,12:34,12:43,12:52,13:01,13:10,13:19,13:28,13:37,13:46,13:55,14:04,14:13,14:22,14:31,14:40,14:49,14:58,15:07,15:16,15:25,15:34,15:43,15:52,16:01,16:10,16:19,16:28,16:37,16:46,16:55,17:04,17:13,17:22,17:31,17:40,17:49,17:58,18:07,18:16,18:25,18:34,18:43,18:52,19:01,19:10,19:19,19:28,19:37,19:46,19:55,20:04,20:13,20:22,20:31,20:40,20:49,20:58,21:07,21:16,21:25,21:34,21:43,21:52,22:01,22:10,22:19,22:28,22:37,22:46,22:55,23:04
64,삼대한의원,06:08,06:17,06:26,06:35,06:44,06:53,07:02,07:11,07:20,07:29,07:38,07:47,07:56,08:05,08:14,08:23,08:32,08:41,08:50,08:59,09:08,09:17,09:26,09:35,09:44,09:53,10:02,10:11,10:20,10:29,10:38,10:47,10:56,11:05,11:14,11:23,11:32,11:41,11:50,11:59,12:08,12:17,12:26,12:35,12:44,12:53,13:02,13:11,13:20,13:29,13:38,13:47,13:56,14:05,14:14,14:23,14:32,14:41,14:50,14:59,15:08,15:17,15:26,15:35,15:44,15:53,16:02,16:11,16:20,16:29,16:38,16:47,16:56,17:05,17:14,17:23,17:32,17:41,17:50,17:59,18:08,18:17,18:26,18:35,18:44,18:53,19:02,19:11,19:20,19:29,19:38,19:47,19:56,20:05,20:14,20:23,20:32,20:41,20:50,20:59,21:08,21:17,21:26,21:35,21:44,21:53,22:02,22:11,22:20,22:29,22:38,22:47,22:56,23:05
65,사상우체국,06:09,06:18,06:27,06:36,06:45,06:54,07:03,07:12,07:21,07:30,07:39,07:48,07:57,08:06,08:15,08:24,08:33,08:42,08:51,09:00,09:09,09:18,09:27,09:36,09:45,09:54,10:03,10:12,10:21,10:30,10:39,10:48,10:57,11:06,11:15,11:24,11:33,11:42,11:51,12:00,12:09,12:18,12:27,12:36,12:45,12:54,13:03,13:12,13:21,13:30,13:39,13:48,13:57,14:06,14:15,14:24,14:33,14:42,14:51,15:00,15:09,15:18,15:27,15:36,15:45,15:54,16:03,16:12,16:21,16:30,16:39,16:48,16:57,17:06,17:15,17:24,17:33,17:42,17:51,18:00,18:09,18:18,18:27,18:36,18:45,18:54,19:03,19:12,19:21,19:30,19:39,19:48,19:57,20:06,20:15,20:24,20:33,20:42,20:51,21:00,21:09,21:18,21:27,21:36,21:45,21:54,22:03,22:12,22:21,22:30,22:39,22:48,22:57,23:06
66,서부시외버스터미널.사상역,06:11,06:20,06:29,06:38,06:47,06:56,07:05,07:14,07:23,07:32,07:41,07:50,07:59,08:08,08:17,08:26,08:35,08:44,08:53,09:02,09:11,09:20,09:29,09:38,09:47,09:56,10:05,10:14,10:23,10:32,10:41,10:50,10:59,11:08,11:17,11:26,11:35,11:44,11:53,12:02,12:11,12:20,12:29,12:38,12:47,12:56,13:05,13:14,13:23,13:32,13:41,13:50,13:59,14:08,14:17,14:26,14:35,14:44,14:53,15:02,15:11,15:20,15:29,15:38,15:47,15:56,16:05,16:14,16:23,16:32,16:41,16:50,16:59,17:08,17:17,17:26,17:35,17:44,17:53,18:02,18:11,18:20,18:29,18:38,18:47,18:56,19:05,19:14,19:23,19:32,19:41,19:50,19:59,20:08,20:17,20:26,20:35,20:44,20:53,21:02,21:11,21:20,21:29,21:38,21:47,21:56,22:05,22:14,22:23,22:32,22:41,22:50,22:59,23:08
67,사상초등학교,06:13,06:22,06:31,06:40,06:49,06:58,07:07,07:16,07:25,07:34,07:43,07:52,08:01,08:10,08:19,08:28,08:37,08:46,08:55,09:04,09:13,09:22,09:31,09:40,09:49,09:58,10:07,10:16,10:25,10:34,10:43,10:52,11:01,11:10,11:19,11:28,11:37,11:46,11:55,12:04,12:13,12:22,12:31,12:40,12:49,12:58,13:07,13:16,13:25,13:34,13:43,13:52,14:01,14:10,14:19,14:28,14:37,14:46,14:55,15:04,15:13,15:22,15:31,15:40,15:49,15:58,16:07,16:16,16:25,16:34,16:43,16:52,17:01,17:10,17:19,17:28,17:37,17:46,17:55,18:04,18:13,18:22,18:31,18:40,18:49,18:58,19:07,19:16,19:25,19:34,19:43,19:52,20:01,20:10,20:19,20:28,20:37,20:46,20:55,21:04,21:13,21:22,21:31,21:40,21:49,21:58,22:07,22:16,22:25,22:34,22:43,22:52,23:01,23:10
68,덕포시장.덕포역,06:15,06:24,06:33,06:42,06:51,07:00,07:09,07:18,07:27,07:36,07:45,07:54,08:03,08:12,08:21,08:30,08:39,08:48,08:57,09:06,09:15,09:24,09:33,09:42,09:51,10:00,10:09,10:18,10:27,10:36,10:45,10:54,11:03,11:12,11:21,11:30,11:39,11:48,11:57,12:06,12:15,12:24,12:33,12:42,12:51,13:00,13:09,13:18,13:27,13:36,13:45,13:54,14:03,14:12,14:21,14:30,14:39,14:48,14:57,15:06,15:15,15:24,15:33,15:42,15:51,16:00,16:09,16:18,16:27,16:36,16:45,16:54,17:03,17:12,17:21,17:30,17:39,17:48,17:57,18:06,18:15,18:24,18:33,18:42,18:51,19:00,19:09,19:18,19:27,19:36,19:45,19:54,20:03,20:12,20:21,20:30,20:39,20:48,20:57,21:06,21:15,21:24,21:33,21:42,21:51,22:00,22:09,22:18,22:27,22:36,22:45,22:54,23:03,23:12
69,덕포초.부산도서관,06:16,06:25,06:34,06:43,06:52,07:01,07:10,07:19,07:28,07:37,07:46,07:55,08:04,08:13,08:22,08:31,08:40,08:49,08:58,09:07,09:16,09:25,09:34,09:43,09:52,10:01,10:10,10:19,10:28,10:37,10:46,10:55,11:04,11:13,11:22,11:31,11:40,11:49,11:58,12:07,12:16,12:25,12:34,12:43,12:52,13:01,13:10,13:19,13:28,13:37,13:46,13:55,14:04,14:13,14:22,14:31,14:40,14:49,14:58,15:07,15:16,15:25,15:34,15:43,15:52,16:01,16:10,16:19,16:28,16:37,16:46,16:55,17:04,17:13,17:22,17:31,17:40,17:49,17:58,18:07,18:16,18:25,18:34,18:43,18:52,19:01,19:10,19:19,19:28,19:37,19:46,19:55,20:04,20:13,20:22,20:31,20:40,20:49,20:58,21:07,21:16,21:25,21:34,21:43,21:52,22:01,22:10,22:19,22:28,22:37,22:46,22:55,23:04,23:13
70,부산항공고등학교,06:18,06:27,06:36,06:45,06:54,07:03,07:12,07:21,07:30,07:39,07:48,07:57,08:06,08:15,08:24,08:33,08:42,08:51,09:00,09:09,09:18,09:27,09:36,09:45,09:54,10:03,10:12,10:21,10:30,10:39,10:48,10:57,11:06,11:15,11:24,11:33,11:42,11:51,12:00,12:09,12:18,12:27,12:36,12:45,12:54,13:03,13:12,13:21,13:30,13:39,13:48,13:57,14:06,14:15,14:24,14:33,14:42,14:51,15:00,15:09,15:18,15:27,15:36,15:45,15:54,16:03,16:12,16:21,16:30,16:39,16:48,16:57,17:06,17:15,17:24,17:33,17:42,17:51,18:00,18:09,18:18,18:27,18:36,18:45,18:54,19:03,19:12,19:21,19:30,19:39,19:48,19:57,20:06,20:15,20:24,20:33,20:42,20:51,21:00,21:09,21:18,21:27,21:36,21:45,21:54,22:03,22:12,22:21,22:30,22:39,22:48,22:57,23:06,23:15
71,부산북부고용노동지청,06:19,06:28,06:37,06:46,06:55,07:04,07:13,07:22,07:31,07:40,07:49,07:58,08:07,08:16,08:25,08:34,08:43,08:52,09:01,09:10,09:19,09:28,09:37,09:46,09:55,10:04,10:13,10:22,10:31,10:40,10:49,10:58,11:07,11:16,11:25,11:34,11:43,11:52,12:01,12:10,12:19,12:28,12:37,12:46,12:55,13:04,13:13,13:22,13:31,13:40,13:49,13:58,14:07,14:16,14:25,14:34,14:43,14:52,15:01,15:10,15:19,15:28,15:37,15:46,15:55,16:04,16:13,16:22,16:31,16:40,16:49,16:58,17:07,17:16,17:25,17:34,17:43,17:52,18:01,18:10,18:19,18:28,18:37,18:46,18:55,19:04,19:13,19:22,19:31,19:40,19:49,19:58,20:07,20:16,20:25,20:34,20:43,20:52,21:01,21:10,21:19,21:28,21:37,21:46,21:55,22:04,22:13,22:22,22:31,22:40,22:49,22:58,23:07,23:16
72,자유아파트,06:20,06:29,06:38,06:47,06:56,07:05,07:14,07:23,07:32,07:41,07:50,07:59,08:08,08:17,08:26,08:35,08:44,08:53,09:02,09:11,09:20,09:29,09:38,09:47,09:56,10:05,10:14,10:23,10:32,10:41,10:50,10:59,11:08,11:17,11:26,11:35,11:44,11:53,12:02,12:11,12:20,12:29,12:38,12:47,12:56,13:05,13:14,13:23,13:32,13:41,13:50,13:59,14:08,14:17,14:26,14:35,14:44,14:53,15:02,15:11,15:20,15:29,15:38,15:47,15:56,16:05,16:14,16:23,16:32,16:41,16:50,16:59,17:08,17:17,17:26,17:35,17:44,17:53,18:02,18:11,18:20,18:29,18:38,18:47,18:56,19:05,19:14,19:23,19:32,19:41,19:50,19:59,20:08,20:17,20:26,20:35,20:44,20:53,21:02,21:11,21:20,21:29,21:38,21:47,21:56,22:05,22:14,22:23,22:32,22:41,22:50,22:59,23:08,23:17
73,동원아파트,06:21,06:30,06:39,06:48,06:57,07:06,07:15,07:24,07:33,07:42,07:51,08:00,08:09,08:18,08:27,08:36,08:45,08:54,09:03,09:12,09:21,09:30,09:39,09:48,09:57,10:06,10:15,10:24,10:33,10:42,10:51,11:00,11:09,11:18,11:27,11:36,11:45,11:54,12:03,12:12,12:21,12:30,12:39,12:48,12:57,13:06,13:15,13:24,13:33,13:42,13:51,14:00,14:09,14:18,14:27,14:36,14:45,14:54,15:03,15:12,15:21,15:30,15:39,15:48,15:57,16:06,16:15,16:24,16:33,16:42,16:51,17:00,17:09,17:18,17:27,17:36,17:45,17:54,18:03,18:12,18:21,18:30,18:39,18:48,18:57,19:06,19:15,19:24,19:33,19:42,19:51,20:00,20:09,20:18,20:27,20:36,20:45,20:54,21:03,21:12,21:21,21:30,21:39,21:48,21:57,22:06,22:15,22:24,22:33,22:42,22:51,23:00,23:09,23:18
74,홈플러스,06:22,06:31,06:40,06:49,06:58,07:07,07:16,07:25,07:34,07:43,07:52,08:01,08:10,08:19,08:28,08:37,08:46,08:55,09:04,09:13,09:22,09:31,09:40,09:49,09:58,10:07,10:16,10:25,10:34,10:43,10:52,11:01,11:10,11:19,11:28,11:37,11:46,11:55,12:04,12:13,12:22,12:31,12:40,12:49,12:58,13:07,13:16,13:25,13:34,13:43,13:52,14:01,14:10,14:19,14:28,14:37,14:46,14:55,15:04,15:13,15:22,15:31,15:40,15:49,15:58,16:07,16:16,16:25,16:34,16:43,16:52,17:01,17:10,17:19,17:28,17:37,17:46,17:55,18:04,18:13,18:22,18:31,18:40,18:49,18:58,19:07,19:16,19:25,19:34,19:43,19:52,20:01,20:10,20:19,20:28,20:37,20:46,20:55,21:04,21:13,21:22,21:31,21:40,21:49,21:58,22:07,22:16,22:25,22:34,22:43,22:52,23:01,23:10,23:19
75,모라주공1단지,06:23,06:32,06:41,06:50,06:59,07:08,07:17,07:26,07:35,07:44,07:53,08:02,08:11,08:20,08:29,08:38,08:47,08:56,09:05,09:14,09:23,09:32,09:41,09:50,09:59,10:08,10:17,10:26,10:35,10:44,10:53,11:02,11:11,11:20,11:29,11:38,11:47,11:56,12:05,12:14,12:23,12:32,12:41,12:50,12:59,13:08,13:17,13:26,13:35,13:44,13:53,14:02,14:11,14:20,14:29,14:38,14:47,14:56,15:05,15:14,15:23,15:32,15:41,15:50,15:59,16:08,16:17,16:26,16:35,16:44,16:53,17:02,17:11,17:20,17:29,17:38,17:47,17:56,18:05,18:14,18:23,18:32,18:41,18:50,18:59,19:08,19:17,19:26,19:35,19:44,19:53,20:02,20:11,20:20,20:29,20:38,20:47,20:56,21:05,21:14,21:23,21:32,21:41,21:50,21:59,22:08,22:17,22:26,22:35,22:44,22:53,23:02,23:11,23:20
76,모라주공3.4단지,06:25,06:34,06:43,06:52,07:01,07:10,07:19,07:28,07:37,07:46,07:55,08:04,08:13,08:22,08:31,08:40,08:49,08:58,09:07,09:16,09:25,09:34,09:43,09:52,10:01,10:10,10:19,10:28,10:37,10:46,10:55,11:04,11:13,11:22,11:31,11:40,11:49,11:58,12:07,12:16,12:25,12:34,12:43,12:52,13:01,13:10,13:19,13:28,13:37,13:46,13:55,14:04,14:13,14:22,14:31,14:40,14:49,14:58,15:07,15:16,15:25,15:34,15:43,15:52,16:01,16:10,16:19,16:28,16:37,16:46,16:55,17:04,17:13,17:22,17:31,17:40,17:49,17:58,18:07,18:16,18:25,18:34,18:43,18:52,19:01,19:10,19:19,19:28,19:37,19:46,19:55,20:04,20:13,20:22,20:31,20:40,20:49,20:58,21:07,21:16,21:25,21:34,21:43,21:52,22:01,22:10,22:19,22:28,22:37,22:46,22:55,23:04,23:13,23:22
77,모라주공아파트,06:26,06:35,06:44,06:53,07:02,07:11,07:20,07:29,07:38,07:47,07:56,08:05,08:14,08:23,08:32,08:41,08:50,08:59,09:08,09:17,09:26,09:35,09:44,09:53,10:02,10:11,10:20,10:29,10:38,10:47,10:56,11:05,11:14,11:23,11:32,11:41,11:50,11:59,12:08,12:17,12:26,12:35,12:44,12:53,13:02,13:11,13:20,13:29,13:38,13:47,13:56,14:05,14:14,14:23,14:32,14:41,14:50,14:59,15:08,15:17,15:26,15:35,15:44,15:53,16:02,16:11,16:20,16:29,16:38,16:47,16:56,17:05,17:14,17:23,17:32,17:41,17:50,17:59,18:08,18:17,18:26,18:35,18:44,18:53,19:02,19:11,19:20,19:29,19:38,19:47,19:56,20:05,20:14,20:23,20:32,20:41,20:50,20:59,21:08,21:17,21:26,21:35,21:44,21:53,22:02,22:11,22:20,22:29,22:38,22:47,22:56,23:05,23:14,23:23
78,모라주공아파트,06:35,06:44,06:53,07:02,07:11,07:20,07:29,07:38,07:47,07:56,08:05,08:14,08:23,08:32,08:41,08:50,08:59,09:08,09:17,09:26,09:35,09:44,09:53,10:02,10:11,10:20,10:29,10:38,10:47,10:56,11:05,11:14,11:23,11:32,11:41,11:50,11:59,12:08,12:17,12:26,12:35,12:44,12:53,13:02,13:11,13:20,13:29,13:38,13:47,13:56,14:05,14:14,14:23,14:32,14:41,14:50,14:59,15:08,15:17,15:26,15:35,15:44,15:53,16:02,16:11,16:20,16:29,16:38,16:47,16:56,17:05,17:14,17:23,17:32,17:41,17:50,17:59,18:08,18:17,18:26,18:35,18:44,18:53,19:02,19:11,19:20,19:29,19:38,19:47,19:56,20:05,20:14,20:23,20:32,20:41,20:50,20:59,21:08,21:17,21:26,21:35,21:44,21:53,22:02,22:11,22:20,22:29,22:38,22:47,22:56,23:05,23:14,23:23,23:32
79,운수사입구,06:36,06:45,06:54,07:03,07:12,07:21,07:30,07:39,07:48,07:57,08:06,08:15,08:24,08:33,08:42,08:51,09:00,09:09,09:18,09:27,09:36,09:45,09:54,10:03,10:12,10:21,10:30,10:39,10:48,10:57,11:06,11:15,11:24,11:33,11:42,11:51,12:00,12:09,12:18,12:27,12:36,12:45,12:54,13:03,13:12,13:21,13:30,13:39,13:48,13:57,14:06,14:15,14:24,14:33,14:42,14:51,15:00,15:09,15:18,15:27,15:36,15:45,15:54,16:03,16:12,16:21,16:30,16:39,16:48,16:57,17:06,17:15,17:24,17:33,17:42,17:51,18:00,18:09,18:18,18:27,18:36,18:45,18:54,19:03,19:12,19:21,19:30,19:39,19:48,19:57,20:06,20:15,20:24,20:33,20:42,20:51,21:00,21:09,21:18,21:27,21:36,21:45,21:54,22:03,22:12,22:21,22:30,22:39,22:48,22:57,23:06,23:15,23:24,23:33
80,모라주공3.4단지,06:37,06:46,06:55,07:04,07:13,07:22,07:31,07:40,07:49,07:58,08:07,08:16,08:25,08:34,08:43,08:52,09:01,09:10,09:19,09:28,09:37,09:46,09:55,10:04,10:13,10:22,10:31,10:40,10:49,10:58,11:07,11:16,11:25,11:34,11:43,11:52,12:01,12:10,12:19,12:28,12:37,12:46,12:55,13:04,13:13,13:22,13:31,13:40,13:49,13:58,14:07,14:16,14:25,14:34,14:43,14:52,15:01,15:10,15:19,15:28,15:37,15:46,15:55,16:04,16:13,16:22,16:31,16:40,16:49,16:58,17:07,17:16,17:25,17:34,17:43,17:52,18:01,18:10,18:19,18:28,18:37,18:46,18:55,19:04,19:13,19:22,19:31,19:40,19:49,19:58,20:07,20:16,20:25,20:34,20:43,20:52,21:01,21:10,21:19,21:28,21:37,21:46,21:55,22:04,22:13,22:22,22:31,22:40,22:49,22:58,23:07,23:16,23:25,23:34
81,모라주공1단지,06:39,06:48,06:57,07:06,07:15,07:24,07:33,07:42,07:51,08:00,08:09,08:18,08:27,08:36,08:45,08:54,09:03,09:12,09:21,09:30,09:39,09:48,09:57,10:06,10:15,10:24,10:33,10:42,10:51,11:00,11:09,11:18,11:27,11:36,11:45,11:54,12:03,12:12,12:21,12:30,12:39,12:48,12:57,13:06,13:15,13:24,13:33,13:42,13:51,14:00,14:09,14:18,14:27,14:36,14:45,14:54,15:03,15:12,15:21,15:30,15:39,15:48,15:57,16:06,16:15,16:24,16:33,16:42,16:51,17:00,17:09,17:18,17:27,17:36,17:45,17:54,18:03,18:12,18:21,18:30,18:39,18:48,18:57,19:06,19:15,19:24,19:33,19:42,19:51,20:00,20:09,20:18,20:27,20:36,20:45,20:54,21:03,21:12,21:21,21:30,21:39,21:48,21:57,22:06,22:15,22:24,22:33,22:42,22:51,23:00,23:09,23:18,23:27,23:36
82,홈플러스,06:40,06:49,06:58,07:07,07:16,07:25,07:34,07:43,07:52,08:01,08:10,08:19,08:28,08:37,08:46,08:55,09:04,09:13,09:22,09:31,09:40,09:49,09:58,10:07,10:16,10:25,10:34,10:43,10:52,11:01,11:10,11:19,11:28,11:37,11:46,11:55,12:04,12:13,12:22,12:31,12:40,12:49,12:58,13:07,13:16,13:25,13:34,13:43,13:52,14:01,14:10,14:19,14:28,14:37,14:46,14:55,15:04,15:13,15:22,15:31,15:40,15:49,15:58,16:07,16:16,16:25,16:34,16:43,16:52,17:01,17:10,17:19,17:28,17:37,17:46,17:55,18:04,18:13,18:22,18:31,18:40,18:49,18:58,19:07,19:16,19:25,19:34,19:43,19:52,20:01,20:10,20:19,20:28,20:37,20:46,20:55,21:04,21:13,21:22,21:31,21:40,21:49,21:58,22:07,22:16,22:25,22:34,22:43,22:52,23:01,23:10,23:19,23:28,23:37
83,동원아파트,06:42,06:51,07:00,07:09,07:18,07:27,07:36,07:45,07:54,08:03,08:12,08:21,08:30,08:39,08:48,08:57,09:06,09:15,09:24,09:33,09:42,09:51,10:00,10:09,10:18,10:27,10:36,10:45,10:54,11:03,11:12,11:21,11:30,11:39,11:48,11:57,12:06,12:15,12:24,12:33,12:42,12:51,13:00,13:09,13:18,13:27,13:36,13:45,13:54,14:03,14:12,14:21,14:30,14:39,14:48,14:57,15:06,15:15,15:24,15:33,15:42,15:51,16:00,16:09,16:18,16:27,16:36,16:45,16:54,17:03,17:12,17:21,17:30,17:39,17:48,17:57,18:06,18:15,18:24,18:33,18:42,18:51,19:00,19:09,19:18,19:27,19:36,19:45,19:54,20:03,20:12,20:21,20:30,20:39,20:48,20:57,21:06,21:15,21:24,21:33,21:42,21:51,22:00,22:09,22:18,22:27,22:36,22:45,22:54,23:03,23:12,23:21,23:30,23:39
84,자유아파트,06:43,06:52,07:01,07:10,07:19,07:28,07:37,07:46,07:55,08:04,08:13,08:22,08:31,08:40,08:49,08:58,09:07,09:16,09:25,09:34,09:43,09:52,10:01,10:10,10:19,10:28,10:37,10:46,10:55,11:04,11:13,11:22,11:31,11:40,11:49,11:58,12:07,12:16,12:25,12:34,12:43,12:52,13:01,13:10,13:19,13:28,13:37,13:46,13:55,14:04,14:13,14:22,14:31,14:40,14:49,14:58,15:07,15:16,15:25,15:34,15:43,15:52,16:01,16:10,16:19,16:28,16:37,16:46,16:55,17:04,17:13,17:22,17:31,17:40,17:49,17:58,18:07,18:16,18:25,18:34,18:43,18:52,19:01,19:10,19:19,19:28,19:37,19:46,19:55,20:04,20:13,20:22,20:31,20:40,20:49,20:58,21:07,21:16,21:25,21:34,21:43,21:52,22:01,22:10,22:19,22:28,22:37,22:46,22:55,23:04,23:13,23:22,23:31,23:40
85,부산북부고용노동지청,06:44,06:53,07:02,07:11,07:20,07:29,07:38,07:47,07:56,08:05,08:14,08:23,08:32,08:41,08:50,08:59,09:08,09:17,09:26,09:35,09:44,09:53,10:02,10:11,10:20,10:29,10:38,10:47,10:56,11:05,11:14,11:23,11:32,11:41,11:50,11:59,12:08,12:17,12:26,12:35,12:44,12:53,13:02,13:11,13:20,13:29,13:38,13:47,13:56,14:05,14:14,14:23,14:32,14:41,14:50,14:59,15:08,15:17,15:26,15:35,15:44,15:53,16:02,16:11,16:20,16:29,16:38,16:47,16:56,17:05,17:14,17:23,17:32,17:41,17:50,17:59,18:08,18:17,18:26,18:35,18:44,18:53,19:02,19:11,19:20,19:29,19:38,19:47,19:56,20:05,20:14,20:23,20:32,20:41,20:50,20:59,21:08,21:17,21:26,21:35,21:44,21:53,22:02,22:11,22:20,22:29,22:38,22:47,22:56,23:05,23:14,23:23,23:32,23:41
86,부산항공고등학교,06:45,06:54,07:03,07:12,07:21,07:30,07:39,07:48,07:57,08:06,08:15,08:24,08:33,08:42,08:51,09:00,09:09,09:18,09:27,09:36,09:45,09:54,10:03,10:12,10:21,10:30,10:39,10:48,10:57,11:06,11:15,11:24,11:33,11:42,11:51,12:00,12:09,12:18,12:27,12:36,12:45,12:54,13:03,13:12,13:21,13:30,13:39,13:48,13:57,14:06,14:15,14:24,14:33,14:42,14:51,15:00,15:09,15:18,15:27,15:36,15:45,15:54,16:03,16:12,16:21,16:30,16:39,16:48,16:57,17:06,17:15,17:24,17:33,17:42,17:51,18:00,18:09,18:18,18:27,18:36,18:45,18:54,19:03,19:12,19:21,19:30,19:39,19:48,19:57,20:06,20:15,20:24,20:33,20:42,20:51,21:00,21:09,21:18,21:27,21:36,21:45,21:54,22:03,22:12,22:21,22:30,22:39,22:48,22:57,23:06,23:15,23:24,23:33,23:42
87,덕포초.부산도서관,06:47,06:56,07:05,07:14,07:23,07:32,07:41,07:50,07:59,08:08,08:17,08:26,08:35,08:44,08:53,09:02,09:11,09:20,09:29,09:38,09:47,09:56,10:05,10:14,10:23,10:32,10:41,10:50,10:59,11:08,11:17,11:26,11:35,11:44,11:53,12:02,12:11,12:20,12:29,12:38,12:47,12:56,13:05,13:14,13:23,13:32,13:41,13:50,13:59,14:08,14:17,14:26,14:35,14:44,14:53,15:02,15:11,15:20,15:29,15:38,15:47,15:56,16:05,16:14,16:23,16:32,16:41,16:50,16:59,17:08,17:17,17:26,17:35,17:44,17:53,18:02,18:11,18:20,18:29,18:38,18:47,18:56,19:05,19:14,19:23,19:32,19:41,19:50,19:59,20:08,20:17,20:26,20:35,20:44,20:53,21:02,21:11,21:20,21:29,21:38,21:47,21:56,22:05,22:14,22:23,22:32,22:41,22:50,22:59,23:08,23:17,23:26,23:35,23:44
88,덕포시장,06:49,06:58,07:07,07:16,07:25,07:34,07:43,07:52,08:01,08:10,08:19,08:28,08:37,08:46,08:55,09:04,09:13,09:22,09:31,09:40,09:49,09:58,10:07,10:16,10:25,10:34,10:43,10:52,11:01,11:10,11:19,11:28,11:37,11:46,11:55,12:04,12:13,12:22,12:31,12:40,12:49,12:58,13:07,13:16,13:25,13:34,13:43,13:52,14:01,14:10,14:19,14:28,14:37,14:46,14:55,15:04,15:13,15:22,15:31,15:40,15:49,15:58,16:07,16:16,16:25,16:34,16:43,16:52,17:01,17:10,17:19,17:28,17:37,17:46,17:55,18:04,18:13,18:22,18:31,18:40,18:49,18:58,19:07,19:16,19:25,19:34,19:43,19:52,20:01,20:10,20:19,20:28,20:37,20:46,20:55,21:04,21:13,21:22,21:31,21:40,21:49,21:58,22:07,22:16,22:25,22:34,22:43,22:52,23:01,23:10,23:19,23:28,23:37,23:46
89,사상초등학교,06:51,07:00,07:09,07:18,07:27,07:36,07:45,07:54,08:03,08:12,08:21,08:30,08:39,08:48,08:57,09:06,09:15,09:24,09:33,09:42,09:51,10:00,10:09,10:18,10:27,10:36,10:45,10:54,11:03,11:12,11:21,11:30,11:39,11:48,11:57,12:06,12:15,12:24,12:33,12:42,12:51,13:00,13:09,13:18,13:27,13:36,13:45,13:54,14:03,14:12,14:21,14:30,14:39,14:48,14:57,15:06,15:15,15:24,15:33,15:42,15:51,16:00,16:09,16:18,16:27,16:36,16:45,16:54,17:03,17:12,17:21,17:30,17:39,17:48,17:57,18:06,18:15,18:24,18:33,18:42,18:51,19:00,19:09,19:18,19:27,19:36,19:45,19:54,20:03,20:12,20:21,20:30,20:39,20:48,20:57,21:06,21:15,21:24,21:33,21:42,21:51,22:00,22:09,22:18,22:27,22:36,22:45,22:54,23:03,23:12,23:21,23:30,23:39,23:48
90,서부시외버스터미널.사상역,06:52,07:01,07:10,07:19,07:28,07:37,07:46,07:55,08:04,08:13,08:22,08:31,08:40,08:49,08:58,09:07,09:16,09:25,09:34,09:43,09:52,10:01,10:10,10:19,10:28,10:37,10:46,10:55,11:04,11:13,11:22,11:31,11:40,11:49,11:58,12:07,12:16,12:25,12:34,12:43,12:52,13:01,13:10,13:19,13:28,13:37,13:46,13:55,14:04,14:13,14:22,14:31,14:40,14:49,14:58,15:07,15:16,15:25,15:34,15:43,15:52,16:01,16:10,16:19,16:28,16:37,16:46,16:55,17:04,17:13,17:22,17:31,17:40,17:49,17:58,18:07,18:16,18:25,18:34,18:43,18:52,19:01,19:10,19:19,19:28,19:37,19:46,19:55,20:04,20:13,20:22,20:31,20:40,20:49,20:58,21:07,21:16,21:25,21:34,21:43,21:52,22:01,22:10,22:19,22:28,22:37,22:46,22:55,23:04,23:13,23:22,23:31,23:40,23:49
91,사상우체국,06:53,07:02,07:11,07:20,07:29,07:38,07:47,07:56,08:05,08:14,08:23,08:32,08:41,08:50,08:59,09:08,09:17,09:26,09:35,09:44,09:53,10:02,10:11,10:20,10:29,10:38,10:47,10:56,11:05,11:14,11:23,11:32,11:41,11:50,11:59,12:08,12:17,12:26,12:35,12:44,12:53,13:02,13:11,13:20,13:29,13:38,13:47,13:56,14:05,14:14,14:23,14:32,14:41,14:50,14:59,15:08,15:17,15:26,15:35,15:44,15:53,16:02,16:11,16:20,16:29,16:38,16:47,16:56,17:05,17:14,17:23,17:32,17:41,17:50,17:59,18:08,18:17,18:26,18:35,18:44,18:53,19:02,19:11,19:20,19:29,19:38,19:47,19:56,20:05,20:14,20:23,20:32,20:41,20:50,20:59,21:08,21:17,21:26,21:35,21:44,21:53,22:02,22:11,22:20,22:29,22:38,22:47,22:56,23:05,23:14,23:23,23:32,23:41,23:50
92,삼대한의원,06:54,07:03,07:12,07:21,07:30,07:39,07:48,07:57,08:06,08:15,08:24,08:33,08:42,08:51,09:00,09:09,09:18,09:27,09:36,09:45,09:54,10:03,10:12,10:21,10:30,10:39,10:48,10:57,11:06,11:15,11:24,11:33,11:42,11:51,12:00,12:09,12:18,12:27,12:36,12:45,12:54,13:03,13:12,13:21,13:30,13:39,13:48,13:57,14:06,14:15,14:24,14:33,14:42,14:51,15:00,15:09,15:18,15:27,15:36,15:45,15:54,16:03,16:12,16:21,16:30,16:39,16:48,16:57,17:06,17:15,17:24,17:33,17:42,17:51,18:00,18:09,18:18,18:27,18:36,18:45,18:54,19:03,19:12,19:21,19:30,19:39,19:48,19:57,20:06,20:15,20:24,20:33,20:42,20:51,21:00,21:09,21:18,21:27,21:36,21:45,21:54,22:03,22:12,22:21,22:30,22:39,22:48,22:57,23:06,23:15,23:24,23:33,23:42,23:51
93,북부산세무서.감전역,06:55,07:04,07:13,07:22,07:31,07:40,07:49,07:58,08:07,08:16,08:25,08:34,08:43,08:52,09:01,09:10,09:19,09:28,09:37,09:46,09:55,10:04,10:13,10:22,10:31,10:40,10:49,10:58,11:07,11:16,11:25,11:34,11:43,11:52,12:01,12:10,12:19,12:28,12:37,12:46,12:55,13:04,13:13,13:22,13:31,13:40,13:49,13:58,14:07,14:16,14:25,14:34,14:43,14:52,15:01,15:10,15:19,15:28,15:37,15:46,15:55,16:04,16:13,16:22,16:31,16:40,16:49,16:58,17:07,17:16,17:25,17:34,17:43,17:52,18:01,18:10,18:19,18:28,18:37,18:46,18:55,19:04,19:13,19:22,19:31,19:40,19:49,19:58,20:07,20:16,20:25,20:34,20:43,20:52,21:01,21:10,21:19,21:28,21:37,21:46,21:55,22:04,22:13,22:22,22:31,22:40,22:49,22:58,23:07,23:16,23:25,23:34,23:43,23:52
94,온골마을입구,06:56,07:05,07:14,07:23,07:32,07:41,07:50,07:59,08:08,08:17,08:26,08:35,08:44,08:53,09:02,09:11,09:20,09:29,09:38,09:47,09:56,10:05,10:14,10:23,10:32,10:41,10:50,10:59,11:08,11:17,11:26,11:35,11:44,11:53,12:02,12:11,12:20,12:29,12:38,12:47,12:56,13:05,13:14,13:23,13:32,13:41,13:50,13:59,14:08,14:17,14:26,14:35,14:44,14:53,15:02,15:11,15:20,15:29,15:38,15:47,15:56,16:05,16:14,16:23,16:32,16:41,16:50,16:59,17:08,17:17,17:26,17:35,17:44,17:53,18:02,18:11,18:20,18:29,18:38,18:47,18:56,19:05,19:14,19:23,19:32,19:41,19:50,19:59,20:08,20:17,20:26,20:35,20:44,20:53,21:02,21:11,21:20,21:29,21:38,21:47,21:56,22:05,22:14,22:23,22:32,22:41,22:50,22:59,23:08,23:17,23:26,23:35,23:44,23:53
95,주례우체국,06:57,07:06,07:15,07:24,07:33,07:42,07:51,08:00,08:09,08:18,08:27,08:36,08:45,08:54,09:03,09:12,09:21,09:30,09:39,09:48,09:57,10:06,10:15,10:24,10:33,10:42,10:51,11:00,11:09,11:18,11:27,11:36,11:45,11:54,12:03,12:12,12:21,12:30,12:39,12:48,12:57,13:06,13:15,13:24,13:33,13:42,13:51,14:00,14:09,14:18,14:27,14:36,14:45,14:54,15:03,15:12,15:21,15:30,15:39,15:48,15:57,16:06,16:15,16:24,16:33,16:42,16:51,17:00,17:09,17:18,17:27,17:36,17:45,17:54,18:03,18:12,18:21,18:30,18:39,18:48,18:57,19:06,19:15,19:24,19:33,19:42,19:51,20:00,20:09,20:18,20:27,20:36,20:45,20:54,21:03,21:12,21:21,21:30,21:39,21:48,21:57,22:06,22:15,22:24,22:33,22:42,22:51,23:00,23:09,23:18,23:27,23:36,23:45,23:54
96,주례역,06:59,07:08,07:17,07:26,07:35,07:44,07:53,08:02,08:11,08:20,08:29,08:38,08:47,08:56,09:05,09:14,09:23,09:32,09:41,09:50,09:59,10:08,10:17,10:26,10:35,10:44,10:53,11:02,11:11,11:20,11:29,11:38,11:47,11:56,12:05,12:14,12:23,12:32,12:41,12:50,12:59,13:08,13:17,13:26,13:35,13:44,13:53,14:02,14:11,14:20,14:29,14:38,14:47,14:56,15:05,15:14,15:23,15:32,15:41,15:50,15:59,16:08,16:17,16:26,16:35,16:44,16:53,17:02,17:11,17:20,17:29,17:38,17:47,17:56,18:05,18:14,18:23,18:32,18:41,18:50,18:59,19:08,19:17,19:26,19:35,19:44,19:53,20:02,20:11,20:20,20:29,20:38,20:47,20:56,21:05,21:14,21:23,21:32,21:41,21:50,21:59,22:08,22:17,22:26,22:35,22:44,22:53,23:02,23:11,23:20,23:29,23:38,23:47,23:56
97,좋은삼선병원,07:00,07:09,07:18,07:27,07:36,07:45,07:54,08:03,08:12,08:21,08:30,08:39,08:48,08:57,09:06,09:15,09:24,09:33,09:42,09:51,10:00,10:09,10:18,10:27,10:36,10:45,10:54,11:03,11:12,11:21,11:30,11:39,11:48,11:57,12:06,12:15,12:24,12:33,12:42,12:51,13:00,13:09,13:18,13:27,13:36,13:45,13:54,14:03,14:12,14:21,14:30,14:39,14:48,14:57,15:06,15:15,15:24,15:33,15:42,15:51,16:00,16:09,16:18,16:27,16:36,16:45,16:54,17:03,17:12,17:21,17:30,17:39,17:48,17:57,18:06,18:15,18:24,18:33,18:42,18:51,19:00,19:09,19:18,19:27,19:36,19:45,19:54,20:03,20:12,20:21,20:30,20:39,20:48,20:57,21:06,21:15,21:24,21:33,21:42,21:51,22:00,22:09,22:18,22:27,22:36,22:45,22:54,23:03,23:12,23:21,23:30,23:39,23:48,23:57
98,냉정역.동서대경남정보대,07:02,07:11,07:20,07:29,07:38,07:47,07:56,08:05,08:14,08:23,08:32,08:41,08:50,08:59,09:08,09:17,09:26,09:35,09:44,09:53,10:02,10:11,10:20,10:29,10:38,10:47,10:56,11:05,11:14,11:23,11:32,11:41,11:50,11:59,12:08,12:17,12:26,12:35,12:44,12:53,13:02,13:11,13:20,13:29,13:38,13:47,13:56,14:05,14:14,14:23,14:32,14:41,14:50,14:59,15:08,15:17,15:26,15:35,15:44,15:53,16:02,16:11,16:20,16:29,16:38,16:47,16:56,17:05,17:14,17:23,17:32,17:41,17:50,17:59,18:08,18:17,18:26,18:35,18:44,18:53,19:02,19:11,19:20,19:29,19:38,19:47,19:56,20:05,20:14,20:23,20:32,20:41,20:50,20:59,21:08,21:17,21:26,21:35,21:44,21:53,22:02,22:11,22:20,22:29,22:38,22:47,22:56,23:05,23:14,23:23,23:32,23:41,23:50,23:59
99,냉정고개,07:03,07:12,07:21,07:30,07:39,07:48,07:57,08:06,08:15,08:24,08:33,08:42,08:51,09:00,09:09,09:18,09:27,09:36,09:45,09:54,10:03,10:12,10:21,10:30,10:39,10:48,10:57,11:06,11:15,11:24,11:33,11:42,11:51,12:00,12:09,12:18,12:27,12:36,12:45,12:54,13:03,13:12,13:21,13:30,13:39,13:48,13:57,14:06,14:15,14:24,14:33,14:42,14:51,15:00,15:09,15:18,15:27,15:36,15:45,15:54,16:03,16:12,16:21,16:30,16:39,16:48,16:57,17:06,17:15,17:24,17:33,17:42,17:51,18:00,18:09,18:18,18:27,18:36,18:45,18:54,19:03,19:12,19:21,19:30,19:39,19:48,19:57,20:06,20:15,20:24,20:33,20:42,20:51,21:00,21:09,21:18,21:27,21:36,21:45,21:54,22:03,22:12,22:21,22:30,22:39,22:48,22:57,23:06,23:15,23:24,23:33,23:42,23:51,00:00
100,개금역,07:05,07:14,07:23,07:32,07:41,07:50,07:59,08:08,08:17,08:26,08:35,08:44,08:53,09:02,09:11,09:20,09:29,09:38,09:47,09:56,10:05,10:14,10:23,10:32,10:41,10:50,10:59,11:08,11:17,11:26,11:35,11:44,11:53,12:02,12:11,12:20,12:29,12:38,12:47,12:56,13:05,13:14,13:23,13:32,13:41,13:50,13:59,14:08,14:17,14:26,14:35,14:44,14:53,15:02,15:11,15:20,15:29,15:38,15:47,15:56,16:05,16:14,16:23,16:32,16:41,16:50,16:59,17:08,17:17,17:26,17:35,17:44,17:53,18:02,18:11,18:20,18:29,18:38,18:47,18:56,19:05,19:14,19:23,19:32,19:41,19:50,19:59,20:08,20:17,20:26,20:35,20:44,20:53,21:02,21:11,21:20,21:29,21:38,21:47,21:56,22:05,22:14,22:23,22:32,22:41,22:50,22:59,23:08,23:17,23:26,23:35,23:44,23:53,00:02
101,개금삼거리.개금골목시장,07:06,07:15,07:24,07:33,07:42,07:51,08:00,08:09,08:18,08:27,08:36,08:45,08:54,09:03,09:12,09:21,09:30,09:39,09:48,09:57,10:06,10:15,10:24,10:33,10:42,10:51,11:00,11:09,11:18,11:27,11:36,11:45,11:54,12:03,12:12,12:21,12:30,12:39,12:48,12:57,13:06,13:15,13:24,13:33,13:42,13:51,14:00,14:09,14:18,14:27,14:36,14:45,14:54,15:03,15:12,15:21,15:30,15:39,15:48,15:57,16:06,16:15,16:24,16:33,16:42,16:51,17:00,17:09,17:18,17:27,17:36,17:45,17:54,18:03,18:12,18:21,18:30,18:39,18:48,18:57,19:06,19:15,19:24,19:33,19:42,19:51,20:00,20:09,20:18,20:27,20:36,20:45,20:54,21:03,21:12,21:21,21:30,21:39,21:48,21:57,22:06,22:15,22:24,22:33,22:42,22:51,23:00,23:09,23:18,23:27,23:36,23:45,23:54,00:03
102,동의대역,07:08,07:17,07:26,07:35,07:44,07:53,08:02,08:11,08:20,08:29,08:38,08:47,08:56,09:05,09:14,09:23,09:32,09:41,09:50,09:59,10:08,10:17,10:26,10:35,10:44,10:53,11:02,11:11,11:20,11:29,11:38,11:47,11:56,12:05,12:14,12:23,12:32,12:41,12:50,12:59,13:08,13:17,13:26,13:35,13:44,13:53,14:02,14:11,14:20,14:29,14:38,14:47,14:56,15:05,15:14,15:23,15:32,15:41,15:50,15:59,16:08,16:17,16:26,16:35,16:44,16:53,17:02,17:11,17:20,17:29,17:38,17:47,17:56,18:05,18:14,18:23,18:32,18:41,18:50,18:59,19:08,19:17,19:26,19:35,19:44,19:53,20:02,20:11,20:20,20:29,20:38,20:47,20:56,21:05,21:14,21:23,21:32,21:41,21:50,21:59,22:08,22:17,22:26,22:35,22:44,22:53,23:02,23:11,23:20,23:29,23:38,23:47,23:56,00:05
103,부산진우체국(가야1치안센터),07:11,07:20,07:29,07:38,07:47,07:56,08:05,08:14,08:23,08:32,08:41,08:50,08:59,09:08,09:17,09:26,09:35,09:44,09:53,10:02,10:11,10:20,10:29,10:38,10:47,10:56,11:05,11:14,11:23,11:32,11:41,11:50,11:59,12:08,12:17,12:26,12:35,12:44,12:53,13:02,13:11,13:20,13:29,13:38,13:47,13:56,14:05,14:14,14:23,14:32,14:41,14:50,14:59,15:08,15:17,15:26,15:35,15:44,15:53,16:02,16:11,16:20,16:29,16:38,16:47,16:56,17:05,17:14,17:23,17:32,17:41,17:50,17:59,18:08,18:17,18:26,18:35,18:44,18:53,19:02,19:11,19:20,19:29,19:38,19:47,19:56,20:05,20:14,20:23,20:32,20:41,20:50,20:59,21:08,21:17,21:26,21:35,21:44,21:53,22:02,22:11,22:20,22:29,22:38,22:47,22:56,23:05,23:14,23:23,23:32,23:41,23:50,23:59,00:08
104,가야역,07:14,07:23,07:32,07:41,07:50,07:59,08:08,08:17,08:26,08:35,08:44,08:53,09:02,09:11,09:20,09:29,09:38,09:47,09:56,10:05,10:14,10:23,10:32,10:41,10:50,10:59,11:08,11:17,11:26,11:35,11:44,11:53,12:02,12:11,12:20,12:29,12:38,12:47,12:56,13:05,13:14,13:23,13:32,13:41,13:50,13:59,14:08,14:17,14:26,14:35,14:44,14:53,15:02,15:11,15:20,15:29,15:38,15:47,15:56,16:05,16:14,16:23,16:32,16:41,16:50,16:59,17:08,17:17,17:26,17:35,17:44,17:53,18:02,18:11,18:20,18:29,18:38,18:47,18:56,19:05,19:14,19:23,19:32,19:41,19:50,19:59,20:08,20:17,20:26,20:35,20:44,20:53,21:02,21:11,21:20,21:29,21:38,21:47,21:56,22:05,22:14,22:23,22:32,22:41,22:50,22:59,23:08,23:17,23:26,23:35,23:44,23:53,00:02,00:11
105,부암역,07:15,07:24,07:33,07:42,07:51,08:00,08:09,08:18,08:27,08:36,08:45,08:54,09:03,09:12,09:21,09:30,09:39,09:48,09:57,10:06,10:15,10:24,10:33,10:42,10:51,11:00,11:09,11:18,11:27,11:36,11:45,11:54,12:03,12:12,12:21,12:30,12:39,12:48,12:57,13:06,13:15,13:24,13:33,13:42,13:51,14:00,14:09,14:18,14:27,14:36,14:45,14:54,15:03,15:12,15:21,15:30,15:39,15:48,15:57,16:06,16:15,16:24,16:33,16:42,16:51,17:00,17:09,17:18,17:27,17:36,17:45,17:54,18:03,18:12,18:21,18:30,18:39,18:48,18:57,19:06,19:15,19:24,19:33,19:42,19:51,20:00,20:09,20:18,20:27,20:36,20:45,20:54,21:03,21:12,21:21,21:30,21:39,21:48,21:57,22:06,22:15,22:24,22:33,22:42,22:51,23:00,23:09,23:18,23:27,23:36,23:45,23:54,00:03,00:12
106,서면역.롯데호텔백화점,07:19,07:28,07:37,07:46,07:55,08:04,08:13,08:22,08:31,08:40,08:49,08:58,09:07,09:16,09:25,09:34,09:43,09:52,10:01,10:10,10:19,10:28,10:37,10:46,10:55,11:04,11:13,11:22,11:31,11:40,11:49,11:58,12:07,12:16,12:25,12:34,12:43,12:52,13:01,13:10,13:19,13:28,13:37,13:46,13:55,14:04,14:13,14:22,14:31,14:40,14:49,14:58,15:07,15:16,15:25,15:34,15:43,15:52,16:01,16:10,16:19,16:28,16:37,16:46,16:55,17:04,17:13,17:22,17:31,17:40,17:49,17:58,18:07,18:16,18:25,18:34,18:43,18:52,19:01,19:10,19:19,19:28,19:37,19:46,19:55,20:04,20:13,20:22,20:31,20:40,20:49,20:58,21:07,21:16,21:25,21:34,21:43,21:52,22:01,22:10,22:19,22:28,22:37,22:46,22:55,23:04,23:13,23:22,23:31,23:40,23:49,23:58,00:07,00:16
107,부전시장,07:22,07:31,07:40,07:49,07:58,08:07,08:16,08:25,08:34,08:43,08:52,09:01,09:10,09:19,09:28,09:37,09:46,09:55,10:04,10:13,10:22,10:31,10:40,10:49,10:58,11:07,11:16,11:25,11:34,11:43,11:52,12:01,12:10,12:19,12:28,12:37,12:46,12:55,13:04,13:13,13:22,13:31,13:40,13:49,13:58,14:07,14:16,14:25,14:34,14:43,14:52,15:01,15:10,15:19,15:28,15:37,15:46,15:55,16:04,16:13,16:22,16:31,16:40,16:49,16:58,17:07,17:16,17:25,17:34,17:43,17:52,18:01,18:10,18:19,18:28,18:37,18:46,18:55,19:04,19:13,19:22,19:31,19:40,19:49,19:58,20:07,20:16,20:25,20:34,20:43,20:52,21:01,21:10,21:19,21:28,21:37,21:46,21:55,22:04,22:13,22:22,22:31,22:40,22:49,22:58,23:07,23:16,23:25,23:34,23:43,23:52,00:01,00:10,00:19
108,송상현광장,07:24,07:33,07:42,07:51,08:00,08:09,08:18,08:27,08:36,08:45,08:54,09:03,09:12,09:21,09:30,09:39,09:48,09:57,10:06,10:15,10:24,10:33,10:42,10:51,11:00,11:09,11:18,11:27,11:36,11:45,11:54,12:03,12:12,12:21,12:30,12:39,12:48,12:57,13:06,13:15,13:24,13:33,13:42,13:51,14:00,14:09,14:18,14:27,14:36,14:45,14:54,15:03,15:12,15:21,15:30,15:39,15:48,15:57,16:06,16:15,16:24,16:33,16:42,16:51,17:00,17:09,17:18,17:27,17:36,17:45,17:54,18:03,18:12,18:21,18:30,18:39,18:48,18:57,19:06,19:15,19:24,19:33,19:42,19:51,20:00,20:09,20:18,20:27,20:36,20:45,20:54,21:03,21:12,21:21,21:30,21:39,21:48,21:57,22:06,22:15,22:24,22:33,22:42,22:51,23:00,23:09,23:18,23:27,23:36,23:45,23:54,00:03,00:12,00:21
109,양정대원칸타빌,07:26,07:35,07:44,07:53,08:02,08:11,08:20,08:29,08:38,08:47,08:56,09:05,09:14,09:23,09:32,09:41,09:50,09:59,10:08,10:17,10:26,10:35,10:44,10:53,11:02,11:11,11:20,11:29,11:38,11:47,11:56,12:05,12:14,12:23,12:32,12:41,12:50,12:59,13:08,13:17,13:26,13:35,13:44,13:53,14:02,14:11,14:20,14:29,14:38,14:47,14:56,15:05,15:14,15:23,15:32,15:41,15:50,15:59,16:08,16:17,16:26,16:35,16:44,16:53,17:02,17:11,17:20,17:29,17:38,17:47,17:56,18:05,18:14,18:23,18:32,18:41,18:50,18:59,19:08,19:17,19:26,19:35,19:44,19:53,20:02,20:11,20:20,20:29,20:38,20:47,20:56,21:05,21:14,21:23,21:32,21:41,21:50,21:59,22:08,22:17,22:26,22:35,22:44,22:53,23:02,23:11,23:20,23:29,23:38,23:47,23:56,00:05,00:14,00:23
110,하마정,07:28,07:37,07:46,07:55,08:04,08:13,08:22,08:31,08:40,08:49,08:58,09:07,09:16,09:25,09:34,09:43,09:52,10:01,10:10,10:19,10:28,10:37,10:46,10:55,11:04,11:13,11:22,11:31,11:40,11:49,11:58,12:07,12:16,12:25,12:34,12:43,12:52,13:01,13:10,13:19,13:28,13:37,13:46,13:55,14:04,14:13,14:22,14:31,14:40,14:49,14:58,15:07,15:16,15:25,15:34,15:43,15:52,16:01,16:10,16:19,16:28,16:37,16:46,16:55,17:04,17:13,17:22,17:31,17:40,17:49,17:58,18:07,18:16,18:25,18:34,18:43,18:52,19:01,19:10,19:19,19:28,19:37,19:46,19:55,20:04,20:13,20:22,20:31,20:40,20:49,20:58,21:07,21:16,21:25,21:34,21:43,21:52,22:01,22:10,22:19,22:28,22:37,22:46,22:55,23:04,23:13,23:22,23:31,23:40,23:49,23:58,00:07,00:16,00:25
111,동해선거제해맞이역,07:29,07:38,07:47,07:56,08:05,08:14,08:23,08:32,08:41,08:50,08:59,09:08,09:17,09:26,09:35,09:44,09:53,10:02,10:11,10:20,10:29,10:38,10:47,10:56,11:05,11:14,11:23,11:32,11:41,11:50,11:59,12:08,12:17,12:26,12:35,12:44,12:53,13:02,13:11,13:20,13:29,13:38,13:47,13:56,14:05,14:14,14:23,14:32,14:41,14:50,14:59,15:08,15:17,15:26,15:35,15:44,15:53,16:02,16:11,16:20,16:29,16:38,16:47,16:56,17:05,17:14,17:23,17:32,17:41,17:50,17:59,18:08,18:17,18:26,18:35,18:44,18:53,19:02,19:11,19:20,19:29,19:38,19:47,19:56,20:05,20:14,20:23,20:32,20:41,20:50,20:59,21:08,21:17,21:26,21:35,21:44,21:53,22:02,22:11,22:20,22:29,22:38,22:47,22:56,23:05,23:14,23:23,23:32,23:41,23:50,23:59,00:08,00:17,00:26
112,경남아파트,07:30,07:39,07:48,07:57,08:06,08:15,08:24,08:33,08:42,08:51,09:00,09:09,09:18,09:27,09:36,09:45,09:54,10:03,10:12,10:21,10:30,10:39,10:48,10:57,11:06,11:15,11:24,11:33,11:42,11:51,12:00,12:09,12:18,12:27,12:36,12:45,12:54,13:03,13:12,13:21,13:30,13:39,13:48,13:57,14:06,14:15,14:24,14:33,14:42,14:51,15:00,15:09,15:18,15:27,15:36,15:45,15:54,16:03,16:12,16:21,16:30,16:39,16:48,16:57,17:06,17:15,17:24,17:33,17:42,17:51,18:00,18:09,18:18,18:27,18:36,18:45,18:54,19:03,19:12,19:21,19:30,19:39,19:48,19:57,20:06,20:15,20:24,20:33,20:42,20:51,21:00,21:09,21:18,21:27,21:36,21:45,21:54,22:03,22:12,22:21,22:30,22:39,22:48,22:57,23:06,23:15,23:24,23:33,23:42,23:51,00:00,00:09,00:18,00:27
113,법원검찰청.거제역,07:32,07:41,07:50,07:59,08:08,08:17,08:26,08:35,08:44,08:53,09:02,09:11,09:20,09:29,09:38,09:47,09:56,10:05,10:14,10:23,10:32,10:41,10:50,10:59,11:08,11:17,11:26,11:35,11:44,11:53,12:02,12:11,12:20,12:29,12:38,12:47,12:56,13:05,13:14,13:23,13:32,13:41,13:50,13:59,14:08,14:17,14:26,14:35,14:44,14:53,15:02,15:11,15:20,15:29,15:38,15:47,15:56,16:05,16:14,16:23,16:32,16:41,16:50,16:59,17:08,17:17,17:26,17:35,17:44,17:53,18:02,18:11,18:20,18:29,18:38,18:47,18:56,19:05,19:14,19:23,19:32,19:41,19:50,19:59,20:08,20:17,20:26,20:35,20:44,20:53,21:02,21:11,21:20,21:29,21:38,21:47,21:56,22:05,22:14,22:23,22:32,22:41,22:50,22:59,23:08,23:17,23:26,23:35,23:44,23:53,00:02,00:11,00:20,00:29
114,거제1치안센터,07:34,07:43,07:52,08:01,08:10,08:19,08:28,08:37,08:46,08:55,09:04,09:13,09:22,09:31,09:40,09:49,09:58,10:07,10:16,10:25,10:34,10:43,10:52,11:01,11:10,11:19,11:28,11:37,11:46,11:55,12:04,12:13,12:22,12:31,12:40,12:49,12:58,13:07,13:16,13:25,13:34,13:43,13:52,14:01,14:10,14:19,14:28,14:37,14:46,14:55,15:04,15:13,15:22,15:31,15:40,15:49,15:58,16:07,16:16,16:25,16:34,16:43,16:52,17:01,17:10,17:19,17:28,17:37,17:46,17:55,18:04,18:13,18:22,18:31,18:40,18:49,18:58,19:07,19:16,19:25,19:34,19:43,19:52,20:01,20:10,20:19,20:28,20:37,20:46,20:55,21:04,21:13,21:22,21:31,21:40,21:49,21:58,22:07,22:16,22:25,22:34,22:43,22:52,23:01,23:10,23:19,23:28,23:37,23:46,23:55,00:04,00:13,00:22,00:31
115,교대역,07:37,07:46,07:55,08:04,08:13,08:22,08:31,08:40,08:49,08:58,09:07,09:16,09:25,09:34,09:43,09:52,10:01,10:10,10:19,10:28,10:37,10:46,10:55,11:04,11:13,11:22,11:31,11:40,11:49,11:58,12:07,12:16,12:25,12:34,12:43,12:52,13:01,13:10,13:19,13:28,13:37,13:46,13:55,14:04,14:13,14:22,14:31,14:40,14:49,14:58,15:07,15:16,15:25,15:34,15:43,15:52,16:01,16:10,16:19,16:28,16:37,16:46,16:55,17:04,17:13,17:22,17:31,17:40,17:49,17:58,18:07,18:16,18:25,18:34,18:43,18:52,19:01,19:10,19:19,19:28,19:37,19:46,19:55,20:04,20:13,20:22,20:31,20:40,20:49,20:58,21:07,21:16,21:25,21:34,21:43,21:52,22:01,22:10,22:19,22:28,22:37,22:46,22:55,23:04,23:13,23:22,23:31,23:40,23:49,23:58,00:07,00:16,00:25,00:34
116,부전교회,07:40,07:49,07:58,08:07,08:16,08:25,08:34,08:43,08:52,09:01,09:10,09:19,09:28,09:37,09:46,09:55,10:04,10:13,10:22,10:31,10:40,10:49,10:58,11:07,11:16,11:25,11:34,11:43,11:52,12:01,12:10,12:19,12:28,12:37,12:46,12:55,13:04,13:13,13:22,13:31,13:40,13:49,13:58,14:07,14:16,14:25,14:34,14:43,14:52,15:01,15:10,15:19,15:28,15:37,15:46,15:55,16:04,16:13,16:22,16:31,16:40,16:49,16:58,17:07,17:16,17:25,17:34,17:43,17:52,18:01,18:10,18:19,18:28,18:37,18:46,18:55,19:04,19:13,19:22,19:31,19:40,19:49,19:58,20:07,20:16,20:25,20:34,20:43,20:52,21:01,21:10,21:19,21:28,21:37,21:46,21:55,22:04,22:13,22:22,22:31,22:40,22:49,22:58,23:07,23:16,23:25,23:34,23:43,23:52,00:01,00:10,00:19,00:28,00:37
117,동래역,07:41,07:50,07:59,08:08,08:17,08:26,08:35,08:44,08:53,09:02,09:11,09:20,09:29,09:38,09:47,09:56,10:05,10:14,10:23,10:32,10:41,10:50,10:59,11:08,11:17,11:26,11:35,11:44,11:53,12:02,12:11,12:20,12:29,12:38,12:47,12:56,13:05,13:14,13:23,13:32,13:41,13:50,13:59,14:08,14:17,14:26,14:35,14:44,14:53,15:02,15:11,15:20,15:29,15:38,15:47,15:56,16:05,16:14,16:23,16:32,16:41,16:50,16:59,17:08,17:17,17:26,17:35,17:44,17:53,18:02,18:11,18:20,18:29,18:38,18:47,18:56,19:05,19:14,19:23,19:32,19:41,19:50,19:59,20:08,20:17,20:26,20:35,20:44,20:53,21:02,21:11,21:20,21:29,21:38,21:47,21:56,22:05,22:14,22:23,22:32,22:41,22:50,22:59,23:08,23:17,23:26,23:35,23:44,23:53,00:02,00:11,00:20,00:29,00:38
118,메가마트동래점,07:42,07:51,08:00,08:09,08:18,08:27,08:36,08:45,08:54,09:03,09:12,09:21,09:30,09:39,09:48,09:57,10:06,10:15,10:24,10:33,10:42,10:51,11:00,11:09,11:18,11:27,11:36,11:45,11:54,12:03,12:12,12:21,12:30,12:39,12:48,12:57,13:06,13:15,13:24,13:33,13:42,13:51,14:00,14:09,14:18,14:27,14:36,14:45,14:54,15:03,15:12,15:21,15:30,15:39,15:48,15:57,16:06,16:15,16:24,16:33,16:42,16:51,17:00,17:09,17:18,17:27,17:36,17:45,17:54,18:03,18:12,18:21,18:30,18:39,18:48,18:57,19:06,19:15,19:24,19:33,19:42,19:51,20:00,20:09,20:18,20:27,20:36,20:45,20:54,21:03,21:12,21:21,21:30,21:39,21:48,21:57,22:06,22:15,22:24,22:33,22:42,22:51,23:00,23:09,23:18,23:27,23:36,23:45,23:54,00:03,00:12,00:21,00:30,00:39
119,수안역.동래교차로,07:43,07:52,08:01,08:10,08:19,08:28,08:37,08:46,08:55,09:04,09:13,09:22,09:31,09:40,09:49,09:58,10:07,10:16,10:25,10:34,10:43,10:52,11:01,11:10,11:19,11:28,11:37,11:46,11:55,12:04,12:13,12:22,12:31,12:40,12:49,12:58,13:07,13:16,13:25,13:34,13:43,13:52,14:01,14:10,14:19,14:28,14:37,14:46,14:55,15:04,15:13,15:22,15:31,15:40,15:49,15:58,16:07,16:16,16:25,16:34,16:43,16:52,17:01,17:10,17:19,17:28,17:37,17:46,17:55,18:04,18:13,18:22,18:31,18:40,18:49,18:58,19:07,19:16,19:25,19:34,19:43,19:52,20:01,20:10,20:19,20:28,20:37,20:46,20:55,21:04,21:13,21:22,21:31,21:40,21:49,21:58,22:07,22:16,22:25,22:34,22:43,22:52,23:01,23:10,23:19,23:28,23:37,23:46,23:55,00:04,00:13,00:22,00:31,00:40
120,동래시장,07:44,07:53,08:02,08:11,08:20,08:29,08:38,08:47,08:56,09:05,09:14,09:23,09:32,09:41,09:50,09:59,10:08,10:17,10:26,10:35,10:44,10:53,11:02,11:11,11:20,11:29,11:38,11:47,11:56,12:05,12:14,12:23,12:32,12:41,12:50,12:59,13:08,13:17,13:26,13:35,13:44,13:53,14:02,14:11,14:20,14:29,14:38,14:47,14:56,15:05,15:14,15:23,15:32,15:41,15:50,15:59,16:08,16:17,16:26,16:35,16:44,16:53,17:02,17:11,17:20,17:29,17:38,17:47,17:56,18:05,18:14,18:23,18:32,18:41,18:50,18:59,19:08,19:17,19:26,19:35,19:44,19:53,20:02,20:11,20:20,20:29,20:38,20:47,20:56,21:05,21:14,21:23,21:32,21:41,21:50,21:59,22:08,22:17,22:26,22:35,22:44,22:53,23:02,23:11,23:20,23:29,23:38,23:47,23:56,00:05,00:14,00:23,00:32,00:41
121,낙민역.동래고등학교,07:45,07:54,08:03,08:12,08:21,08:30,08:39,08:48,08:57,09:06,09:15,09:24,09:33,09:42,09:51,10:00,10:09,10:18,10:27,10:36,10:45,10:54,11:03,11:12,11:21,11:30,11:39,11:48,11:57,12:06,12:15,12:24,12:33,12:42,12:51,13:00,13:09,13:18,13:27,13:36,13:45,13:54,14:03,14:12,14:21,14:30,14:39,14:48,14:57,15:06,15:15,15:24,15:33,15:42,15:51,16:00,16:09,16:18,16:27,16:36,16:45,16:54,17:03,17:12,17:21,17:30,17:39,17:48,17:57,18:06,18:15,18:24,18:33,18:42,18:51,19:00,19:09,19:18,19:27,19:36,19:45,19:54,20:03,20:12,20:21,20:30,20:39,20:48,20:57,21:06,21:15,21:24,21:33,21:42,21:51,22:00,22:09,22:18,22:27,22:36,22:45,22:54,23:03,23:12,23:21,23:30,23:39,23:48,23:57,00:06,00:15,00:24,00:33,00:42
122,안락동우체국.동해선안락역,07:47,07:56,08:05,08:14,08:23,08:32,08:41,08:50,08:59,09:08,09:17,09:26,09:35,09:44,09:53,10:02,10:11,10:20,10:29,10:38,10:47,10:56,11:05,11:14,11:23,11:32,11:41,11:50,11:59,12:08,12:17,12:26,12:35,12:44,12:53,13:02,13:11,13:20,13:29,13:38,13:47,13:56,14:05,14:14,14:23,14:32,14:41,14:50,14:59,15:08,15:17,15:26,15:35,15:44,15:53,16:02,16:11,16:20,16:29,16:38,16:47,16:56,17:05,17:14,17:23,17:32,17:41,17:50,17:59,18:08,18:17,18:26,18:35,18:44,18:53,19:02,19:11,19:20,19:29,19:38,19:47,19:56,20:05,20:14,20:23,20:32,20:41,20:50,20:59,21:08,21:17,21:26,21:35,21:44,21:53,22:02,22:11,22:20,22:29,22:38,22:47,22:56,23:05,23:14,23:23,23:32,23:41,23:50,23:59,00:08,00:17,00:26,00:35,00:44
123,동래한전,07:48,07:57,08:06,08:15,08:24,08:33,08:42,08:51,09:00,09:09,09:18,09:27,09:36,09:45,09:54,10:03,10:12,10:21,10:30,10:39,10:48,10:57,11:06,11:15,11:24,11:33,11:42,11:51,12:00,12:09,12:18,12:27,12:36,12:45,12:54,13:03,13:12,13:21,13:30,13:39,13:48,13:57,14:06,14:15,14:24,14:33,14:42,14:51,15:00,15:09,15:18,15:27,15:36,15:45,15:54,16:03,16:12,16:21,16:30,16:39,16:48,16:57,17:06,17:15,17:24,17:33,17:42,17:51,18:00,18:09,18:18,18:27,18:36,18:45,18:54,19:03,19:12,19:21,19:30,19:39,19:48,19:57,20:06,20:15,20:24,20:33,20:42,20:51,21:00,21:09,21:18,21:27,21:36,21:45,21:54,22:03,22:12,22:21,22:30,22:39,22:48,22:57,23:06,23:15,23:24,23:33,23:42,23:51,00:00,00:09,00:18,00:27,00:36,00:45
124,부산원동역,07:50,07:59,08:08,08:17,08:26,08:35,08:44,08:53,09:02,09:11,09:20,09:29,09:38,09:47,09:56,10:05,10:14,10:23,10:32,10:41,10:50,10:59,11:08,11:17,11:26,11:35,11:44,11:53,12:02,12:11,12:20,12:29,12:38,12:47,12:56,13:05,13:14,13:23,13:32,13:41,13:50,13:59,14:08,14:17,14:26,14:35,14:44,14:53,15:02,15:11,15:20,15:29,15:38,15:47,15:56,16:05,16:14,16:23,16:32,16:41,16:50,16:59,17:08,17:17,17:26,17:35,17:44,17:53,18:02,18:11,18:20,18:29,18:38,18:47,18:56,19:05,19:14,19:23,19:32,19:41,19:50,19:59,20:08,20:17,20:26,20:35,20:44,20:53,21:02,21:11,21:20,21:29,21:38,21:47,21:56,22:05,22:14,22:23,22:32,22:41,22:50,22:59,23:08,23:17,23:26,23:35,23:44,23:53,00:02,00:11,00:20,00:29,00:38,00:47
125,원동IC교차로,07:52,08:01,08:10,08:19,08:28,08:37,08:46,08:55,09:04,09:13,09:22,09:31,09:40,09:49,09:58,10:07,10:16,10:25,10:34,10:43,10:52,11:01,11:10,11:19,11:28,11:37,11:46,11:55,12:04,12:13,12:22,12:31,12:40,12:49,12:58,13:07,13:16,13:25,13:34,13:43,13:52,14:01,14:10,14:19,14:28,14:37,14:46,14:55,15:04,15:13,15:22,15:31,15:40,15:49,15:58,16:07,16:16,16:25,16:34,16:43,16:52,17:01,17:10,17:19,17:28,17:37,17:46,17:55,18:04,18:13,18:22,18:31,18:40,18:49,18:58,19:07,19:16,19:25,19:34,19:43,19:52,20:01,20:10,20:19,20:28,20:37,20:46,20:55,21:04,21:13,21:22,21:31,21:40,21:49,21:58,22:07,22:16,22:25,22:34,22:43,22:52,23:01,23:10,23:19,23:28,23:37,23:46,23:55,00:04,00:13,00:22,00:31,00:40,00:49
126,동해선재송역,07:53,08:02,08:11,08:20,08:29,08:38,08:47,08:56,09:05,09:14,09:23,09:32,09:41,09:50,09:59,10:08,10:17,10:26,10:35,10:44,10:53,11:02,11:11,11:20,11:29,11:38,11:47,11:56,12:05,12:14,12:23,12:32,12:41,12:50,12:59,13:08,13:17,13:26,13:35,13:44,13:53,14:02,14:11,14:20,14:29,14:38,14:47,14:56,15:05,15:14,15:23,15:32,15:41,15:50,15:59,16:08,16:17,16:26,16:35,16:44,16:53,17:02,17:11,17:20,17:29,17:38,17:47,17:56,18:05,18:14,18:23,18:32,18:41,18:50,18:59,19:08,19:17,19:26,19:35,19:44,19:53,20:02,20:11,20:20,20:29,20:38,20:47,20:56,21:05,21:14,21:23,21:32,21:41,21:50,21:59,22:08,22:17,22:26,22:35,22:44,22:53,23:02,23:11,23:20,23:29,23:38,23:47,23:56,00:05,00:14,00:23,00:32,00:41,00:50
127,해운대경찰서,07:55,08:04,08:13,08:22,08:31,08:40,08:49,08:58,09:07,09:16,09:25,09:34,09:43,09:52,10:01,10:10,10:19,10:28,10:37,10:46,10:55,11:04,11:13,11:22,11:31,11:40,11:49,11:58,12:07,12:16,12:25,12:34,12:43,12:52,13:01,13:10,13:19,13:28,13:37,13:46,13:55,14:04,14:13,14:22,14:31,14:40,14:49,14:58,15:07,15:16,15:25,15:34,15:43,15:52,16:01,16:10,16:19,16:28,16:37,16:46,16:55,17:04,17:13,17:22,17:31,17:40,17:49,17:58,18:07,18:16,18:25,18:34,18:43,18:52,19:01,19:10,19:19,19:28,19:37,19:46,19:55,20:04,20:13,20:22,20:31,20:40,20:49,20:58,21:07,21:16,21:25,21:34,21:43,21:52,22:01,22:10,22:19,22:28,22:37,22:46,22:55,23:04,23:13,23:22,23:31,23:40,23:49,23:58,00:07,00:16,00:25,00:34,00:43,00:52
128,동부지청어귀교차로,07:56,08:05,08:14,08:23,08:32,08:41,08:50,08:59,09:08,09:17,09:26,09:35,09:44,09:53,10:02,10:11,10:20,10:29,10:38,10:47,10:56,11:05,11:14,11:23,11:32,11:41,11:50,11:59,12:08,12:17,12:26,12:35,12:44,12:53,13:02,13:11,13:20,13:29,13:38,13:47,13:56,14:05,14:14,14:23,14:32,14:41,14:50,14:59,15:08,15:17,15:26,15:35,15:44,15:53,16:02,16:11,16:20,16:29,16:38,16:47,16:56,17:05,17:14,17:23,17:32,17:41,17:50,17:59,18:08,18:17,18:26,18:35,18:44,18:53,19:02,19:11,19:20,19:29,19:38,19:47,19:56,20:05,20:14,20:23,20:32,20:41,20:50,20:59,21:08,21:17,21:26,21:35,21:44,21:53,22:02,22:11,22:20,22:29,22:38,22:47,22:56,23:05,23:14,23:23,23:32,23:41,23:50,23:59,00:08,00:17,00:26,00:35,00:44,00:53
129,동해선센텀역,07:57,08:06,08:15,08:24,08:33,08:42,08:51,09:00,09:09,09:18,09:27,09:36,09:45,09:54,10:03,10:12,10:21,10:30,10:39,10:48,10:57,11:06,11:15,11:24,11:33,11:42,11:51,12:00,12:09,12:18,12:27,12:36,12:45,12:54,13:03,13:12,13:21,13:30,13:39,13:48,13:57,14:06,14:15,14:24,14:33,14:42,14:51,15:00,15:09,15:18,15:27,15:36,15:45,15:54,16:03,16:12,16:21,16:30,16:39,16:48,16:57,17:06,17:15,17:24,17:33,17:42,17:51,18:00,18:09,18:18,18:27,18:36,18:45,18:54,19:03,19:12,19:21,19:30,19:39,19:48,19:57,20:06,20:15,20:24,20:33,20:42,20:51,21:00,21:09,21:18,21:27,21:36,21:45,21:54,22:03,22:12,22:21,22:30,22:39,22:48,22:57,23:06,23:15,23:24,23:33,23:42,23:51,00:00,00:09,00:18,00:27,00:36,00:45,00:54
130,센텀고등학교,07:58,08:07,08:16,08:25,08:34,08:43,08:52,09:01,09:10,09:19,09:28,09:37,09:46,09:55,10:04,10:13,10:22,10:31,10:40,10:49,10:58,11:07,11:16,11:25,11:34,11:43,11:52,12:01,12:10,12:19,12:28,12:37,12:46,12:55,13:04,13:13,13:22,13:31,13:40,13:49,13:58,14:07,14:16,14:25,14:34,14:43,14:52,15:01,15:10,15:19,15:28,15:37,15:46,15:55,16:04,16:13,16:22,16:31,16:40,16:49,16:58,17:07,17:16,17:25,17:34,17:43,17:52,18:01,18:10,18:19,18:28,18:37,18:46,18:55,19:04,19:13,19:22,19:31,19:40,19:49,19:58,20:07,20:16,20:25,20:34,20:43,20:52,21:01,21:10,21:19,21:28,21:37,21:46,21:55,22:04,22:13,22:22,22:31,22:40,22:49,22:58,23:07,23:16,23:25,23:34,23:43,23:52,00:01,00:10,00:19,00:28,00:37,00:46,00:55
131,센텀센시빌,07:59,08:08,08:17,08:26,08:35,08:44,08:53,09:02,09:11,09:20,09:29,09:38,09:47,09:56,10:05,10:14,10:23,10:32,10:41,10:50,10:59,11:08,11:17,11:26,11:35,11:44,11:53,12:02,12:11,12:20,12:29,12:38,12:47,12:56,13:05,13:14,13:23,13:32,13:41,13:50,13:59,14:08,14:17,14:26,14:35,14:44,14:53,15:02,15:11,15:20,15:29,15:38,15:47,15:56,16:05,16:14,16:23,16:32,16:41,16:50,16:59,17:08,17:17,17:26,17:35,17:44,17:53,18:02,18:11,18:20,18:29,18:38,18:47,18:56,19:05,19:14,19:23,19:32,19:41,19:50,19:59,20:08,20:17,20:26,20:35,20:44,20:53,21:02,21:11,21:20,21:29,21:38,21:47,21:56,22:05,22:14,22:23,22:32,22:41,22:50,22:59,23:08,23:17,23:26,23:35,23:44,23:53,00:02,00:11,00:20,00:29,00:38,00:47,00:56
132,동해선벡스코역,08:01,08:10,08:19,08:28,08:37,08:46,08:55,09:04,09:13,09:22,09:31,09:40,09:49,09:58,10:07,10:16,10:25,10:34,10:43,10:52,11:01,11:10,11:19,11:28,11:37,11:46,11:55,12:04,12:13,12:22,12:31,12:40,12:49,12:58,13:07,13:16,13:25,13:34,13:43,13:52,14:01,14:10,14:19,14:28,14:37,14:46,14:55,15:04,15:13,15:22,15:31,15:40,15:49,15:58,16:07,16:16,16:25,16:34,16:43,16:52,17:01,17:10,17:19,17:28,17:37,17:46,17:55,18:04,18:13,18:22,18:31,18:40,18:49,18:58,19:07,19:16,19:25,19:34,19:43,19:52,20:01,20:10,20:19,20:28,20:37,20:46,20:55,21:04,21:13,21:22,21:31,21:40,21:49,21:58,22:07,22:16,22:25,22:34,22:43,22:52,23:01,23:10,23:19,23:28,23:37,23:46,23:55,00:04,00:13,00:22,00:31,00:40,00:49,00:58
133,올림픽교차로환승센터,08:05,08:14,08:23,08:32,08:41,08:50,08:59,09:08,09:17,09:26,09:35,09:44,09:53,10:02,10:11,10:20,10:29,10:38,10:47,10:56,11:05,11:14,11:23,11:32,11:41,11:50,11:59,12:08,12:17,12:26,12:35,12:44,12:53,13:02,13:11,13:20,13:29,13:38,13:47,13:56,14:05,14:14,14:23,14:32,14:41,14:50,14:59,15:08,15:17,15:26,15:35,15:44,15:53,16:02,16:11,16:20,16:29,16:38,16:47,16:56,17:05,17:14,17:23,17:32,17:41,17:50,17:59,18:08,18:17,18:26,18:35,18:44,18:53,19:02,19:11,19:20,19:29,19:38,19:47,19:56,20:05,20:14,20:23,20:32,20:41,20:50,20:59,21:08,21:17,21:26,21:35,21:44,21:53,22:02,22:11,22:20,22:29,22:38,22:47,22:56,23:05,23:14,23:23,23:32,23:41,23:50,23:59,00:08,00:17,00:26,00:35,00:44,00:53,01:02
134,올림픽교차로,08:06,08:15,08:24,08:33,08:42,08:51,09:00,09:09,09:18,09:27,09:36,09:45,09:54,10:03,10:12,10:21,10:30,10:39,10:48,10:57,11:06,11:15,11:24,11:33,11:42,11:51,12:00,12:09,12:18,12:27,12:36,12:45,12:54,13:03,13:12,13:21,13:30,13:39,13:48,13:57,14:06,14:15,14:24,14:33,14:42,14:51,15:00,15:09,15:18,15:27,15:36,15:45,15:54,16:03,16:12,16:21,16:30,16:39,16:48,16:57,17:06,17:15,17:24,17:33,17:42,17:51,18:00,18:09,18:18,18:27,18:36,18:45,18:54,19:03,19:12,19:21,19:30,19:39,19:48,19:57,20:06,20:15,20:24,20:33,20:42,20:51,21:00,21:09,21:18,21:27,21:36,21:45,21:54,22:03,22:12,22:21,22:30,22:39,22:48,22:57,23:06,23:15,23:24,23:33,23:42,23:51,00:00,00:09,00:18,00:27,00:36,00:45,00:54,01:03
135,부산문화여고,08:07,08:16,08:25,08:34,08:43,08:52,09:01,09:10,09:19,09:28,09:37,09:46,09:55,10:04,10:13,10:22,10:31,10:40,10:49,10:58,11:07,11:16,11:25,11:34,11:43,11:52,12:01,12:10,12:19,12:28,12:37,12:46,12:55,13:04,13:13,13:22,13:31,13:40,13:49,13:58,14:07,14:16,14:25,14:34,14:43,14:52,15:01,15:10,15:19,15:28,15:37,15:46,15:55,16:04,16:13,16:22,16:31,16:40,16:49,16:58,17:07,17:16,17:25,17:34,17:43,17:52,18:01,18:10,18:19,18:28,18:37,18:46,18:55,19:04,19:13,19:22,19:31,19:40,19:49,19:58,20:07,20:16,20:25,20:34,20:43,20:52,21:01,21:10,21:19,21:28,21:37,21:46,21:55,22:04,22:13,22:22,22:31,22:40,22:49,22:58,23:07,23:16,23:25,23:34,23:43,23:52,00:01,00:10,00:19,00:28,00:37,00:46,00:55,01:04
136,동백역,08:08,08:17,08:26,08:35,08:44,08:53,09:02,09:11,09:20,09:29,09:38,09:47,09:56,10:05,10:14,10:23,10:32,10:41,10:50,10:59,11:08,11:17,11:26,11:35,11:44,11:53,12:02,12:11,12:20,12:29,12:38,12:47,12:56,13:05,13:14,13:23,13:32,13:41,13:50,13:59,14:08,14:17,14:26,14:35,14:44,14:53,15:02,15:11,15:20,15:29,15:38,15:47,15:56,16:05,16:14,16:23,16:32,16:41,16:50,16:59,17:08,17:17,17:26,17:35,17:44,17:53,18:02,18:11,18:20,18:29,18:38,18:47,18:56,19:05,19:14,19:23,19:32,19:41,19:50,19:59,20:08,20:17,20:26,20:35,20:44,20:53,21:02,21:11,21:20,21:29,21:38,21:47,21:56,22:05,22:14,22:23,22:32,22:41,22:50,22:59,23:08,23:17,23:26,23:35,23:44,23:53,00:02,00:11,00:20,00:29,00:38,00:47,00:56,01:05
137,운촌,08:10,08:19,08:28,08:37,08:46,08:55,09:04,09:13,09:22,09:31,09:40,09:49,09:58,10:07,10:16,10:25,10:34,10:43,10:52,11:01,11:10,11:19,11:28,11:37,11:46,11:55,12:04,12:13,12:22,12:31,12:40,12:49,12:58,13:07,13:16,13:25,13:34,13:43,13:52,14:01,14:10,14:19,14:28,14:37,14:46,14:55,15:04,15:13,15:22,15:31,15:40,15:49,15:58,16:07,16:16,16:25,16:34,16:43,16:52,17:01,17:10,17:19,17:28,17:37,17:46,17:55,18:04,18:13,18:22,18:31,18:40,18:49,18:58,19:07,19:16,19:25,19:34,19:43,19:52,20:01,20:10,20:19,20:28,20:37,20:46,20:55,21:04,21:13,21:22,21:31,21:40,21:49,21:58,22:07,22:16,22:25,22:34,22:43,22:52,23:01,23:10,23:19,23:28,23:37,23:46,23:55,00:04,00:13,00:22,00:31,00:40,00:49,00:58,01:07
138,해운대도시철도역,08:12,08:21,08:30,08:39,08:48,08:57,09:06,09:15,09:24,09:33,09:42,09:51,10:00,10:09,10:18,10:27,10:36,10:45,10:54,11:03,11:12,11:21,11:30,11:39,11:48,11:57,12:06,12:15,12:24,12:33,12:42,12:51,13:00,13:09,13:18,13:27,13:36,13:45,13:54,14:03,14:12,14:21,14:30,14:39,14:48,14:57,15:06,15:15,15:24,15:33,15:42,15:51,16:00,16:09,16:18,16:27,16:36,16:45,16:54,17:03,17:12,17:21,17:30,17:39,17:48,17:57,18:06,18:15,18:24,18:33,18:42,18:51,19:00,19:09,19:18,19:27,19:36,19:45,19:54,20:03,20:12,20:21,20:30,20:39,20:48,20:57,21:06,21:15,21:24,21:33,21:42,21:51,22:00,22:09,22:18,22:27,22:36,22:45,22:54,23:03,23:12,23:21,23:30,23:39,23:48,23:57,00:06,00:15,00:24,00:33,00:42,00:51,01:00,01:09
139,해운대시장,08:14,08:23,08:32,08:41,08:50,08:59,09:08,09:17,09:26,09:35,09:44,09:53,10:02,10:11,10:20,10:29,10:38,10:47,10:56,11:05,11:14,11:23,11:32,11:41,11:50,11:59,12:08,12:17,12:26,12:35,12:44,12:53,13:02,13:11,13:20,13:29,13:38,13:47,13:56,14:05,14:14,14:23,14:32,14:41,14:50,14:59,15:08,15:17,15:26,15:35,15:44,15:53,16:02,16:11,16:20,16:29,16:38,16:47,16:56,17:05,17:14,17:23,17:32,17:41,17:50,17:59,18:08,18:17,18:26,18:35,18:44,18:53,19:02,19:11,19:20,19:29,19:38,19:47,19:56,20:05,20:14,20:23,20:32,20:41,20:50,20:59,21:08,21:17,21:26,21:35,21:44,21:53,22:02,22:11,22:20,22:29,22:38,22:47,22:56,23:05,23:14,23:23,23:32,23:41,23:50,23:59,00:08,00:17,00:26,00:35,00:44,00:53,01:02,01:11
140,해운대온천사거리,08:15,08:24,08:33,08:42,08:51,09:00,09:09,09:18,09:27,09:36,09:45,09:54,10:03,10:12,10:21,10:30,10:39,10:48,10:57,11:06,11:15,11:24,11:33,11:42,11:51,12:00,12:09,12:18,12:27,12:36,12:45,12:54,13:03,13:12,13:21,13:30,13:39,13:48,13:57,14:06,14:15,14:24,14:33,14:42,14:51,15:00,15:09,15:18,15:27,15:36,15:45,15:54,16:03,16:12,16:21,16:30,16:39,16:48,16:57,17:06,17:15,17:24,17:33,17:42,17:51,18:00,18:09,18:18,18:27,18:36,18:45,18:54,19:03,19:12,19:21,19:30,19:39,19:48,19:57,20:06,20:15,20:24,20:33,20:42,20:51,21:00,21:09,21:18,21:27,21:36,21:45,21:54,22:03,22:12,22:21,22:30,22:39,22:48,22:57,23:06,23:15,23:24,23:33,23:42,23:51,00:00,00:09,00:18,00:27,00:36,00:45,00:54,01:03,01:12
141,중동역,08:18,08:27,08:36,08:45,08:54,09:03,09:12,09:21,09:30,09:39,09:48,09:57,10:06,10:15,10:24,10:33,10:42,10:51,11:00,11:09,11:18,11:27,11:36,11:45,11:54,12:03,12:12,12:21,12:30,12:39,12:48,12:57,13:06,13:15,13:24,13:33,13:42,13:51,14:00,14:09,14:18,14:27,14:36,14:45,14:54,15:03,15:12,15:21,15:30,15:39,15:48,15:57,16:06,16:15,16:24,16:33,16:42,16:51,17:00,17:09,17:18,17:27,17:36,17:45,17:54,18:03,18:12,18:21,18:30,18:39,18:48,18:57,19:06,19:15,19:24,19:33,19:42,19:51,20:00,20:09,20:18,20:27,20:36,20:45,20:54,21:03,21:12,21:21,21:30,21:39,21:48,21:57,22:06,22:15,22:24,22:33,22:42,22:51,23:00,23:09,23:18,23:27,23:36,23:45,23:54,00:03,00:12,00:21,00:30,00:39,00:48,00:57,01:06,01:15
142,해운대보훈회관,08:20,08:29,08:38,08:47,08:56,09:05,09:14,09:23,09:32,09:41,09:50,09:59,10:08,10:17,10:26,10:35,10:44,10:53,11:02,11:11,11:20,11:29,11:38,11:47,11:56,12:05,12:14,12:23,12:32,12:41,12:50,12:59,13:08,13:17,13:26,13:35,13:44,13:53,14:02,14:11,14:20,14:29,14:38,14:47,14:56,15:05,15:14,15:23,15:32,15:41,15:50,15:59,16:08,16:17,16:26,16:35,16:44,16:53,17:02,17:11,17:20,17:29,17:38,17:47,17:56,18:05,18:14,18:23,18:32,18:41,18:50,18:59,19:08,19:17,19:26,19:35,19:44,19:53,20:02,20:11,20:20,20:29,20:38,20:47,20:56,21:05,21:14,21:23,21:32,21:41,21:50,21:59,22:08,22:17,22:26,22:35,22:44,22:53,23:02,23:11,23:20,23:29,23:38,23:47,23:56,00:05,00:14,00:23,00:32,00:41,00:50,00:59,01:08,01:17
143,신도중.신도고등학교,08:21,08:30,08:39,08:48,08:57,09:06,09:15,09:24,09:33,09:42,09:51,10:00,10:09,10:18,10:27,10:36,10:45,10:54,11:03,11:12,11:21,11:30,11:39,11:48,11:57,12:06,12:15,12:24,12:33,12:42,12:51,13:00,13:09,13:18,13:27,13:36,13:45,13:54,14:03,14:12,14:21,14:30,14:39,14:48,14:57,15:06,15:15,15:24,15:33,15:42,15:51,16:00,16:09,16:18,16:27,16:36,16:45,16:54,17:03,17:12,17:21,17:30,17:39,17:48,17:57,18:06,18:15,18:24,18:33,18:42,18:51,19:00,19:09,19:18,19:27,19:36,19:45,19:54,20:03,20:12,20:21,20:30,20:39,20:48,20:57,21:06,21:15,21:24,21:33,21:42,21:51,22:00,22:09,22:18,22:27,22:36,22:45,22:54,23:03,23:12,23:21,23:30,23:39,23:48,23:57,00:06,00:15,00:24,00:33,00:42,00:51,01:00,01:09,01:18
144,좌3동행정복지센터,08:23,08:32,08:41,08:50,08:59,09:08,09:17,09:26,09:35,09:44,09:53,10:02,10:11,10:20,10:29,10:38,10:47,10:56,11:05,11:14,11:23,11:32,11:41,11:50,11:59,12:08,12:17,12:26,12:35,12:44,12:53,13:02,13:11,13:20,13:29,13:38,13:47,13:56,14:05,14:14,14:23,14:32,14:41,14:50,14:59,15:08,15:17,15:26,15:35,15:44,15:53,16:02,16:11,16:20,16:29,16:38,16:47,16:56,17:05,17:14,17:23,17:32,17:41,17:50,17:59,18:08,18:17,18:26,18:35,18:44,18:53,19:02,19:11,19:20,19:29,19:38,19:47,19:56,20:05,20:14,20:23,20:32,20:41,20:50,20:59,21:08,21:17,21:26,21:35,21:44,21:53,22:02,22:11,22:20,22:29,22:38,22:47,22:56,23:05,23:14,23:23,23:32,23:41,23:50,23:59,00:08,00:17,00:26,00:35,00:44,00:53,01:02,01:11,01:20
145,대림3차아파트,08:25,08:34,08:43,08:52,09:01,09:10,09:19,09:28,09:37,09:46,09:55,10:04,10:13,10:22,10:31,10:40,10:49,10:58,11:07,11:16,11:25,11:34,11:43,11:52,12:01,12:10,12:19,12:28,12:37,12:46,12:55,13:04,13:13,13:22,13:31,13:40,13:49,13:58,14:07,14:16,14:25,14:34,14:43,14:52,15:01,15:10,15:19,15:28,15:37,15:46,15:55,16:04,16:13,16:22,16:31,16:40,16:49,16:58,17:07,17:16,17:25,17:34,17:43,17:52,18:01,18:10,18:19,18:28,18:37,18:46,18:55,19:04,19:13,19:22,19:31,19:40,19:49,19:58,20:07,20:16,20:25,20:34,20:43,20:52,21:01,21:10,21:19,21:28,21:37,21:46,21:55,22:04,22:13,22:22,22:31,22:40,22:49,22:58,23:07,23:16,23:25,23:34,23:43,23:52,00:01,00:10,00:19,00:28,00:37,00:46,00:55,01:04,01:13,01:22
146,대림1차아파트,08:27,08:36,08:45,08:54,09:03,09:12,09:21,09:30,09:39,09:48,09:57,10:06,10:15,10:24,10:33,10:42,10:51,11:00,11:09,11:18,11:27,11:36,11:45,11:54,12:03,12:12,12:21,12:30,12:39,12:48,12:57,13:06,13:15,13:24,13:33,13:42,13:51,14:00,14:09,14:18,14:27,14:36,14:45,14:54,15:03,15:12,15:21,15:30,15:39,15:48,15:57,16:06,16:15,16:24,16:33,16:42,16:51,17:00,17:09,17:18,17:27,17:36,17:45,17:54,18:03,18:12,18:21,18:30,18:39,18:48,18:57,19:06,19:15,19:24,19:33,19:42,19:51,20:00,20:09,20:18,20:27,20:36,20:45,20:54,21:03,21:12,21:21,21:30,21:39,21:48,21:57,22:06,22:15,22:24,22:33,22:42,22:51,23:00,23:09,23:18,23:27,23:36,23:45,23:54,00:03,00:12,00:21,00:30,00:39,00:48,00:57,01:06,01:15,01:24
147,대동아파트,08:29,08:38,08:47,08:56,09:05,09:14,09:23,09:32,09:41,09:50,09:59,10:08,10:17,10:26,10:35,10:44,10:53,11:02,11:11,11:20,11:29,11:38,11:47,11:56,12:05,12:14,12:23,12:32,12:41,12:50,12:59,13:08,13:17,13:26,13:35,13:44,13:53,14:02,14:11,14:20,14:29,14:38,14:47,14:56,15:05,15:14,15:23,15:32,15:41,15:50,15:59,16:08,16:17,16:26,16:35,16:44,16:53,17:02,17:11,17:20,17:29,17:38,17:47,17:56,18:05,18:14,18:23,18:32,18:41,18:50,18:59,19:08,19:17,19:26,19:35,19:44,19:53,20:02,20:11,20:20,20:29,20:38,20:47,20:56,21:05,21:14,21:23,21:32,21:41,21:50,21:59,22:08,22:17,22:26,22:35,22:44,22:53,23:02,23:11,23:20,23:29,23:38,23:47,23:56,00:05,00:14,00:23,00:32,00:41,00:50,00:59,01:08,01:17,01:26
148,동부아파트,08:31,08:40,08:49,08:58,09:07,09:16,09:25,09:34,09:43,09:52,10:01,10:10,10:19,10:28,10:37,10:46,10:55,11:04,11:13,11:22,11:31,11:40,11:49,11:58,12:07,12:16,12:25,12:34,12:43,12:52,13:01,13:10,13:19,13:28,13:37,13:46,13:55,14:04,14:13,14:22,14:31,14:40,14:49,14:58,15:07,15:16,15:25,15:34,15:43,15:52,16:01,16:10,16:19,16:28,16:37,16:46,16:55,17:04,17:13,17:22,17:31,17:40,17:49,17:58,18:07,18:16,18:25,18:34,18:43,18:52,19:01,19:10,19:19,19:28,19:37,19:46,19:55,20:04,20:13,20:22,20:31,20:40,20:49,20:58,21:07,21:16,21:25,21:34,21:43,21:52,22:01,22:10,22:19,22:28,22:37,22:46,22:55,23:04,23:13,23:22,23:31,23:40,23:49,23:58,00:07,00:16,00:25,00:34,00:43,00:52,01:01,01:10,01:19,01:28
149,동신아파트,08:32,08:41,08:50,08:59,09:08,09:17,09:26,09:35,09:44,09:53,10:02,10:11,10:20,10:29,10:38,10:47,10:56,11:05,11:14,11:23,11:32,11:41,11:50,11:59,12:08,12:17,12:26,12:35,12:44,12:53,13:02,13:11,13:20,13:29,13:38,13:47,13:56,14:05,14:14,14:23,14:32,14:41,14:50,14:59,15:08,15:17,15:26,15:35,15:44,15:53,16:02,16:11,16:20,16:29,16:38,16:47,16:56,17:05,17:14,17:23,17:32,17:41,17:50,17:59,18:08,18:17,18:26,18:35,18:44,18:53,19:02,19:11,19:20,19:29,19:38,19:47,19:56,20:05,20:14,20:23,20:32,20:41,20:50,20:59,21:08,21:17,21:26,21:35,21:44,21:53,22:02,22:11,22:20,22:29,22:38,22:47,22:56,23:05,23:14,23:23,23:32,23:41,23:50,23:59,00:08,00:17,00:26,00:35,00:44,00:53,01:02,01:11,01:20,01:29
150,신도시시장.아세안문화원,08:34,08:43,08:52,09:01,09:10,09:19,09:28,09:37,09:46,09:55,10:04,10:13,10:22,10:31,10:40,10:49,10:58,11:07,11:16,11:25,11:34,11:43,11:52,12:01,12:10,12:19,12:28,12:37,12:46,12:55,13:04,13:13,13:22,13:31,13:40,13:49,13:58,14:07,14:16,14:25,14:34,14:43,14:52,15:01,15:10,15:19,15:28,15:37,15:46,15:55,16:04,16:13,16:22,16:31,16:40,16:49,16:58,17:07,17:16,17:25,17:34,17:43,17:52,18:01,18:10,18:19,18:28,18:37,18:46,18:55,19:04,19:13,19:22,19:31,19:40,19:49,19:58,20:07,20:16,20:25,20:34,20:43,20:52,21:01,21:10,21:19,21:28,21:37,21:46,21:55,22:04,22:13,22:22,22:31,22:40,22:49,22:58,23:07,23:16,23:25,23:34,23:43,23:52,00:01,00:10,00:19,00:28,00:37,00:46,00:55,01:04,01:13,01:22,01:31
151,송정1단지주공,08:38,08:47,08:56,09:05,09:14,09:23,09:32,09:41,09:50,09:59,10:08,10:17,10:26,10:35,10:44,10:53,11:02,11:11,11:20,11:29,11:38,11:47,11:56,12:05,12:14,12:23,12:32,12:41,12:50,12:59,13:08,13:17,13:26,13:35,13:44,13:53,14:02,14:11,14:20,14:29,14:38,14:47,14:56,15:05,15:14,15:23,15:32,15:41,15:50,15:59,16:08,16:17,16:26,16:35,16:44,16:53,17:02,17:11,17:20,17:29,17:38,17:47,17:56,18:05,18:14,18:23,18:32,18:41,18:50,18:59,19:08,19:17,19:26,19:35,19:44,19:53,20:02,20:11,20:20,20:29,20:38,20:47,20:56,21:05,21:14,21:23,21:32,21:41,21:50,21:59,22:08,22:17,22:26,22:35,22:44,22:53,23:02,23:11,23:20,23:29,23:38,23:47,23:56,00:05,00:14,00:23,00:32,00:41,00:50,00:59,01:08,01:17,01:26,01:35
152,송정종점,08:40,08:49,08:58,09:07,09:16,09:25,09:34,09:43,09:52,10:01,10:10,10:19,10:28,10:37,10:46,10:55,11:04,11:13,11:22,11:31,11:40,11:49,11:58,12:07,12:16,12:25,12:34,12:43,12:52,13:01,13:10,13:19,13:28,13:37,13:46,13:55,14:04,14:13,14:22,14:31,14:40,14:49,14:58,15:07,15:16,15:25,15:34,15:43,15:52,16:01,16:10,16:19,16:28,16:37,16:46,16:55,17:04,17:13,17:22,17:31,17:40,17:49,17:58,18:07,18:16,18:25,18:34,18:43,18:52,19:01,19:10,19:19,19:28,19:37,19:46,19:55,20:04,20:13,20:22,20:31,20:40,20:49,20:58,21:07,21:16,21:25,21:34,21:43,21:52,22:01,22:10,22:19,22:28,22:37,22:46,22:55,23:04,23:13,23:22,23:31,23:40,23:49,23:58,00:07,00:16,00:25,00:34,00:43,00:52,01:01,01:10,01:19,01:28,01:37
