번호,정류소명,첫차
1,금정공영차고지,04:50,04:58,05:06,05:14,05:22,05:30,05:38,05:46,05:54,06:02,06:10,06:18,06:26,06:34,06:42,06:50,06:58,07:04,07:10,07:16,07:22,07:28,07:34,07:40,07:46,07:52,07:58,08:04,08:10,08:16,08:22,08:28,08:34,08:40,08:46,08:52,08:58,09:06,09:14,09:22,09:30,09:38,09:46,09:54,10:02,10:10,10:18,10:26,10:34,10:42,10:50,10:58,11:06,11:14,11:22,11:30,11:38,11:46,11:54,12:02,12:10,12:18,12:26,12:34,12:42,12:50,12:58,13:06,13:14,13:22,13:30,13:38,13:46,13:54,14:02,14:10,14:18,14:26,14:34,14:42,14:50,14:58,15:06,15:14,15:22,15:30,15:38,15:46,15:54,16:02,16:10,16:18,16:26,16:34,16:42,16:50,16:58,17:06,17:14,17:22,17:30,17:38,17:46,17:54,18:02,18:08,18:14,18:20,18:26,18:32,18:38,18:44,18:50,18:56,19:02,19:08,19:14,19:20,19:26,19:32,19:38,19:44,19:50,19:56,20:04,20:12,20:20,20:28,20:36,20:44,20:52,21:00,21:08,21:16,21:24,21:32,21:40,21:48,21:56,22:04
2,부산종합터미널.노포역,04:53,05:01,05:09,05:17,05:25,05:33,05:41,05:49,05:57,06:05,06:13,06:21,06:29,06:37,06:45,06:53,07:01,07:07,07:13,07:19,07:25,07:31,07:37,07:43,07:49,07:55,08:01,08:07,08:13,08:19,08:25,08:31,08:37,08:43,08:49,08:55,09:01,09:09,09:17,09:25,09:33,09:41,09:49,09:57,10:05,10:13,10:21,10:29,10:37,10:45,10:53,11:01,11:09,11:17,11:25,11:33,11:41,11:49,11:57,12:05,12:13,12:21,12:29,12:37,12:45,12:53,13:01,13:09,13:17,13:25,13:33,13:41,13:49,13:57,14:05,14:13,14:21,14:29,14:37,14:45,14:53,15:01,15:09,15:17,15:25,15:33,15:41,15:49,15:57,16:05,16:13,16:21,16:29,16:37,16:45,16:53,17:01,17:09,17:17,17:25,17:33,17:41,17:49,17:57,18:05,18:11,18:17,18:23,18:29,18:35,18:41,18:47,18:53,18:59,19:05,19:11,19:17,19:23,19:29,19:35,19:41,19:47,19:53,19:59,20:07,20:15,20:23,20:31,20:39,20:47,20:55,21:03,21:11,21:19,21:27,21:35,21:43,21:51,21:59,22:07
3,노포삼거리,04:54,05:02,05:10,05:18,05:26,05:34,05:42,05:50,05:58,06:06,06:14,06:22,06:30,06:38,06:46,06:54,07:02,07:08,07:14,07:20,07:26,07:32,07:38,07:44,07:50,07:56,08:02,08:08,08:14,08:20,08:26,08:32,08:38,08:44,08:50,08:56,09:02,09:10,09:18,09:26,09:34,09:42,09:50,09:58,10:06,10:14,10:22,10:30,10:38,10:46,10:54,11:02,11:10,11:18,11:26,11:34,11:42,11:50,11:58,12:06,12:14,12:22,12:30,12:38,12:46,12:54,13:02,13:10,13:18,13:26,13:34,13:42,13:50,13:58,14:06,14:14,14:22,14:30,14:38,14:46,14:54,15:02,15:10,15:18,15:26,15:34,15:42,15:50,15:58,16:06,16:14,16:22,16:30,16:38,16:46,16:54,17:02,17:10,17:18,17:26,17:34,17:42,17:50,17:58,18:06,18:12,18:18,18:24,18:30,18:36,18:42,18:48,18:54,19:00,19:06,19:12,19:18,19:24,19:30,19:36,19:42,19:48,19:54,20:00,20:08,20:16,20:24,20:32,20:40,20:48,20:56,21:04,21:12,21:20,21:28,21:36,21:44,21:52,22:00,22:08
4,범어사입구,04:57,05:05,05:13,05:21,05:29,05:37,05:45,05:53,06:01,06:09,06:17,06:25,06:33,06:41,06:49,06:57,07:05,07:11,07:17,07:23,07:29,07:35,07:41,07:47,07:53,07:59,08:05,08:11,08:17,08:23,08:29,08:35,08:41,08:47,08:53,08:59,09:05,09:13,09:21,09:29,09:37,09:45,09:53,10:01,10:09,10:17,10:25,10:33,10:41,10:49,10:57,11:05,11:13,11:21,11:29,11:37,11:45,11:53,12:01,12:09,12:17,12:25,12:33,12:41,12:49,12:57,13:05,13:13,13:21,13:29,13:37,13:45,13:53,14:01,14:09,14:17,14:25,14:33,14:41,14:49,14:57,15:05,15:13,15:21,15:29,15:37,15:45,15:53,16:01,16:09,16:17,16:25,16:33,16:41,16:49,16:57,17:05,17:13,17:21,17:29,17:37,17:45,17:53,18:01,18:09,18:15,18:21,18:27,18:33,18:39,18:45,18:51,18:57,19:03,19:09,19:15,19:21,19:27,19:33,19:39,19:45,19:51,19:57,20:03,20:11,20:19,20:27,20:35,20:43,20:51,20:59,21:07,21:15,21:23,21:31,21:39,21:47,21:55,22:03,22:11
5,어린이놀이터,04:57,05:05,05:13,05:21,05:29,05:37,05:45,05:53,06:01,06:09,06:17,06:25,06:33,06:41,06:49,06:57,07:05,07:11,07:17,07:23,07:29,07:35,07:41,07:47,07:53,07:59,08:05,08:11,08:17,08:23,08:29,08:35,08:41,08:47,08:53,08:59,09:05,09:13,09:21,09:29,09:37,09:45,09:53,10:01,10:09,10:17,10:25,10:33,10:41,10:49,10:57,11:05,11:13,11:21,11:29,11:37,11:45,11:53,12:01,12:09,12:17,12:25,12:33,12:41,12:49,12:57,13:05,13:13,13:21,13:29,13:37,13:45,13:53,14:01,14:09,14:17,14:25,14:33,14:41,14:49,14:57,15:05,15:13,15:21,15:29,15:37,15:45,15:53,16:01,16:09,16:17,16:25,16:33,16:41,16:49,16:57,17:05,17:13,17:21,17:29,17:37,17:45,17:53,18:01,18:09,18:15,18:21,18:27,18:33,18:39,18:45,18:51,18:57,19:03,19:09,19:15,19:21,19:27,19:33,19:39,19:45,19:51,19:57,20:03,20:11,20:19,20:27,20:35,20:43,20:51,20:59,21:07,21:15,21:23,21:31,21:39,21:47,21:55,22:03,22:11
6,한아름빌라,04:58,05:06,05:14,05:22,05:30,05:38,05:46,05:54,06:02,06:10,06:18,06:26,06:34,06:42,06:50,06:58,07:06,07:12,07:18,07:24,07:30,07:36,07:42,07:48,07:54,08:00,08:06,08:12,08:18,08:24,08:30,08:36,08:42,08:48,08:54,09:00,09:06,09:14,09:22,09:30,09:38,09:46,09:54,10:02,10:10,10:18,10:26,10:34,10:42,10:50,10:58,11:06,11:14,11:22,11:30,11:38,11:46,11:54,12:02,12:10,12:18,12:26,12:34,12:42,12:50,12:58,13:06,13:14,13:22,13:30,13:38,13:46,13:54,14:02,14:10,14:18,14:26,14:34,14:42,14:50,14:58,15:06,15:14,15:22,15:30,15:38,15:46,15:54,16:02,16:10,16:18,16:26,16:34,16:42,16:50,16:58,17:06,17:14,17:22,17:30,17:38,17:46,17:54,18:02,18:10,18:16,18:22,18:28,18:34,18:40,18:46,18:52,18:58,19:04,19:10,19:16,19:22,19:28,19:34,19:40,19:46,19:52,19:58,20:04,20:12,20:20,20:28,20:36,20:44,20:52,21:00,21:08,21:16,21:24,21:32,21:40,21:48,21:56,22:04,22:12
7,남산동.요산문학관,04:58,05:06,05:14,05:22,05:30,05:38,05:46,05:54,06:02,06:10,06:18,06:26,06:34,06:42,06:50,06:58,07:06,07:12,07:18,07:24,07:30,07:36,07:42,07:48,07:54,08:00,08:06,08:12,08:18,08:24,08:30,08:36,08:42,08:48,08:54,09:00,09:06,09:14,09:22,09:30,09:38,09:46,09:54,10:02,10:10,10:18,10:26,10:34,10:42,10:50,10:58,11:06,11:14,11:22,11:30,11:38,11:46,11:54,12:02,12:10,12:18,12:26,12:34,12:42,12:50,12:58,13:06,13:14,13:22,13:30,13:38,13:46,13:54,14:02,14:10,14:18,14:26,14:34,14:42,14:50,14:58,15:06,15:14,15:22,15:30,15:38,15:46,15:54,16:02,16:10,16:18,16:26,16:34,16:42,16:50,16:58,17:06,17:14,17:22,17:30,17:38,17:46,17:54,18:02,18:10,18:16,18:22,18:28,18:34,18:40,18:46,18:52,18:58,19:04,19:10,19:16,19:22,19:28,19:34,19:40,19:46,19:52,19:58,20:04,20:12,20:20,20:28,20:36,20:44,20:52,21:00,21:08,21:16,21:24,21:32,21:40,21:48,21:56,22:04,22:12
8,금샘초등학교,04:59,05:07,05:15,05:23,05:31,05:39,05:47,05:55,06:03,06:11,06:19,06:27,06:35,06:43,06:51,06:59,07:07,07:13,07:19,07:25,07:31,07:37,07:43,07:49,07:55,08:01,08:07,08:13,08:19,08:25,08:31,08:37,08:43,08:49,08:55,09:01,09:07,09:15,09:23,09:31,09:39,09:47,09:55,10:03,10:11,10:19,10:27,10:35,10:43,10:51,10:59,11:07,11:15,11:23,11:31,11:39,11:47,11:55,12:03,12:11,12:19,12:27,12:35,12:43,12:51,12:59,13:07,13:15,13:23,13:31,13:39,13:47,13:55,14:03,14:11,14:19,14:27,14:35,14:43,14:51,14:59,15:07,15:15,15:23,15:31,15:39,15:47,15:55,16:03,16:11,16:19,16:27,16:35,16:43,16:51,16:59,17:07,17:15,17:23,17:31,17:39,17:47,17:55,18:03,18:11,18:17,18:23,18:29,18:35,18:41,18:47,18:53,18:59,19:05,19:11,19:17,19:23,19:29,19:35,19:41,19:47,19:53,19:59,20:05,20:13,20:21,20:29,20:37,20:45,20:53,21:01,21:09,21:17,21:25,21:33,21:41,21:49,21:57,22:05,22:13
9,남산고교,05:00,05:08,05:16,05:24,05:32,05:40,05:48,05:56,06:04,06:12,06:20,06:28,06:36,06:44,06:52,07:00,07:08,07:14,07:20,07:26,07:32,07:38,07:44,07:50,07:56,08:02,08:08,08:14,08:20,08:26,08:32,08:38,08:44,08:50,08:56,09:02,09:08,09:16,09:24,09:32,09:40,09:48,09:56,10:04,10:12,10:20,10:28,10:36,10:44,10:52,11:00,11:08,11:16,11:24,11:32,11:40,11:48,11:56,12:04,12:12,12:20,12:28,12:36,12:44,12:52,13:00,13:08,13:16,13:24,13:32,13:40,13:48,13:56,14:04,14:12,14:20,14:28,14:36,14:44,14:52,15:00,15:08,15:16,15:24,15:32,15:40,15:48,15:56,16:04,16:12,16:20,16:28,16:36,16:44,16:52,17:00,17:08,17:16,17:24,17:32,17:40,17:48,17:56,18:04,18:12,18:18,18:24,18:30,18:36,18:42,18:48,18:54,19:00,19:06,19:12,19:18,19:24,19:30,19:36,19:42,19:48,19:54,20:00,20:06,20:14,20:22,20:30,20:38,20:46,20:54,21:02,21:10,21:18,21:26,21:34,21:42,21:50,21:58,22:06,22:14
10,부산외국어대학교,05:01,05:09,05:17,05:25,05:33,05:41,05:49,05:57,06:05,06:13,06:21,06:29,06:37,06:45,06:53,07:01,07:09,07:15,07:21,07:27,07:33,07:39,07:45,07:51,07:57,08:03,08:09,08:15,08:21,08:27,08:33,08:39,08:45,08:51,08:57,09:03,09:09,09:17,09:25,09:33,09:41,09:49,09:57,10:05,10:13,10:21,10:29,10:37,10:45,10:53,11:01,11:09,11:17,11:25,11:33,11:41,11:49,11:57,12:05,12:13,12:21,12:29,12:37,12:45,12:53,13:01,13:09,13:17,13:25,13:33,13:41,13:49,13:57,14:05,14:13,14:21,14:29,14:37,14:45,14:53,15:01,15:09,15:17,15:25,15:33,15:41,15:49,15:57,16:05,16:13,16:21,16:29,16:37,16:45,16:53,17:01,17:09,17:17,17:25,17:33,17:41,17:49,17:57,18:05,18:13,18:19,18:25,18:31,18:37,18:43,18:49,18:55,19:01,19:07,19:13,19:19,19:25,19:31,19:37,19:43,19:49,19:55,20:01,20:07,20:15,20:23,20:31,20:39,20:47,20:55,21:03,21:11,21:19,21:27,21:35,21:43,21:51,21:59,22:07,22:15
11,남산성당,05:01,05:09,05:17,05:25,05:33,05:41,05:49,05:57,06:05,06:13,06:21,06:29,06:37,06:45,06:53,07:01,07:09,07:15,07:21,07:27,07:33,07:39,07:45,07:51,07:57,08:03,08:09,08:15,08:21,08:27,08:33,08:39,08:45,08:51,08:57,09:03,09:09,09:17,09:25,09:33,09:41,09:49,09:57,10:05,10:13,10:21,10:29,10:37,10:45,10:53,11:01,11:09,11:17,11:25,11:33,11:41,11:49,11:57,12:05,12:13,12:21,12:29,12:37,12:45,12:53,13:01,13:09,13:17,13:25,13:33,13:41,13:49,13:57,14:05,14:13,14:21,14:29,14:37,14:45,14:53,15:01,15:09,15:17,15:25,15:33,15:41,15:49,15:57,16:05,16:13,16:21,16:29,16:37,16:45,16:53,17:01,17:09,17:17,17:25,17:33,17:41,17:49,17:57,18:05,18:13,18:19,18:25,18:31,18:37,18:43,18:49,18:55,19:01,19:07,19:13,19:19,19:25,19:31,19:37,19:43,19:49,19:55,20:01,20:07,20:15,20:23,20:31,20:39,20:47,20:55,21:03,21:11,21:19,21:27,21:35,21:43,21:51,21:59,22:07,22:15
12,남산119안전센터,05:02,05:10,05:18,05:26,05:34,05:42,05:50,05:58,06:06,06:14,06:22,06:30,06:38,06:46,06:54,07:02,07:10,07:16,07:22,07:28,07:34,07:40,07:46,07:52,07:58,08:04,08:10,08:16,08:22,08:28,08:34,08:40,08:46,08:52,08:58,09:04,09:10,09:18,09:26,09:34,09:42,09:50,09:58,10:06,10:14,10:22,10:30,10:38,10:46,10:54,11:02,11:10,11:18,11:26,11:34,11:42,11:50,11:58,12:06,12:14,12:22,12:30,12:38,12:46,12:54,13:02,13:10,13:18,13:26,13:34,13:42,13:50,13:58,14:06,14:14,14:22,14:30,14:38,14:46,14:54,15:02,15:10,15:18,15:26,15:34,15:42,15:50,15:58,16:06,16:14,16:22,16:30,16:38,16:46,16:54,17:02,17:10,17:18,17:26,17:34,17:42,17:50,17:58,18:06,18:14,18:20,18:26,18:32,18:38,18:44,18:50,18:56,19:02,19:08,19:14,19:20,19:26,19:32,19:38,19:44,19:50,19:56,20:02,20:08,20:16,20:24,20:32,20:40,20:48,20:56,21:04,21:12,21:20,21:28,21:36,21:44,21:52,22:00,22:08,22:16
13,샘골공원,05:03,05:11,05:19,05:27,05:35,05:43,05:51,05:59,06:07,06:15,06:23,06:31,06:39,06:47,06:55,07:03,07:11,07:17,07:23,07:29,07:35,07:41,07:47,07:53,07:59,08:05,08:11,08:17,08:23,08:29,08:35,08:41,08:47,08:53,08:59,09:05,09:11,09:19,09:27,09:35,09:43,09:51,09:59,10:07,10:15,10:23,10:31,10:39,10:47,10:55,11:03,11:11,11:19,11:27,11:35,11:43,11:51,11:59,12:07,12:15,12:23,12:31,12:39,12:47,12:55,13:03,13:11,13:19,13:27,13:35,13:43,13:51,13:59,14:07,14:15,14:23,14:31,14:39,14:47,14:55,15:03,15:11,15:19,15:27,15:35,15:43,15:51,15:59,16:07,16:15,16:23,16:31,16:39,16:47,16:55,17:03,17:11,17:19,17:27,17:35,17:43,17:51,17:59,18:07,18:15,18:21,18:27,18:33,18:39,18:45,18:51,18:57,19:03,19:09,19:15,19:21,19:27,19:33,19:39,19:45,19:51,19:57,20:03,20:09,20:17,20:25,20:33,20:41,20:49,20:57,21:05,21:13,21:21,21:29,21:37,21:45,21:53,22:01,22:09,22:17
14,선경3차아파트,05:03,05:11,05:19,05:27,05:35,05:43,05:51,05:59,06:07,06:15,06:23,06:31,06:39,06:47,06:55,07:03,07:11,07:17,07:23,07:29,07:35,07:41,07:47,07:53,07:59,08:05,08:11,08:17,08:23,08:29,08:35,08:41,08:47,08:53,08:59,09:05,09:11,09:19,09:27,09:35,09:43,09:51,09:59,10:07,10:15,10:23,10:31,10:39,10:47,10:55,11:03,11:11,11:19,11:27,11:35,11:43,11:51,11:59,12:07,12:15,12:23,12:31,12:39,12:47,12:55,13:03,13:11,13:19,13:27,13:35,13:43,13:51,13:59,14:07,14:15,14:23,14:31,14:39,14:47,14:55,15:03,15:11,15:19,15:27,15:35,15:43,15:51,15:59,16:07,16:15,16:23,16:31,16:39,16:47,16:55,17:03,17:11,17:19,17:27,17:35,17:43,17:51,17:59,18:07,18:15,18:21,18:27,18:33,18:39,18:45,18:51,18:57,19:03,19:09,19:15,19:21,19:27,19:33,19:39,19:45,19:51,19:57,20:03,20:09,20:17,20:25,20:33,20:41,20:49,20:57,21:05,21:13,21:21,21:29,21:37,21:45,21:53,22:01,22:09,22:17
15,신동아아파트,05:04,05:12,05:20,05:28,05:36,05:44,05:52,06:00,06:08,06:16,06:24,06:32,06:40,06:48,06:56,07:04,07:12,07:18,07:24,07:30,07:36,07:42,07:48,07:54,08:00,08:06,08:12,08:18,08:24,08:30,08:36,08:42,08:48,08:54,09:00,09:06,09:12,09:20,09:28,09:36,09:44,09:52,10:00,10:08,10:16,10:24,10:32,10:40,10:48,10:56,11:04,11:12,11:20,11:28,11:36,11:44,11:52,12:00,12:08,12:16,12:24,12:32,12:40,12:48,12:56,13:04,13:12,13:20,13:28,13:36,13:44,13:52,14:00,14:08,14:16,14:24,14:32,14:40,14:48,14:56,15:04,15:12,15:20,15:28,15:36,15:44,15:52,16:00,16:08,16:16,16:24,16:32,16:40,16:48,16:56,17:04,17:12,17:20,17:28,17:36,17:44,17:52,18:00,18:08,18:16,18:22,18:28,18:34,18:40,18:46,18:52,18:58,19:04,19:10,19:16,19:22,19:28,19:34,19:40,19:46,19:52,19:58,20:04,20:10,20:18,20:26,20:34,20:42,20:50,20:58,21:06,21:14,21:22,21:30,21:38,21:46,21:54,22:02,22:10,22:18
16,롯데캐슬정문,05:06,05:14,05:22,05:30,05:38,05:46,05:54,06:02,06:10,06:18,06:26,06:34,06:42,06:50,06:58,07:06,07:14,07:20,07:26,07:32,07:38,07:44,07:50,07:56,08:02,08:08,08:14,08:20,08:26,08:32,08:38,08:44,08:50,08:56,09:02,09:08,09:14,09:22,09:30,09:38,09:46,09:54,10:02,10:10,10:18,10:26,10:34,10:42,10:50,10:58,11:06,11:14,11:22,11:30,11:38,11:46,11:54,12:02,12:10,12:18,12:26,12:34,12:42,12:50,12:58,13:06,13:14,13:22,13:30,13:38,13:46,13:54,14:02,14:10,14:18,14:26,14:34,14:42,14:50,14:58,15:06,15:14,15:22,15:30,15:38,15:46,15:54,16:02,16:10,16:18,16:26,16:34,16:42,16:50,16:58,17:06,17:14,17:22,17:30,17:38,17:46,17:54,18:02,18:10,18:18,18:24,18:30,18:36,18:42,18:48,18:54,19:00,19:06,19:12,19:18,19:24,19:30,19:36,19:42,19:48,19:54,20:00,20:06,20:12,20:20,20:28,20:36,20:44,20:52,21:00,21:08,21:16,21:24,21:32,21:40,21:48,21:56,22:04,22:12,22:20
17,롯데캐슬입구,05:07,05:15,05:23,05:31,05:39,05:47,05:55,06:03,06:11,06:19,06:27,06:35,06:43,06:51,06:59,07:07,07:15,07:21,07:27,07:33,07:39,07:45,07:51,07:57,08:03,08:09,08:15,08:21,08:27,08:33,08:39,08:45,08:51,08:57,09:03,09:09,09:15,09:23,09:31,09:39,09:47,09:55,10:03,10:11,10:19,10:27,10:35,10:43,10:51,10:59,11:07,11:15,11:23,11:31,11:39,11:47,11:55,12:03,12:11,12:19,12:27,12:35,12:43,12:51,12:59,13:07,13:15,13:23,13:31,13:39,13:47,13:55,14:03,14:11,14:19,14:27,14:35,14:43,14:51,14:59,15:07,15:15,15:23,15:31,15:39,15:47,15:55,16:03,16:11,16:19,16:27,16:35,16:43,16:51,16:59,17:07,17:15,17:23,17:31,17:39,17:47,17:55,18:03,18:11,18:19,18:25,18:31,18:37,18:43,18:49,18:55,19:01,19:07,19:13,19:19,19:25,19:31,19:37,19:43,19:49,19:55,20:01,20:07,20:13,20:21,20:29,20:37,20:45,20:53,21:01,21:09,21:17,21:25,21:33,21:41,21:49,21:57,22:05,22:13,22:21
18,구서역.구서시장,05:08,05:16,05:24,05:32,05:40,05:48,05:56,06:04,06:12,06:20,06:28,06:36,06:44,06:52,07:00,07:08,07:16,07:22,07:28,07:34,07:40,07:46,07:52,07:58,08:04,08:10,08:16,08:22,08:28,08:34,08:40,08:46,08:52,08:58,09:04,09:10,09:16,09:24,09:32,09:40,09:48,09:56,10:04,10:12,10:20,10:28,10:36,10:44,10:52,11:00,11:08,11:16,11:24,11:32,11:40,11:48,11:56,12:04,12:12,12:20,12:28,12:36,12:44,12:52,13:00,13:08,13:16,13:24,13:32,13:40,13:48,13:56,14:04,14:12,14:20,14:28,14:36,14:44,14:52,15:00,15:08,15:16,15:24,15:32,15:40,15:48,15:56,16:04,16:12,16:20,16:28,16:36,16:44,16:52,17:00,17:08,17:16,17:24,17:32,17:40,17:48,17:56,18:04,18:12,18:20,18:26,18:32,18:38,18:44,18:50,18:56,19:02,19:08,19:14,19:20,19:26,19:32,19:38,19:44,19:50,19:56,20:02,20:08,20:14,20:22,20:30,20:38,20:46,20:54,21:02,21:10,21:18,21:26,21:34,21:42,21:50,21:58,22:06,22:14,22:22
19,구서1동행정복지센터,05:09,05:17,05:25,05:33,05:41,05:49,05:57,06:05,06:13,06:21,06:29,06:37,06:45,06:53,07:01,07:09,07:17,07:23,07:29,07:35,07:41,07:47,07:53,07:59,08:05,08:11,08:17,08:23,08:29,08:35,08:41,08:47,08:53,08:59,09:05,09:11,09:17,09:25,09:33,09:41,09:49,09:57,10:05,10:13,10:21,10:29,10:37,10:45,10:53,11:01,11:09,11:17,11:25,11:33,11:41,11:49,11:57,12:05,12:13,12:21,12:29,12:37,12:45,12:53,13:01,13:09,13:17,13:25,13:33,13:41,13:49,13:57,14:05,14:13,14:21,14:29,14:37,14:45,14:53,15:01,15:09,15:17,15:25,15:33,15:41,15:49,15:57,16:05,16:13,16:21,16:29,16:37,16:45,16:53,17:01,17:09,17:17,17:25,17:33,17:41,17:49,17:57,18:05,18:13,18:21,18:27,18:33,18:39,18:45,18:51,18:57,19:03,19:09,19:15,19:21,19:27,19:33,19:39,19:45,19:51,19:57,20:03,20:09,20:15,20:23,20:31,20:39,20:47,20:55,21:03,21:11,21:19,21:27,21:35,21:43,21:51,21:59,22:07,22:15,22:23
20,금정산쌍용예가.구서SK뷰,05:10,05:18,05:26,05:34,05:42,05:50,05:58,06:06,06:14,06:22,06:30,06:38,06:46,06:54,07:02,07:10,07:18,07:24,07:30,07:36,07:42,07:48,07:54,08:00,08:06,08:12,08:18,08:24,08:30,08:36,08:42,08:48,08:54,09:00,09:06,09:12,09:18,09:26,09:34,09:42,09:50,09:58,10:06,10:14,10:22,10:30,10:38,10:46,10:54,11:02,11:10,11:18,11:26,11:34,11:42,11:50,11:58,12:06,12:14,12:22,12:30,12:38,12:46,12:54,13:02,13:10,13:18,13:26,13:34,13:42,13:50,13:58,14:06,14:14,14:22,14:30,14:38,14:46,14:54,15:02,15:10,15:18,15:26,15:34,15:42,15:50,15:58,16:06,16:14,16:22,16:30,16:38,16:46,16:54,17:02,17:10,17:18,17:26,17:34,17:42,17:50,17:58,18:06,18:14,18:22,18:28,18:34,18:40,18:46,18:52,18:58,19:04,19:10,19:16,19:22,19:28,19:34,19:40,19:46,19:52,19:58,20:04,20:10,20:16,20:24,20:32,20:40,20:48,20:56,21:04,21:12,21:20,21:28,21:36,21:44,21:52,22:00,22:08,22:16,22:24
21,장전초등학교,05:11,05:19,05:27,05:35,05:43,05:51,05:59,06:07,06:15,06:23,06:31,06:39,06:47,06:55,07:03,07:11,07:19,07:25,07:31,07:37,07:43,07:49,07:55,08:01,08:07,08:13,08:19,08:25,08:31,08:37,08:43,08:49,08:55,09:01,09:07,09:13,09:19,09:27,09:35,09:43,09:51,09:59,10:07,10:15,10:23,10:31,10:39,10:47,10:55,11:03,11:11,11:19,11:27,11:35,11:43,11:51,11:59,12:07,12:15,12:23,12:31,12:39,12:47,12:55,13:03,13:11,13:19,13:27,13:35,13:43,13:51,13:59,14:07,14:15,14:23,14:31,14:39,14:47,14:55,15:03,15:11,15:19,15:27,15:35,15:43,15:51,15:59,16:07,16:15,16:23,16:31,16:39,16:47,16:55,17:03,17:11,17:19,17:27,17:35,17:43,17:51,17:59,18:07,18:15,18:23,18:29,18:35,18:41,18:47,18:53,18:59,19:05,19:11,19:17,19:23,19:29,19:35,19:41,19:47,19:53,19:59,20:05,20:11,20:17,20:25,20:33,20:41,20:49,20:57,21:05,21:13,21:21,21:29,21:37,21:45,21:53,22:01,22:09,22:17,22:25
22,장전동어린이놀이터,05:11,05:19,05:27,05:35,05:43,05:51,05:59,06:07,06:15,06:23,06:31,06:39,06:47,06:55,07:03,07:11,07:19,07:25,07:31,07:37,07:43,07:49,07:55,08:01,08:07,08:13,08:19,08:25,08:31,08:37,08:43,08:49,08:55,09:01,09:07,09:13,09:19,09:27,09:35,09:43,09:51,09:59,10:07,10:15,10:23,10:31,10:39,10:47,10:55,11:03,11:11,11:19,11:27,11:35,11:43,11:51,11:59,12:07,12:15,12:23,12:31,12:39,12:47,12:55,13:03,13:11,13:19,13:27,13:35,13:43,13:51,13:59,14:07,14:15,14:23,14:31,14:39,14:47,14:55,15:03,15:11,15:19,15:27,15:35,15:43,15:51,15:59,16:07,16:15,16:23,16:31,16:39,16:47,16:55,17:03,17:11,17:19,17:27,17:35,17:43,17:51,17:59,18:07,18:15,18:23,18:29,18:35,18:41,18:47,18:53,18:59,19:05,19:11,19:17,19:23,19:29,19:35,19:41,19:47,19:53,19:59,20:05,20:11,20:17,20:25,20:33,20:41,20:49,20:57,21:05,21:13,21:21,21:29,21:37,21:45,21:53,22:01,22:09,22:17,22:25
23,장전중앙교회,05:12,05:20,05:28,05:36,05:44,05:52,06:00,06:08,06:16,06:24,06:32,06:40,06:48,06:56,07:04,07:12,07:20,07:26,07:32,07:38,07:44,07:50,07:56,08:02,08:08,08:14,08:20,08:26,08:32,08:38,08:44,08:50,08:56,09:02,09:08,09:14,09:20,09:28,09:36,09:44,09:52,10:00,10:08,10:16,10:24,10:32,10:40,10:48,10:56,11:04,11:12,11:20,11:28,11:36,11:44,11:52,12:00,12:08,12:16,12:24,12:32,12:40,12:48,12:56,13:04,13:12,13:20,13:28,13:36,13:44,13:52,14:00,14:08,14:16,14:24,14:32,14:40,14:48,14:56,15:04,15:12,15:20,15:28,15:36,15:44,15:52,16:00,16:08,16:16,16:24,16:32,16:40,16:48,16:56,17:04,17:12,17:20,17:28,17:36,17:44,17:52,18:00,18:08,18:16,18:24,18:30,18:36,18:42,18:48,18:54,19:00,19:06,19:12,19:18,19:24,19:30,19:36,19:42,19:48,19:54,20:00,20:06,20:12,20:18,20:26,20:34,20:42,20:50,20:58,21:06,21:14,21:22,21:30,21:38,21:46,21:54,22:02,22:10,22:18,22:26
24,현대아파트,05:13,05:21,05:29,05:37,05:45,05:53,06:01,06:09,06:17,06:25,06:33,06:41,06:49,06:57,07:05,07:13,07:21,07:27,07:33,07:39,07:45,07:51,07:57,08:03,08:09,08:15,08:21,08:27,08:33,08:39,08:45,08:51,08:57,09:03,09:09,09:15,09:21,09:29,09:37,09:45,09:53,10:01,10:09,10:17,10:25,10:33,10:41,10:49,10:57,11:05,11:13,11:21,11:29,11:37,11:45,11:53,12:01,12:09,12:17,12:25,12:33,12:41,12:49,12:57,13:05,13:13,13:21,13:29,13:37,13:45,13:53,14:01,14:09,14:17,14:25,14:33,14:41,14:49,14:57,15:05,15:13,15:21,15:29,15:37,15:45,15:53,16:01,16:09,16:17,16:25,16:33,16:41,16:49,16:57,17:05,17:13,17:21,17:29,17:37,17:45,17:53,18:01,18:09,18:17,18:25,18:31,18:37,18:43,18:49,18:55,19:01,19:07,19:13,19:19,19:25,19:31,19:37,19:43,19:49,19:55,20:01,20:07,20:13,20:19,20:27,20:35,20:43,20:51,20:59,21:07,21:15,21:23,21:31,21:39,21:47,21:55,22:03,22:11,22:19,22:27
25,부산대학교정문,05:13,05:21,05:29,05:37,05:45,05:53,06:01,06:09,06:17,06:25,06:33,06:41,06:49,06:57,07:05,07:13,07:21,07:27,07:33,07:39,07:45,07:51,07:57,08:03,08:09,08:15,08:21,08:27,08:33,08:39,08:45,08:51,08:57,09:03,09:09,09:15,09:21,09:29,09:37,09:45,09:53,10:01,10:09,10:17,10:25,10:33,10:41,10:49,10:57,11:05,11:13,11:21,11:29,11:37,11:45,11:53,12:01,12:09,12:17,12:25,12:33,12:41,12:49,12:57,13:05,13:13,13:21,13:29,13:37,13:45,13:53,14:01,14:09,14:17,14:25,14:33,14:41,14:49,14:57,15:05,15:13,15:21,15:29,15:37,15:45,15:53,16:01,16:09,16:17,16:25,16:33,16:41,16:49,16:57,17:05,17:13,17:21,17:29,17:37,17:45,17:53,18:01,18:09,18:17,18:25,18:31,18:37,18:43,18:49,18:55,19:01,19:07,19:13,19:19,19:25,19:31,19:37,19:43,19:49,19:55,20:01,20:07,20:13,20:19,20:27,20:35,20:43,20:51,20:59,21:07,21:15,21:23,21:31,21:39,21:47,21:55,22:03,22:11,22:19,22:27
26,부산대학교후문,05:14,05:22,05:30,05:38,05:46,05:54,06:02,06:10,06:18,06:26,06:34,06:42,06:50,06:58,07:06,07:14,07:22,07:28,07:34,07:40,07:46,07:52,07:58,08:04,08:10,08:16,08:22,08:28,08:34,08:40,08:46,08:52,08:58,09:04,09:10,09:16,09:22,09:30,09:38,09:46,09:54,10:02,10:10,10:18,10:26,10:34,10:42,10:50,10:58,11:06,11:14,11:22,11:30,11:38,11:46,11:54,12:02,12:10,12:18,12:26,12:34,12:42,12:50,12:58,13:06,13:14,13:22,13:30,13:38,13:46,13:54,14:02,14:10,14:18,14:26,14:34,14:42,14:50,14:58,15:06,15:14,15:22,15:30,15:38,15:46,15:54,16:02,16:10,16:18,16:26,16:34,16:42,16:50,16:58,17:06,17:14,17:22,17:30,17:38,17:46,17:54,18:02,18:10,18:18,18:26,18:32,18:38,18:44,18:50,18:56,19:02,19:08,19:14,19:20,19:26,19:32,19:38,19:44,19:50,19:56,20:02,20:08,20:14,20:20,20:28,20:36,20:44,20:52,21:00,21:08,21:16,21:24,21:32,21:40,21:48,21:56,22:04,22:12,22:20,22:28
27,금정초등학교,05:15,05:23,05:31,05:39,05:47,05:55,06:03,06:11,06:19,06:27,06:35,06:43,06:51,06:59,07:07,07:15,07:23,07:29,07:35,07:41,07:47,07:53,07:59,08:05,08:11,08:17,08:23,08:29,08:35,08:41,08:47,08:53,08:59,09:05,09:11,09:17,09:23,09:31,09:39,09:47,09:55,10:03,10:11,10:19,10:27,10:35,10:43,10:51,10:59,11:07,11:15,11:23,11:31,11:39,11:47,11:55,12:03,12:11,12:19,12:27,12:35,12:43,12:51,12:59,13:07,13:15,13:23,13:31,13:39,13:47,13:55,14:03,14:11,14:19,14:27,14:35,14:43,14:51,14:59,15:07,15:15,15:23,15:31,15:39,15:47,15:55,16:03,16:11,16:19,16:27,16:35,16:43,16:51,16:59,17:07,17:15,17:23,17:31,17:39,17:47,17:55,18:03,18:11,18:19,18:27,18:33,18:39,18:45,18:51,18:57,19:03,19:09,19:15,19:21,19:27,19:33,19:39,19:45,19:51,19:57,20:03,20:09,20:15,20:21,20:29,20:37,20:45,20:53,21:01,21:09,21:17,21:25,21:33,21:41,21:49,21:57,22:05,22:13,22:21,22:29
28,온천장역.SK허브스카이,05:16,05:24,05:32,05:40,05:48,05:56,06:04,06:12,06:20,06:28,06:36,06:44,06:52,07:00,07:08,07:16,07:24,07:30,07:36,07:42,07:48,07:54,08:00,08:06,08:12,08:18,08:24,08:30,08:36,08:42,08:48,08:54,09:00,09:06,09:12,09:18,09:24,09:32,09:40,09:48,09:56,10:04,10:12,10:20,10:28,10:36,10:44,10:52,11:00,11:08,11:16,11:24,11:32,11:40,11:48,11:56,12:04,12:12,12:20,12:28,12:36,12:44,12:52,13:00,13:08,13:16,13:24,13:32,13:40,13:48,13:56,14:04,14:12,14:20,14:28,14:36,14:44,14:52,15:00,15:08,15:16,15:24,15:32,15:40,15:48,15:56,16:04,16:12,16:20,16:28,16:36,16:44,16:52,17:00,17:08,17:16,17:24,17:32,17:40,17:48,17:56,18:04,18:12,18:20,18:28,18:34,18:40,18:46,18:52,18:58,19:04,19:10,19:16,19:22,19:28,19:34,19:40,19:46,19:52,19:58,20:04,20:10,20:16,20:22,20:30,20:38,20:46,20:54,21:02,21:10,21:18,21:26,21:34,21:42,21:50,21:58,22:06,22:14,22:22,22:30
29,온천장,05:19,05:27,05:35,05:43,05:51,05:59,06:07,06:15,06:23,06:31,06:39,06:47,06:55,07:03,07:11,07:19,07:27,07:33,07:39,07:45,07:51,07:57,08:03,08:09,08:15,08:21,08:27,08:33,08:39,08:45,08:51,08:57,09:03,09:09,09:15,09:21,09:27,09:35,09:43,09:51,09:59,10:07,10:15,10:23,10:31,10:39,10:47,10:55,11:03,11:11,11:19,11:27,11:35,11:43,11:51,11:59,12:07,12:15,12:23,12:31,12:39,12:47,12:55,13:03,13:11,13:19,13:27,13:35,13:43,13:51,13:59,14:07,14:15,14:23,14:31,14:39,14:47,14:55,15:03,15:11,15:19,15:27,15:35,15:43,15:51,15:59,16:07,16:15,16:23,16:31,16:39,16:47,16:55,17:03,17:11,17:19,17:27,17:35,17:43,17:51,17:59,18:07,18:15,18:23,18:31,18:37,18:43,18:49,18:55,19:01,19:07,19:13,19:19,19:25,19:31,19:37,19:43,19:49,19:55,20:01,20:07,20:13,20:19,20:25,20:33,20:41,20:49,20:57,21:05,21:13,21:21,21:29,21:37,21:45,21:53,22:01,22:09,22:17,22:25,22:33
30,온천입구,05:21,05:29,05:37,05:45,05:53,06:01,06:09,06:17,06:25,06:33,06:41,06:49,06:57,07:05,07:13,07:21,07:29,07:35,07:41,07:47,07:53,07:59,08:05,08:11,08:17,08:23,08:29,08:35,08:41,08:47,08:53,08:59,09:05,09:11,09:17,09:23,09:29,09:37,09:45,09:53,10:01,10:09,10:17,10:25,10:33,10:41,10:49,10:57,11:05,11:13,11:21,11:29,11:37,11:45,11:53,12:01,12:09,12:17,12:25,12:33,12:41,12:49,12:57,13:05,13:13,13:21,13:29,13:37,13:45,13:53,14:01,14:09,14:17,14:25,14:33,14:41,14:49,14:57,15:05,15:13,15:21,15:29,15:37,15:45,15:53,16:01,16:09,16:17,16:25,16:33,16:41,16:49,16:57,17:05,17:13,17:21,17:29,17:37,17:45,17:53,18:01,18:09,18:17,18:25,18:33,18:39,18:45,18:51,18:57,19:03,19:09,19:15,19:21,19:27,19:33,19:39,19:45,19:51,19:57,20:03,20:09,20:15,20:21,20:27,20:35,20:43,20:51,20:59,21:07,21:15,21:23,21:31,21:39,21:47,21:55,22:03,22:11,22:19,22:27,22:35
31,동래구노인복지관,05:22,05:30,05:38,05:46,05:54,06:02,06:10,06:18,06:26,06:34,06:42,06:50,06:58,07:06,07:14,07:22,07:30,07:36,07:42,07:48,07:54,08:00,08:06,08:12,08:18,08:24,08:30,08:36,08:42,08:48,08:54,09:00,09:06,09:12,09:18,09:24,09:30,09:38,09:46,09:54,10:02,10:10,10:18,10:26,10:34,10:42,10:50,10:58,11:06,11:14,11:22,11:30,11:38,11:46,11:54,12:02,12:10,12:18,12:26,12:34,12:42,12:50,12:58,13:06,13:14,13:22,13:30,13:38,13:46,13:54,14:02,14:10,14:18,14:26,14:34,14:42,14:50,14:58,15:06,15:14,15:22,15:30,15:38,15:46,15:54,16:02,16:10,16:18,16:26,16:34,16:42,16:50,16:58,17:06,17:14,17:22,17:30,17:38,17:46,17:54,18:02,18:10,18:18,18:26,18:34,18:40,18:46,18:52,18:58,19:04,19:10,19:16,19:22,19:28,19:34,19:40,19:46,19:52,19:58,20:04,20:10,20:16,20:22,20:28,20:36,20:44,20:52,21:00,21:08,21:16,21:24,21:32,21:40,21:48,21:56,22:04,22:12,22:20,22:28,22:36
32,동래우체국,05:24,05:32,05:40,05:48,05:56,06:04,06:12,06:20,06:28,06:36,06:44,06:52,07:00,07:08,07:16,07:24,07:32,07:38,07:44,07:50,07:56,08:02,08:08,08:14,08:20,08:26,08:32,08:38,08:44,08:50,08:56,09:02,09:08,09:14,09:20,09:26,09:32,09:40,09:48,09:56,10:04,10:12,10:20,10:28,10:36,10:44,10:52,11:00,11:08,11:16,11:24,11:32,11:40,11:48,11:56,12:04,12:12,12:20,12:28,12:36,12:44,12:52,13:00,13:08,13:16,13:24,13:32,13:40,13:48,13:56,14:04,14:12,14:20,14:28,14:36,14:44,14:52,15:00,15:08,15:16,15:24,15:32,15:40,15:48,15:56,16:04,16:12,16:20,16:28,16:36,16:44,16:52,17:00,17:08,17:16,17:24,17:32,17:40,17:48,17:56,18:04,18:12,18:20,18:28,18:36,18:42,18:48,18:54,19:00,19:06,19:12,19:18,19:24,19:30,19:36,19:42,19:48,19:54,20:00,20:06,20:12,20:18,20:24,20:30,20:38,20:46,20:54,21:02,21:10,21:18,21:26,21:34,21:42,21:50,21:58,22:06,22:14,22:22,22:30,22:38
33,명륜교차로,05:25,05:33,05:41,05:49,05:57,06:05,06:13,06:21,06:29,06:37,06:45,06:53,07:01,07:09,07:17,07:25,07:33,07:39,07:45,07:51,07:57,08:03,08:09,08:15,08:21,08:27,08:33,08:39,08:45,08:51,08:57,09:03,09:09,09:15,09:21,09:27,09:33,09:41,09:49,09:57,10:05,10:13,10:21,10:29,10:37,10:45,10:53,11:01,11:09,11:17,11:25,11:33,11:41,11:49,11:57,12:05,12:13,12:21,12:29,12:37,12:45,12:53,13:01,13:09,13:17,13:25,13:33,13:41,13:49,13:57,14:05,14:13,14:21,14:29,14:37,14:45,14:53,15:01,15:09,15:17,15:25,15:33,15:41,15:49,15:57,16:05,16:13,16:21,16:29,16:37,16:45,16:53,17:01,17:09,17:17,17:25,17:33,17:41,17:49,17:57,18:05,18:13,18:21,18:29,18:37,18:43,18:49,18:55,19:01,19:07,19:13,19:19,19:25,19:31,19:37,19:43,19:49,19:55,20:01,20:07,20:13,20:19,20:25,20:31,20:39,20:47,20:55,21:03,21:11,21:19,21:27,21:35,21:43,21:51,21:59,22:07,22:15,22:23,22:31,22:39
34,동래전화국,05:26,05:34,05:42,05:50,05:58,06:06,06:14,06:22,06:30,06:38,06:46,06:54,07:02,07:10,07:18,07:26,07:34,07:40,07:46,07:52,07:58,08:04,08:10,08:16,08:22,08:28,08:34,08:40,08:46,08:52,08:58,09:04,09:10,09:16,09:22,09:28,09:34,09:42,09:50,09:58,10:06,10:14,10:22,10:30,10:38,10:46,10:54,11:02,11:10,11:18,11:26,11:34,11:42,11:50,11:58,12:06,12:14,12:22,12:30,12:38,12:46,12:54,13:02,13:10,13:18,13:26,13:34,13:42,13:50,13:58,14:06,14:14,14:22,14:30,14:38,14:46,14:54,15:02,15:10,15:18,15:26,15:34,15:42,15:50,15:58,16:06,16:14,16:22,16:30,16:38,16:46,16:54,17:02,17:10,17:18,17:26,17:34,17:42,17:50,17:58,18:06,18:14,18:22,18:30,18:38,18:44,18:50,18:56,19:02,19:08,19:14,19:20,19:26,19:32,19:38,19:44,19:50,19:56,20:02,20:08,20:14,20:20,20:26,20:32,20:40,20:48,20:56,21:04,21:12,21:20,21:28,21:36,21:44,21:52,22:00,22:08,22:16,22:24,22:32,22:40
35,동래경찰서,05:28,05:36,05:44,05:52,06:00,06:08,06:16,06:24,06:32,06:40,06:48,06:56,07:04,07:12,07:20,07:28,07:36,07:42,07:48,07:54,08:00,08:06,08:12,08:18,08:24,08:30,08:36,08:42,08:48,08:54,09:00,09:06,09:12,09:18,09:24,09:30,09:36,09:44,09:52,10:00,10:08,10:16,10:24,10:32,10:40,10:48,10:56,11:04,11:12,11:20,11:28,11:36,11:44,11:52,12:00,12:08,12:16,12:24,12:32,12:40,12:48,12:56,13:04,13:12,13:20,13:28,13:36,13:44,13:52,14:00,14:08,14:16,14:24,14:32,14:40,14:48,14:56,15:04,15:12,15:20,15:28,15:36,15:44,15:52,16:00,16:08,16:16,16:24,16:32,16:40,16:48,16:56,17:04,17:12,17:20,17:28,17:36,17:44,17:52,18:00,18:08,18:16,18:24,18:32,18:40,18:46,18:52,18:58,19:04,19:10,19:16,19:22,19:28,19:34,19:40,19:46,19:52,19:58,20:04,20:10,20:16,20:22,20:28,20:34,20:42,20:50,20:58,21:06,21:14,21:22,21:30,21:38,21:46,21:54,22:02,22:10,22:18,22:26,22:34,22:42
36,세병교,05:29,05:37,05:45,05:53,06:01,06:09,06:17,06:25,06:33,06:41,06:49,06:57,07:05,07:13,07:21,07:29,07:37,07:43,07:49,07:55,08:01,08:07,08:13,08:19,08:25,08:31,08:37,08:43,08:49,08:55,09:01,09:07,09:13,09:19,09:25,09:31,09:37,09:45,09:53,10:01,10:09,10:17,10:25,10:33,10:41,10:49,10:57,11:05,11:13,11:21,11:29,11:37,11:45,11:53,12:01,12:09,12:17,12:25,12:33,12:41,12:49,12:57,13:05,13:13,13:21,13:29,13:37,13:45,13:53,14:01,14:09,14:17,14:25,14:33,14:41,14:49,14:57,15:05,15:13,15:21,15:29,15:37,15:45,15:53,16:01,16:09,16:17,16:25,16:33,16:41,16:49,16:57,17:05,17:13,17:21,17:29,17:37,17:45,17:53,18:01,18:09,18:17,18:25,18:33,18:41,18:47,18:53,18:59,19:05,19:11,19:17,19:23,19:29,19:35,19:41,19:47,19:53,19:59,20:05,20:11,20:17,20:23,20:29,20:35,20:43,20:51,20:59,21:07,21:15,21:23,21:31,21:39,21:47,21:55,22:03,22:11,22:19,22:27,22:35,22:43
37,동해선교대역,05:31,05:39,05:47,05:55,06:03,06:11,06:19,06:27,06:35,06:43,06:51,06:59,07:07,07:15,07:23,07:31,07:39,07:45,07:51,07:57,08:03,08:09,08:15,08:21,08:27,08:33,08:39,08:45,08:51,08:57,09:03,09:09,09:15,09:21,09:27,09:33,09:39,09:47,09:55,10:03,10:11,10:19,10:27,10:35,10:43,10:51,10:59,11:07,11:15,11:23,11:31,11:39,11:47,11:55,12:03,12:11,12:19,12:27,12:35,12:43,12:51,12:59,13:07,13:15,13:23,13:31,13:39,13:47,13:55,14:03,14:11,14:19,14:27,14:35,14:43,14:51,14:59,15:07,15:15,15:23,15:31,15:39,15:47,15:55,16:03,16:11,16:19,16:27,16:35,16:43,16:51,16:59,17:07,17:15,17:23,17:31,17:39,17:47,17:55,18:03,18:11,18:19,18:27,18:35,18:43,18:49,18:55,19:01,19:07,19:13,19:19,19:25,19:31,19:37,19:43,19:49,19:55,20:01,20:07,20:13,20:19,20:25,20:31,20:37,20:45,20:53,21:01,21:09,21:17,21:25,21:33,21:41,21:49,21:57,22:05,22:13,22:21,22:29,22:37,22:45
38,연산역.연산교차로,05:32,05:40,05:48,05:56,06:04,06:12,06:20,06:28,06:36,06:44,06:52,07:00,07:08,07:16,07:24,07:32,07:40,07:46,07:52,07:58,08:04,08:10,08:16,08:22,08:28,08:34,08:40,08:46,08:52,08:58,09:04,09:10,09:16,09:22,09:28,09:34,09:40,09:48,09:56,10:04,10:12,10:20,10:28,10:36,10:44,10:52,11:00,11:08,11:16,11:24,11:32,11:40,11:48,11:56,12:04,12:12,12:20,12:28,12:36,12:44,12:52,13:00,13:08,13:16,13:24,13:32,13:40,13:48,13:56,14:04,14:12,14:20,14:28,14:36,14:44,14:52,15:00,15:08,15:16,15:24,15:32,15:40,15:48,15:56,16:04,16:12,16:20,16:28,16:36,16:44,16:52,17:00,17:08,17:16,17:24,17:32,17:40,17:48,17:56,18:04,18:12,18:20,18:28,18:36,18:44,18:50,18:56,19:02,19:08,19:14,19:20,19:26,19:32,19:38,19:44,19:50,19:56,20:02,20:08,20:14,20:20,20:26,20:32,20:38,20:46,20:54,21:02,21:10,21:18,21:26,21:34,21:42,21:50,21:58,22:06,22:14,22:22,22:30,22:38,22:46
39,반도보라아파트,05:35,05:43,05:51,05:59,06:07,06:15,06:23,06:31,06:39,06:47,06:55,07:03,07:11,07:19,07:27,07:35,07:43,07:49,07:55,08:01,08:07,08:13,08:19,08:25,08:31,08:37,08:43,08:49,08:55,09:01,09:07,09:13,09:19,09:25,09:31,09:37,09:43,09:51,09:59,10:07,10:15,10:23,10:31,10:39,10:47,10:55,11:03,11:11,11:19,11:27,11:35,11:43,11:51,11:59,12:07,12:15,12:23,12:31,12:39,12:47,12:55,13:03,13:11,13:19,13:27,13:35,13:43,13:51,13:59,14:07,14:15,14:23,14:31,14:39,14:47,14:55,15:03,15:11,15:19,15:27,15:35,15:43,15:51,15:59,16:07,16:15,16:23,16:31,16:39,16:47,16:55,17:03,17:11,17:19,17:27,17:35,17:43,17:51,17:59,18:07,18:15,18:23,18:31,18:39,18:47,18:53,18:59,19:05,19:11,19:17,19:23,19:29,19:35,19:41,19:47,19:53,19:59,20:05,20:11,20:17,20:23,20:29,20:35,20:41,20:49,20:57,21:05,21:13,21:21,21:29,21:37,21:45,21:53,22:01,22:09,22:17,22:25,22:33,22:41,22:49
40,연산초등학교,05:36,05:44,05:52,06:00,06:08,06:16,06:24,06:32,06:40,06:48,06:56,07:04,07:12,07:20,07:28,07:36,07:44,07:50,07:56,08:02,08:08,08:14,08:20,08:26,08:32,08:38,08:44,08:50,08:56,09:02,09:08,09:14,09:20,09:26,09:32,09:38,09:44,09:52,10:00,10:08,10:16,10:24,10:32,10:40,10:48,10:56,11:04,11:12,11:20,11:28,11:36,11:44,11:52,12:00,12:08,12:16,12:24,12:32,12:40,12:48,12:56,13:04,13:12,13:20,13:28,13:36,13:44,13:52,14:00,14:08,14:16,14:24,14:32,14:40,14:48,14:56,15:04,15:12,15:20,15:28,15:36,15:44,15:52,16:00,16:08,16:16,16:24,16:32,16:40,16:48,16:56,17:04,17:12,17:20,17:28,17:36,17:44,17:52,18:00,18:08,18:16,18:24,18:32,18:40,18:48,18:54,19:00,19:06,19:12,19:18,19:24,19:30,19:36,19:42,19:48,19:54,20:00,20:06,20:12,20:18,20:24,20:30,20:36,20:42,20:50,20:58,21:06,21:14,21:22,21:30,21:38,21:46,21:54,22:02,22:10,22:18,22:26,22:34,22:42,22:50
41,연산시장.물만골역,05:37,05:45,05:53,06:01,06:09,06:17,06:25,06:33,06:41,06:49,06:57,07:05,07:13,07:21,07:29,07:37,07:45,07:51,07:57,08:03,08:09,08:15,08:21,08:27,08:33,08:39,08:45,08:51,08:57,09:03,09:09,09:15,09:21,09:27,09:33,09:39,09:45,09:53,10:01,10:09,10:17,10:25,10:33,10:41,10:49,10:57,11:05,11:13,11:21,11:29,11:37,11:45,11:53,12:01,12:09,12:17,12:25,12:33,12:41,12:49,12:57,13:05,13:13,13:21,13:29,13:37,13:45,13:53,14:01,14:09,14:17,14:25,14:33,14:41,14:49,14:57,15:05,15:13,15:21,15:29,15:37,15:45,15:53,16:01,16:09,16:17,16:25,16:33,16:41,16:49,16:57,17:05,17:13,17:21,17:29,17:37,17:45,17:53,18:01,18:09,18:17,18:25,18:33,18:41,18:49,18:55,19:01,19:07,19:13,19:19,19:25,19:31,19:37,19:43,19:49,19:55,20:01,20:07,20:13,20:19,20:25,20:31,20:37,20:43,20:51,20:59,21:07,21:15,21:23,21:31,21:39,21:47,21:55,22:03,22:11,22:19,22:27,22:35,22:43,22:51
42,신리삼거리,05:39,05:47,05:55,06:03,06:11,06:19,06:27,06:35,06:43,06:51,06:59,07:07,07:15,07:23,07:31,07:39,07:47,07:53,07:59,08:05,08:11,08:17,08:23,08:29,08:35,08:41,08:47,08:53,08:59,09:05,09:11,09:17,09:23,09:29,09:35,09:41,09:47,09:55,10:03,10:11,10:19,10:27,10:35,10:43,10:51,10:59,11:07,11:15,11:23,11:31,11:39,11:47,11:55,12:03,12:11,12:19,12:27,12:35,12:43,12:51,12:59,13:07,13:15,13:23,13:31,13:39,13:47,13:55,14:03,14:11,14:19,14:27,14:35,14:43,14:51,14:59,15:07,15:15,15:23,15:31,15:39,15:47,15:55,16:03,16:11,16:19,16:27,16:35,16:43,16:51,16:59,17:07,17:15,17:23,17:31,17:39,17:47,17:55,18:03,18:11,18:19,18:27,18:35,18:43,18:51,18:57,19:03,19:09,19:15,19:21,19:27,19:33,19:39,19:45,19:51,19:57,20:03,20:09,20:15,20:21,20:27,20:33,20:39,20:45,20:53,21:01,21:09,21:17,21:25,21:33,21:41,21:49,21:57,22:05,22:13,22:21,22:29,22:37,22:45,22:53
43,한독아파트,05:41,05:49,05:57,06:05,06:13,06:21,06:29,06:37,06:45,06:53,07:01,07:09,07:17,07:25,07:33,07:41,07:49,07:55,08:01,08:07,08:13,08:19,08:25,08:31,08:37,08:43,08:49,08:55,09:01,09:07,09:13,09:19,09:25,09:31,09:37,09:43,09:49,09:57,10:05,10:13,10:21,10:29,10:37,10:45,10:53,11:01,11:09,11:17,11:25,11:33,11:41,11:49,11:57,12:05,12:13,12:21,12:29,12:37,12:45,12:53,13:01,13:09,13:17,13:25,13:33,13:41,13:49,13:57,14:05,14:13,14:21,14:29,14:37,14:45,14:53,15:01,15:09,15:17,15:25,15:33,15:41,15:49,15:57,16:05,16:13,16:21,16:29,16:37,16:45,16:53,17:01,17:09,17:17,17:25,17:33,17:41,17:49,17:57,18:05,18:13,18:21,18:29,18:37,18:45,18:53,18:59,19:05,19:11,19:17,19:23,19:29,19:35,19:41,19:47,19:53,19:59,20:05,20:11,20:17,20:23,20:29,20:35,20:41,20:47,20:55,21:03,21:11,21:19,21:27,21:35,21:43,21:51,21:59,22:07,22:15,22:23,22:31,22:39,22:47,22:55
44,배산역,05:42,05:50,05:58,06:06,06:14,06:22,06:30,06:38,06:46,06:54,07:02,07:10,07:18,07:26,07:34,07:42,07:50,07:56,08:02,08:08,08:14,08:20,08:26,08:32,08:38,08:44,08:50,08:56,09:02,09:08,09:14,09:20,09:26,09:32,09:38,09:44,09:50,09:58,10:06,10:14,10:22,10:30,10:38,10:46,10:54,11:02,11:10,11:18,11:26,11:34,11:42,11:50,11:58,12:06,12:14,12:22,12:30,12:38,12:46,12:54,13:02,13:10,13:18,13:26,13:34,13:42,13:50,13:58,14:06,14:14,14:22,14:30,14:38,14:46,14:54,15:02,15:10,15:18,15:26,15:34,15:42,15:50,15:58,16:06,16:14,16:22,16:30,16:38,16:46,16:54,17:02,17:10,17:18,17:26,17:34,17:42,17:50,17:58,18:06,18:14,18:22,18:30,18:38,18:46,18:54,19:00,19:06,19:12,19:18,19:24,19:30,19:36,19:42,19:48,19:54,20:00,20:06,20:12,20:18,20:24,20:30,20:36,20:42,20:48,20:56,21:04,21:12,21:20,21:28,21:36,21:44,21:52,22:00,22:08,22:16,22:24,22:32,22:40,22:48,22:56
45,망미1파출소,05:43,05:51,05:59,06:07,06:15,06:23,06:31,06:39,06:47,06:55,07:03,07:11,07:19,07:27,07:35,07:43,07:51,07:57,08:03,08:09,08:15,08:21,08:27,08:33,08:39,08:45,08:51,08:57,09:03,09:09,09:15,09:21,09:27,09:33,09:39,09:45,09:51,09:59,10:07,10:15,10:23,10:31,10:39,10:47,10:55,11:03,11:11,11:19,11:27,11:35,11:43,11:51,11:59,12:07,12:15,12:23,12:31,12:39,12:47,12:55,13:03,13:11,13:19,13:27,13:35,13:43,13:51,13:59,14:07,14:15,14:23,14:31,14:39,14:47,14:55,15:03,15:11,15:19,15:27,15:35,15:43,15:51,15:59,16:07,16:15,16:23,16:31,16:39,16:47,16:55,17:03,17:11,17:19,17:27,17:35,17:43,17:51,17:59,18:07,18:15,18:23,18:31,18:39,18:47,18:55,19:01,19:07,19:13,19:19,19:25,19:31,19:37,19:43,19:49,19:55,20:01,20:07,20:13,20:19,20:25,20:31,20:37,20:43,20:49,20:57,21:05,21:13,21:21,21:29,21:37,21:45,21:53,22:01,22:09,22:17,22:25,22:33,22:41,22:49,22:57
46,부산울산지방병무청,05:44,05:52,06:00,06:08,06:16,06:24,06:32,06:40,06:48,06:56,07:04,07:12,07:20,07:28,07:36,07:44,07:52,07:58,08:04,08:10,08:16,08:22,08:28,08:34,08:40,08:46,08:52,08:58,09:04,09:10,09:16,09:22,09:28,09:34,09:40,09:46,09:52,10:00,10:08,10:16,10:24,10:32,10:40,10:48,10:56,11:04,11:12,11:20,11:28,11:36,11:44,11:52,12:00,12:08,12:16,12:24,12:32,12:40,12:48,12:56,13:04,13:12,13:20,13:28,13:36,13:44,13:52,14:00,14:08,14:16,14:24,14:32,14:40,14:48,14:56,15:04,15:12,15:20,15:28,15:36,15:44,15:52,16:00,16:08,16:16,16:24,16:32,16:40,16:48,16:56,17:04,17:12,17:20,17:28,17:36,17:44,17:52,18:00,18:08,18:16,18:24,18:32,18:40,18:48,18:56,19:02,19:08,19:14,19:20,19:26,19:32,19:38,19:44,19:50,19:56,20:02,20:08,20:14,20:20,20:26,20:32,20:38,20:44,20:50,20:58,21:06,21:14,21:22,21:30,21:38,21:46,21:54,22:02,22:10,22:18,22:26,22:34,22:42,22:50,22:58
47,망미역,05:45,05:53,06:01,06:09,06:17,06:25,06:33,06:41,06:49,06:57,07:05,07:13,07:21,07:29,07:37,07:45,07:53,07:59,08:05,08:11,08:17,08:23,08:29,08:35,08:41,08:47,08:53,08:59,09:05,09:11,09:17,09:23,09:29,09:35,09:41,09:47,09:53,10:01,10:09,10:17,10:25,10:33,10:41,10:49,10:57,11:05,11:13,11:21,11:29,11:37,11:45,11:53,12:01,12:09,12:17,12:25,12:33,12:41,12:49,12:57,13:05,13:13,13:21,13:29,13:37,13:45,13:53,14:01,14:09,14:17,14:25,14:33,14:41,14:49,14:57,15:05,15:13,15:21,15:29,15:37,15:45,15:53,16:01,16:09,16:17,16:25,16:33,16:41,16:49,16:57,17:05,17:13,17:21,17:29,17:37,17:45,17:53,18:01,18:09,18:17,18:25,18:33,18:41,18:49,18:57,19:03,19:09,19:15,19:21,19:27,19:33,19:39,19:45,19:51,19:57,20:03,20:09,20:15,20:21,20:27,20:33,20:39,20:45,20:51,20:59,21:07,21:15,21:23,21:31,21:39,21:47,21:55,22:03,22:11,22:19,22:27,22:35,22:43,22:51,22:59
48,수영아파트,05:46,05:54,06:02,06:10,06:18,06:26,06:34,06:42,06:50,06:58,07:06,07:14,07:22,07:30,07:38,07:46,07:54,08:00,08:06,08:12,08:18,08:24,08:30,08:36,08:42,08:48,08:54,09:00,09:06,09:12,09:18,09:24,09:30,09:36,09:42,09:48,09:54,10:02,10:10,10:18,10:26,10:34,10:42,10:50,10:58,11:06,11:14,11:22,11:30,11:38,11:46,11:54,12:02,12:10,12:18,12:26,12:34,12:42,12:50,12:58,13:06,13:14,13:22,13:30,13:38,13:46,13:54,14:02,14:10,14:18,14:26,14:34,14:42,14:50,14:58,15:06,15:14,15:22,15:30,15:38,15:46,15:54,16:02,16:10,16:18,16:26,16:34,16:42,16:50,16:58,17:06,17:14,17:22,17:30,17:38,17:46,17:54,18:02,18:10,18:18,18:26,18:34,18:42,18:50,18:58,19:04,19:10,19:16,19:22,19:28,19:34,19:40,19:46,19:52,19:58,20:04,20:10,20:16,20:22,20:28,20:34,20:40,20:46,20:52,21:00,21:08,21:16,21:24,21:32,21:40,21:48,21:56,22:04,22:12,22:20,22:28,22:36,22:44,22:52,23:00
49,수영사적공원,05:47,05:55,06:03,06:11,06:19,06:27,06:35,06:43,06:51,06:59,07:07,07:15,07:23,07:31,07:39,07:47,07:55,08:01,08:07,08:13,08:19,08:25,08:31,08:37,08:43,08:49,08:55,09:01,09:07,09:13,09:19,09:25,09:31,09:37,09:43,09:49,09:55,10:03,10:11,10:19,10:27,10:35,10:43,10:51,10:59,11:07,11:15,11:23,11:31,11:39,11:47,11:55,12:03,12:11,12:19,12:27,12:35,12:43,12:51,12:59,13:07,13:15,13:23,13:31,13:39,13:47,13:55,14:03,14:11,14:19,14:27,14:35,14:43,14:51,14:59,15:07,15:15,15:23,15:31,15:39,15:47,15:55,16:03,16:11,16:19,16:27,16:35,16:43,16:51,16:59,17:07,17:15,17:23,17:31,17:39,17:47,17:55,18:03,18:11,18:19,18:27,18:35,18:43,18:51,18:59,19:05,19:11,19:17,19:23,19:29,19:35,19:41,19:47,19:53,19:59,20:05,20:11,20:17,20:23,20:29,20:35,20:41,20:47,20:53,21:01,21:09,21:17,21:25,21:33,21:41,21:49,21:57,22:05,22:13,22:21,22:29,22:37,22:45,22:53,23:01
50,수영교차로.수영역,05:48,05:56,06:04,06:12,06:20,06:28,06:36,06:44,06:52,07:00,07:08,07:16,07:24,07:32,07:40,07:48,07:56,08:02,08:08,08:14,08:20,08:26,08:32,08:38,08:44,08:50,08:56,09:02,09:08,09:14,09:20,09:26,09:32,09:38,09:44,09:50,09:56,10:04,10:12,10:20,10:28,10:36,10:44,10:52,11:00,11:08,11:16,11:24,11:32,11:40,11:48,11:56,12:04,12:12,12:20,12:28,12:36,12:44,12:52,13:00,13:08,13:16,13:24,13:32,13:40,13:48,13:56,14:04,14:12,14:20,14:28,14:36,14:44,14:52,15:00,15:08,15:16,15:24,15:32,15:40,15:48,15:56,16:04,16:12,16:20,16:28,16:36,16:44,16:52,17:00,17:08,17:16,17:24,17:32,17:40,17:48,17:56,18:04,18:12,18:20,18:28,18:36,18:44,18:52,19:00,19:06,19:12,19:18,19:24,19:30,19:36,19:42,19:48,19:54,20:00,20:06,20:12,20:18,20:24,20:30,20:36,20:42,20:48,20:54,21:02,21:10,21:18,21:26,21:34,21:42,21:50,21:58,22:06,22:14,22:22,22:30,22:38,22:46,22:54,23:02
51,수영구보건소,05:49,05:57,06:05,06:13,06:21,06:29,06:37,06:45,06:53,07:01,07:09,07:17,07:25,07:33,07:41,07:49,07:57,08:03,08:09,08:15,08:21,08:27,08:33,08:39,08:45,08:51,08:57,09:03,09:09,09:15,09:21,09:27,09:33,09:39,09:45,09:51,09:57,10:05,10:13,10:21,10:29,10:37,10:45,10:53,11:01,11:09,11:17,11:25,11:33,11:41,11:49,11:57,12:05,12:13,12:21,12:29,12:37,12:45,12:53,13:01,13:09,13:17,13:25,13:33,13:41,13:49,13:57,14:05,14:13,14:21,14:29,14:37,14:45,14:53,15:01,15:09,15:17,15:25,15:33,15:41,15:49,15:57,16:05,16:13,16:21,16:29,16:37,16:45,16:53,17:01,17:09,17:17,17:25,17:33,17:41,17:49,17:57,18:05,18:13,18:21,18:29,18:37,18:45,18:53,19:01,19:07,19:13,19:19,19:25,19:31,19:37,19:43,19:49,19:55,20:01,20:07,20:13,20:19,20:25,20:31,20:37,20:43,20:49,20:55,21:03,21:11,21:19,21:27,21:35,21:43,21:51,21:59,22:07,22:15,22:23,22:31,22:39,22:47,22:55,23:03
52,광안시장.광안역,05:50,05:58,06:06,06:14,06:22,06:30,06:38,06:46,06:54,07:02,07:10,07:18,07:26,07:34,07:42,07:50,07:58,08:04,08:10,08:16,08:22,08:28,08:34,08:40,08:46,08:52,08:58,09:04,09:10,09:16,09:22,09:28,09:34,09:40,09:46,09:52,09:58,10:06,10:14,10:22,10:30,10:38,10:46,10:54,11:02,11:10,11:18,11:26,11:34,11:42,11:50,11:58,12:06,12:14,12:22,12:30,12:38,12:46,12:54,13:02,13:10,13:18,13:26,13:34,13:42,13:50,13:58,14:06,14:14,14:22,14:30,14:38,14:46,14:54,15:02,15:10,15:18,15:26,15:34,15:42,15:50,15:58,16:06,16:14,16:22,16:30,16:38,16:46,16:54,17:02,17:10,17:18,17:26,17:34,17:42,17:50,17:58,18:06,18:14,18:22,18:30,18:38,18:46,18:54,19:02,19:08,19:14,19:20,19:26,19:32,19:38,19:44,19:50,19:56,20:02,20:08,20:14,20:20,20:26,20:32,20:38,20:44,20:50,20:56,21:04,21:12,21:20,21:28,21:36,21:44,21:52,22:00,22:08,22:16,22:24,22:32,22:40,22:48,22:56,23:04
53,수영중학교,05:52,06:00,06:08,06:16,06:24,06:32,06:40,06:48,06:56,07:04,07:12,07:20,07:28,07:36,07:44,07:52,08:00,08:06,08:12,08:18,08:24,08:30,08:36,08:42,08:48,08:54,09:00,09:06,09:12,09:18,09:24,09:30,09:36,09:42,09:48,09:54,10:00,10:08,10:16,10:24,10:32,10:40,10:48,10:56,11:04,11:12,11:20,11:28,11:36,11:44,11:52,12:00,12:08,12:16,12:24,12:32,12:40,12:48,12:56,13:04,13:12,13:20,13:28,13:36,13:44,13:52,14:00,14:08,14:16,14:24,14:32,14:40,14:48,14:56,15:04,15:12,15:20,15:28,15:36,15:44,15:52,16:00,16:08,16:16,16:24,16:32,16:40,16:48,16:56,17:04,17:12,17:20,17:28,17:36,17:44,17:52,18:00,18:08,18:16,18:24,18:32,18:40,18:48,18:56,19:04,19:10,19:16,19:22,19:28,19:34,19:40,19:46,19:52,19:58,20:04,20:10,20:16,20:22,20:28,20:34,20:40,20:46,20:52,20:58,21:06,21:14,21:22,21:30,21:38,21:46,21:54,22:02,22:10,22:18,22:26,22:34,22:42,22:50,22:58,23:06
54,금련산역,05:53,06:01,06:09,06:17,06:25,06:33,06:41,06:49,06:57,07:05,07:13,07:21,07:29,07:37,07:45,07:53,08:01,08:07,08:13,08:19,08:25,08:31,08:37,08:43,08:49,08:55,09:01,09:07,09:13,09:19,09:25,09:31,09:37,09:43,09:49,09:55,10:01,10:09,10:17,10:25,10:33,10:41,10:49,10:57,11:05,11:13,11:21,11:29,11:37,11:45,11:53,12:01,12:09,12:17,12:25,12:33,12:41,12:49,12:57,13:05,13:13,13:21,13:29,13:37,13:45,13:53,14:01,14:09,14:17,14:25,14:33,14:41,14:49,14:57,15:05,15:13,15:21,15:29,15:37,15:45,15:53,16:01,16:09,16:17,16:25,16:33,16:41,16:49,16:57,17:05,17:13,17:21,17:29,17:37,17:45,17:53,18:01,18:09,18:17,18:25,18:33,18:41,18:49,18:57,19:05,19:11,19:17,19:23,19:29,19:35,19:41,19:47,19:53,19:59,20:05,20:11,20:17,20:23,20:29,20:35,20:41,20:47,20:53,20:59,21:07,21:15,21:23,21:31,21:39,21:47,21:55,22:03,22:11,22:19,22:27,22:35,22:43,22:51,22:59,23:07
55,금련산청소년수련원,05:54,06:02,06:10,06:18,06:26,06:34,06:42,06:50,06:58,07:06,07:14,07:22,07:30,07:38,07:46,07:54,08:02,08:08,08:14,08:20,08:26,08:32,08:38,08:44,08:50,08:56,09:02,09:08,09:14,09:20,09:26,09:32,09:38,09:44,09:50,09:56,10:02,10:10,10:18,10:26,10:34,10:42,10:50,10:58,11:06,11:14,11:22,11:30,11:38,11:46,11:54,12:02,12:10,12:18,12:26,12:34,12:42,12:50,12:58,13:06,13:14,13:22,13:30,13:38,13:46,13:54,14:02,14:10,14:18,14:26,14:34,14:42,14:50,14:58,15:06,15:14,15:22,15:30,15:38,15:46,15:54,16:02,16:10,16:18,16:26,16:34,16:42,16:50,16:58,17:06,17:14,17:22,17:30,17:38,17:46,17:54,18:02,18:10,18:18,18:26,18:34,18:42,18:50,18:58,19:06,19:12,19:18,19:24,19:30,19:36,19:42,19:48,19:54,20:00,20:06,20:12,20:18,20:24,20:30,20:36,20:42,20:48,20:54,21:00,21:08,21:16,21:24,21:32,21:40,21:48,21:56,22:04,22:12,22:20,22:28,22:36,22:44,22:52,23:00,23:08
56,대남교차로.남천역,05:56,06:04,06:12,06:20,06:28,06:36,06:44,06:52,07:00,07:08,07:16,07:24,07:32,07:40,07:48,07:56,08:04,08:10,08:16,08:22,08:28,08:34,08:40,08:46,08:52,08:58,09:04,09:10,09:16,09:22,09:28,09:34,09:40,09:46,09:52,09:58,10:04,10:12,10:20,10:28,10:36,10:44,10:52,11:00,11:08,11:16,11:24,11:32,11:40,11:48,11:56,12:04,12:12,12:20,12:28,12:36,12:44,12:52,13:00,13:08,13:16,13:24,13:32,13:40,13:48,13:56,14:04,14:12,14:20,14:28,14:36,14:44,14:52,15:00,15:08,15:16,15:24,15:32,15:40,15:48,15:56,16:04,16:12,16:20,16:28,16:36,16:44,16:52,17:00,17:08,17:16,17:24,17:32,17:40,17:48,17:56,18:04,18:12,18:20,18:28,18:36,18:44,18:52,19:00,19:08,19:14,19:20,19:26,19:32,19:38,19:44,19:50,19:56,20:02,20:08,20:14,20:20,20:26,20:32,20:38,20:44,20:50,20:56,21:02,21:10,21:18,21:26,21:34,21:42,21:50,21:58,22:06,22:14,22:22,22:30,22:38,22:46,22:54,23:02,23:10
57,경성대.부경대역,05:58,06:06,06:14,06:22,06:30,06:38,06:46,06:54,07:02,07:10,07:18,07:26,07:34,07:42,07:50,07:58,08:06,08:12,08:18,08:24,08:30,08:36,08:42,08:48,08:54,09:00,09:06,09:12,09:18,09:24,09:30,09:36,09:42,09:48,09:54,10:00,10:06,10:14,10:22,10:30,10:38,10:46,10:54,11:02,11:10,11:18,11:26,11:34,11:42,11:50,11:58,12:06,12:14,12:22,12:30,12:38,12:46,12:54,13:02,13:10,13:18,13:26,13:34,13:42,13:50,13:58,14:06,14:14,14:22,14:30,14:38,14:46,14:54,15:02,15:10,15:18,15:26,15:34,15:42,15:50,15:58,16:06,16:14,16:22,16:30,16:38,16:46,16:54,17:02,17:10,17:18,17:26,17:34,17:42,17:50,17:58,18:06,18:14,18:22,18:30,18:38,18:46,18:54,19:02,19:10,19:16,19:22,19:28,19:34,19:40,19:46,19:52,19:58,20:04,20:10,20:16,20:22,20:28,20:34,20:40,20:46,20:52,20:58,21:04,21:12,21:20,21:28,21:36,21:44,21:52,22:00,22:08,22:16,22:24,22:32,22:40,22:48,22:56,23:04,23:12
58,경성대학교,05:59,06:07,06:15,06:23,06:31,06:39,06:47,06:55,07:03,07:11,07:19,07:27,07:35,07:43,07:51,07:59,08:07,08:13,08:19,08:25,08:31,08:37,08:43,08:49,08:55,09:01,09:07,09:13,09:19,09:25,09:31,09:37,09:43,09:49,09:55,10:01,10:07,10:15,10:23,10:31,10:39,10:47,10:55,11:03,11:11,11:19,11:27,11:35,11:43,11:51,11:59,12:07,12:15,12:23,12:31,12:39,12:47,12:55,13:03,13:11,13:19,13:27,13:35,13:43,13:51,13:59,14:07,14:15,14:23,14:31,14:39,14:47,14:55,15:03,15:11,15:19,15:27,15:35,15:43,15:51,15:59,16:07,16:15,16:23,16:31,16:39,16:47,16:55,17:03,17:11,17:19,17:27,17:35,17:43,17:51,17:59,18:07,18:15,18:23,18:31,18:39,18:47,18:55,19:03,19:11,19:17,19:23,19:29,19:35,19:41,19:47,19:53,19:59,20:05,20:11,20:17,20:23,20:29,20:35,20:41,20:47,20:53,20:59,21:05,21:13,21:21,21:29,21:37,21:45,21:53,22:01,22:09,22:17,22:25,22:33,22:41,22:49,22:57,23:05,23:13
59,대연역,06:00,06:08,06:16,06:24,06:32,06:40,06:48,06:56,07:04,07:12,07:20,07:28,07:36,07:44,07:52,08:00,08:08,08:14,08:20,08:26,08:32,08:38,08:44,08:50,08:56,09:02,09:08,09:14,09:20,09:26,09:32,09:38,09:44,09:50,09:56,10:02,10:08,10:16,10:24,10:32,10:40,10:48,10:56,11:04,11:12,11:20,11:28,11:36,11:44,11:52,12:00,12:08,12:16,12:24,12:32,12:40,12:48,12:56,13:04,13:12,13:20,13:28,13:36,13:44,13:52,14:00,14:08,14:16,14:24,14:32,14:40,14:48,14:56,15:04,15:12,15:20,15:28,15:36,15:44,15:52,16:00,16:08,16:16,16:24,16:32,16:40,16:48,16:56,17:04,17:12,17:20,17:28,17:36,17:44,17:52,18:00,18:08,18:16,18:24,18:32,18:40,18:48,18:56,19:04,19:12,19:18,19:24,19:30,19:36,19:42,19:48,19:54,20:00,20:06,20:12,20:18,20:24,20:30,20:36,20:42,20:48,20:54,21:00,21:06,21:14,21:22,21:30,21:38,21:46,21:54,22:02,22:10,22:18,22:26,22:34,22:42,22:50,22:58,23:06,23:14
60,대연역.부산은행,06:02,06:10,06:18,06:26,06:34,06:42,06:50,06:58,07:06,07:14,07:22,07:30,07:38,07:46,07:54,08:02,08:10,08:16,08:22,08:28,08:34,08:40,08:46,08:52,08:58,09:04,09:10,09:16,09:22,09:28,09:34,09:40,09:46,09:52,09:58,10:04,10:10,10:18,10:26,10:34,10:42,10:50,10:58,11:06,11:14,11:22,11:30,11:38,11:46,11:54,12:02,12:10,12:18,12:26,12:34,12:42,12:50,12:58,13:06,13:14,13:22,13:30,13:38,13:46,13:54,14:02,14:10,14:18,14:26,14:34,14:42,14:50,14:58,15:06,15:14,15:22,15:30,15:38,15:46,15:54,16:02,16:10,16:18,16:26,16:34,16:42,16:50,16:58,17:06,17:14,17:22,17:30,17:38,17:46,17:54,18:02,18:10,18:18,18:26,18:34,18:42,18:50,18:58,19:06,19:14,19:20,19:26,19:32,19:38,19:44,19:50,19:56,20:02,20:08,20:14,20:20,20:26,20:32,20:38,20:44,20:50,20:56,21:02,21:08,21:16,21:24,21:32,21:40,21:48,21:56,22:04,22:12,22:20,22:28,22:36,22:44,22:52,23:00,23:08,23:16
61,유엔교차로(산성교회),06:04,06:12,06:20,06:28,06:36,06:44,06:52,07:00,07:08,07:16,07:24,07:32,07:40,07:48,07:56,08:04,08:12,08:18,08:24,08:30,08:36,08:42,08:48,08:54,09:00,09:06,09:12,09:18,09:24,09:30,09:36,09:42,09:48,09:54,10:00,10:06,10:12,10:20,10:28,10:36,10:44,10:52,11:00,11:08,11:16,11:24,11:32,11:40,11:48,11:56,12:04,12:12,12:20,12:28,12:36,12:44,12:52,13:00,13:08,13:16,13:24,13:32,13:40,13:48,13:56,14:04,14:12,14:20,14:28,14:36,14:44,14:52,15:00,15:08,15:16,15:24,15:32,15:40,15:48,15:56,16:04,16:12,16:20,16:28,16:36,16:44,16:52,17:00,17:08,17:16,17:24,17:32,17:40,17:48,17:56,18:04,18:12,18:20,18:28,18:36,18:44,18:52,19:00,19:08,19:16,19:22,19:28,19:34,19:40,19:46,19:52,19:58,20:04,20:10,20:16,20:22,20:28,20:34,20:40,20:46,20:52,20:58,21:04,21:10,21:18,21:26,21:34,21:42,21:50,21:58,22:06,22:14,22:22,22:30,22:38,22:46,22:54,23:02,23:10,23:18
62,부산공고,06:05,06:13,06:21,06:29,06:37,06:45,06:53,07:01,07:09,07:17,07:25,07:33,07:41,07:49,07:57,08:05,08:13,08:19,08:25,08:31,08:37,08:43,08:49,08:55,09:01,09:07,09:13,09:19,09:25,09:31,09:37,09:43,09:49,09:55,10:01,10:07,10:13,10:21,10:29,10:37,10:45,10:53,11:01,11:09,11:17,11:25,11:33,11:41,11:49,11:57,12:05,12:13,12:21,12:29,12:37,12:45,12:53,13:01,13:09,13:17,13:25,13:33,13:41,13:49,13:57,14:05,14:13,14:21,14:29,14:37,14:45,14:53,15:01,15:09,15:17,15:25,15:33,15:41,15:49,15:57,16:05,16:13,16:21,16:29,16:37,16:45,16:53,17:01,17:09,17:17,17:25,17:33,17:41,17:49,17:57,18:05,18:13,18:21,18:29,18:37,18:45,18:53,19:01,19:09,19:17,19:23,19:29,19:35,19:41,19:47,19:53,19:59,20:05,20:11,20:17,20:23,20:29,20:35,20:41,20:47,20:53,20:59,21:05,21:11,21:19,21:27,21:35,21:43,21:51,21:59,22:07,22:15,22:23,22:31,22:39,22:47,22:55,23:03,23:11,23:19
63,대연푸르지오클라센트·동림리라,06:05,06:13,06:21,06:29,06:37,06:45,06:53,07:01,07:09,07:17,07:25,07:33,07:41,07:49,07:57,08:05,08:13,08:19,08:25,08:31,08:37,08:43,08:49,08:55,09:01,09:07,09:13,09:19,09:25,09:31,09:37,09:43,09:49,09:55,10:01,10:07,10:13,10:21,10:29,10:37,10:45,10:53,11:01,11:09,11:17,11:25,11:33,11:41,11:49,11:57,12:05,12:13,12:21,12:29,12:37,12:45,12:53,13:01,13:09,13:17,13:25,13:33,13:41,13:49,13:57,14:05,14:13,14:21,14:29,14:37,14:45,14:53,15:01,15:09,15:17,15:25,15:33,15:41,15:49,15:57,16:05,16:13,16:21,16:29,16:37,16:45,16:53,17:01,17:09,17:17,17:25,17:33,17:41,17:49,17:57,18:05,18:13,18:21,18:29,18:37,18:45,18:53,19:01,19:09,19:17,19:23,19:29,19:35,19:41,19:47,19:53,19:59,20:05,20:11,20:17,20:23,20:29,20:35,20:41,20:47,20:53,20:59,21:05,21:11,21:19,21:27,21:35,21:43,21:51,21:59,22:07,22:15,22:23,22:31,22:39,22:47,22:55,23:03,23:11,23:19
64,성지고등학교,06:06,06:14,06:22,06:30,06:38,06:46,06:54,07:02,07:10,07:18,07:26,07:34,07:42,07:50,07:58,08:06,08:14,08:20,08:26,08:32,08:38,08:44,08:50,08:56,09:02,09:08,09:14,09:20,09:26,09:32,09:38,09:44,09:50,09:56,10:02,10:08,10:14,10:22,10:30,10:38,10:46,10:54,11:02,11:10,11:18,11:26,11:34,11:42,11:50,11:58,12:06,12:14,12:22,12:30,12:38,12:46,12:54,13:02,13:10,13:18,13:26,13:34,13:42,13:50,13:58,14:06,14:14,14:22,14:30,14:38,14:46,14:54,15:02,15:10,15:18,15:26,15:34,15:42,15:50,15:58,16:06,16:14,16:22,16:30,16:38,16:46,16:54,17:02,17:10,17:18,17:26,17:34,17:42,17:50,17:58,18:06,18:14,18:22,18:30,18:38,18:46,18:54,19:02,19:10,19:18,19:24,19:30,19:36,19:42,19:48,19:54,20:00,20:06,20:12,20:18,20:24,20:30,20:36,20:42,20:48,20:54,21:00,21:06,21:12,21:20,21:28,21:36,21:44,21:52,22:00,22:08,22:16,22:24,22:32,22:40,22:48,22:56,23:04,23:12,23:20
65,우암뉴서울아파트,06:08,06:16,06:24,06:32,06:40,06:48,06:56,07:04,07:12,07:20,07:28,07:36,07:44,07:52,08:00,08:08,08:16,08:22,08:28,08:34,08:40,08:46,08:52,08:58,09:04,09:10,09:16,09:22,09:28,09:34,09:40,09:46,09:52,09:58,10:04,10:10,10:16,10:24,10:32,10:40,10:48,10:56,11:04,11:12,11:20,11:28,11:36,11:44,11:52,12:00,12:08,12:16,12:24,12:32,12:40,12:48,12:56,13:04,13:12,13:20,13:28,13:36,13:44,13:52,14:00,14:08,14:16,14:24,14:32,14:40,14:48,14:56,15:04,15:12,15:20,15:28,15:36,15:44,15:52,16:00,16:08,16:16,16:24,16:32,16:40,16:48,16:56,17:04,17:12,17:20,17:28,17:36,17:44,17:52,18:00,18:08,18:16,18:24,18:32,18:40,18:48,18:56,19:04,19:12,19:20,19:26,19:32,19:38,19:44,19:50,19:56,20:02,20:08,20:14,20:20,20:26,20:32,20:38,20:44,20:50,20:56,21:02,21:08,21:14,21:22,21:30,21:38,21:46,21:54,22:02,22:10,22:18,22:26,22:34,22:42,22:50,22:58,23:06,23:14,23:22
66,우암자유아파트,05:27,05:35,05:43,05:51,05:59,06:07,06:15,06:23,06:31,06:39,06:47,06:55,07:03,07:11,07:19,07:27,07:35,07:41,07:47,07:53,07:59,08:05,08:11,08:17,08:23,08:29,08:35,08:41,08:47,08:53,08:59,09:05,09:11,09:17,09:23,09:29,09:35,09:43,09:51,09:59,10:07,10:15,10:23,10:31,10:39,10:47,10:55,11:03,11:11,11:19,11:27,11:35,11:43,11:51,11:59,12:07,12:15,12:23,12:31,12:39,12:47,12:55,13:03,13:11,13:19,13:27,13:35,13:43,13:51,13:59,14:07,14:15,14:23,14:31,14:39,14:47,14:55,15:03,15:11,15:19,15:27,15:35,15:43,15:51,15:59,16:07,16:15,16:23,16:31,16:39,16:47,16:55,17:03,17:11,17:19,17:27,17:35,17:43,17:51,17:59,18:07,18:15,18:23,18:31,18:39,18:45,18:51,18:57,19:03,19:09,19:15,19:21,19:27,19:33,19:39,19:45,19:51,19:57,20:03,20:09,20:15,20:21,20:27,20:33,20:41,20:49,20:57,21:05,21:13,21:21,21:29,21:37,21:45,21:53,22:01,22:09,22:17,22:25,22:33,22:41
67,동천초등학교,05:30,05:38,05:46,05:54,06:02,06:10,06:18,06:26,06:34,06:42,06:50,06:58,07:06,07:14,07:22,07:30,07:38,07:44,07:50,07:56,08:02,08:08,08:14,08:20,08:26,08:32,08:38,08:44,08:50,08:56,09:02,09:08,09:14,09:20,09:26,09:32,09:38,09:46,09:54,10:02,10:10,10:18,10:26,10:34,10:42,10:50,10:58,11:06,11:14,11:22,11:30,11:38,11:46,11:54,12:02,12:10,12:18,12:26,12:34,12:42,12:50,12:58,13:06,13:14,13:22,13:30,13:38,13:46,13:54,14:02,14:10,14:18,14:26,14:34,14:42,14:50,14:58,15:06,15:14,15:22,15:30,15:38,15:46,15:54,16:02,16:10,16:18,16:26,16:34,16:42,16:50,16:58,17:06,17:14,17:22,17:30,17:38,17:46,17:54,18:02,18:10,18:18,18:26,18:34,18:42,18:48,18:54,19:00,19:06,19:12,19:18,19:24,19:30,19:36,19:42,19:48,19:54,20:00,20:06,20:12,20:18,20:24,20:30,20:36,20:44,20:52,21:00,21:08,21:16,21:24,21:32,21:40,21:48,21:56,22:04,22:12,22:20,22:28,22:36,22:44
68,남광시장,05:31,05:39,05:47,05:55,06:03,06:11,06:19,06:27,06:35,06:43,06:51,06:59,07:07,07:15,07:23,07:31,07:39,07:45,07:51,07:57,08:03,08:09,08:15,08:21,08:27,08:33,08:39,08:45,08:51,08:57,09:03,09:09,09:15,09:21,09:27,09:33,09:39,09:47,09:55,10:03,10:11,10:19,10:27,10:35,10:43,10:51,10:59,11:07,11:15,11:23,11:31,11:39,11:47,11:55,12:03,12:11,12:19,12:27,12:35,12:43,12:51,12:59,13:07,13:15,13:23,13:31,13:39,13:47,13:55,14:03,14:11,14:19,14:27,14:35,14:43,14:51,14:59,15:07,15:15,15:23,15:31,15:39,15:47,15:55,16:03,16:11,16:19,16:27,16:35,16:43,16:51,16:59,17:07,17:15,17:23,17:31,17:39,17:47,17:55,18:03,18:11,18:19,18:27,18:35,18:43,18:49,18:55,19:01,19:07,19:13,19:19,19:25,19:31,19:37,19:43,19:49,19:55,20:01,20:07,20:13,20:19,20:25,20:31,20:37,20:45,20:53,21:01,21:09,21:17,21:25,21:33,21:41,21:49,21:57,22:05,22:13,22:21,22:29,22:37,22:45
69,대연파크푸르지오,05:32,05:40,05:48,05:56,06:04,06:12,06:20,06:28,06:36,06:44,06:52,07:00,07:08,07:16,07:24,07:32,07:40,07:46,07:52,07:58,08:04,08:10,08:16,08:22,08:28,08:34,08:40,08:46,08:52,08:58,09:04,09:10,09:16,09:22,09:28,09:34,09:40,09:48,09:56,10:04,10:12,10:20,10:28,10:36,10:44,10:52,11:00,11:08,11:16,11:24,11:32,11:40,11:48,11:56,12:04,12:12,12:20,12:28,12:36,12:44,12:52,13:00,13:08,13:16,13:24,13:32,13:40,13:48,13:56,14:04,14:12,14:20,14:28,14:36,14:44,14:52,15:00,15:08,15:16,15:24,15:32,15:40,15:48,15:56,16:04,16:12,16:20,16:28,16:36,16:44,16:52,17:00,17:08,17:16,17:24,17:32,17:40,17:48,17:56,18:04,18:12,18:20,18:28,18:36,18:44,18:50,18:56,19:02,19:08,19:14,19:20,19:26,19:32,19:38,19:44,19:50,19:56,20:02,20:08,20:14,20:20,20:26,20:32,20:38,20:46,20:54,21:02,21:10,21:18,21:26,21:34,21:42,21:50,21:58,22:06,22:14,22:22,22:30,22:38,22:46
70,석포초등학교,05:33,05:41,05:49,05:57,06:05,06:13,06:21,06:29,06:37,06:45,06:53,07:01,07:09,07:17,07:25,07:33,07:41,07:47,07:53,07:59,08:05,08:11,08:17,08:23,08:29,08:35,08:41,08:47,08:53,08:59,09:05,09:11,09:17,09:23,09:29,09:35,09:41,09:49,09:57,10:05,10:13,10:21,10:29,10:37,10:45,10:53,11:01,11:09,11:17,11:25,11:33,11:41,11:49,11:57,12:05,12:13,12:21,12:29,12:37,12:45,12:53,13:01,13:09,13:17,13:25,13:33,13:41,13:49,13:57,14:05,14:13,14:21,14:29,14:37,14:45,14:53,15:01,15:09,15:17,15:25,15:33,15:41,15:49,15:57,16:05,16:13,16:21,16:29,16:37,16:45,16:53,17:01,17:09,17:17,17:25,17:33,17:41,17:49,17:57,18:05,18:13,18:21,18:29,18:37,18:45,18:51,18:57,19:03,19:09,19:15,19:21,19:27,19:33,19:39,19:45,19:51,19:57,20:03,20:09,20:15,20:21,20:27,20:33,20:39,20:47,20:55,21:03,21:11,21:19,21:27,21:35,21:43,21:51,21:59,22:07,22:15,22:23,22:31,22:39,22:47
71,시립박물관,05:34,05:42,05:50,05:58,06:06,06:14,06:22,06:30,06:38,06:46,06:54,07:02,07:10,07:18,07:26,07:34,07:42,07:48,07:54,08:00,08:06,08:12,08:18,08:24,08:30,08:36,08:42,08:48,08:54,09:00,09:06,09:12,09:18,09:24,09:30,09:36,09:42,09:50,09:58,10:06,10:14,10:22,10:30,10:38,10:46,10:54,11:02,11:10,11:18,11:26,11:34,11:42,11:50,11:58,12:06,12:14,12:22,12:30,12:38,12:46,12:54,13:02,13:10,13:18,13:26,13:34,13:42,13:50,13:58,14:06,14:14,14:22,14:30,14:38,14:46,14:54,15:02,15:10,15:18,15:26,15:34,15:42,15:50,15:58,16:06,16:14,16:22,16:30,16:38,16:46,16:54,17:02,17:10,17:18,17:26,17:34,17:42,17:50,17:58,18:06,18:14,18:22,18:30,18:38,18:46,18:52,18:58,19:04,19:10,19:16,19:22,19:28,19:34,19:40,19:46,19:52,19:58,20:04,20:10,20:16,20:22,20:28,20:34,20:40,20:48,20:56,21:04,21:12,21:20,21:28,21:36,21:44,21:52,22:00,22:08,22:16,22:24,22:32,22:40,22:48
72,대연역.부산은행,05:37,05:45,05:53,06:01,06:09,06:17,06:25,06:33,06:41,06:49,06:57,07:05,07:13,07:21,07:29,07:37,07:45,07:51,07:57,08:03,08:09,08:15,08:21,08:27,08:33,08:39,08:45,08:51,08:57,09:03,09:09,09:15,09:21,09:27,09:33,09:39,09:45,09:53,10:01,10:09,10:17,10:25,10:33,10:41,10:49,10:57,11:05,11:13,11:21,11:29,11:37,11:45,11:53,12:01,12:09,12:17,12:25,12:33,12:41,12:49,12:57,13:05,13:13,13:21,13:29,13:37,13:45,13:53,14:01,14:09,14:17,14:25,14:33,14:41,14:49,14:57,15:05,15:13,15:21,15:29,15:37,15:45,15:53,16:01,16:09,16:17,16:25,16:33,16:41,16:49,16:57,17:05,17:13,17:21,17:29,17:37,17:45,17:53,18:01,18:09,18:17,18:25,18:33,18:41,18:49,18:55,19:01,19:07,19:13,19:19,19:25,19:31,19:37,19:43,19:49,19:55,20:01,20:07,20:13,20:19,20:25,20:31,20:37,20:43,20:51,20:59,21:07,21:15,21:23,21:31,21:39,21:47,21:55,22:03,22:11,22:19,22:27,22:35,22:43,22:51
73,대연역,05:38,05:46,05:54,06:02,06:10,06:18,06:26,06:34,06:42,06:50,06:58,07:06,07:14,07:22,07:30,07:38,07:46,07:52,07:58,08:04,08:10,08:16,08:22,08:28,08:34,08:40,08:46,08:52,08:58,09:04,09:10,09:16,09:22,09:28,09:34,09:40,09:46,09:54,10:02,10:10,10:18,10:26,10:34,10:42,10:50,10:58,11:06,11:14,11:22,11:30,11:38,11:46,11:54,12:02,12:10,12:18,12:26,12:34,12:42,12:50,12:58,13:06,13:14,13:22,13:30,13:38,13:46,13:54,14:02,14:10,14:18,14:26,14:34,14:42,14:50,14:58,15:06,15:14,15:22,15:30,15:38,15:46,15:54,16:02,16:10,16:18,16:26,16:34,16:42,16:50,16:58,17:06,17:14,17:22,17:30,17:38,17:46,17:54,18:02,18:10,18:18,18:26,18:34,18:42,18:50,18:56,19:02,19:08,19:14,19:20,19:26,19:32,19:38,19:44,19:50,19:56,20:02,20:08,20:14,20:20,20:26,20:32,20:38,20:44,20:52,21:00,21:08,21:16,21:24,21:32,21:40,21:48,21:56,22:04,22:12,22:20,22:28,22:36,22:44,22:52
74,경성대학교,05:39,05:47,05:55,06:03,06:11,06:19,06:27,06:35,06:43,06:51,06:59,07:07,07:15,07:23,07:31,07:39,07:47,07:53,07:59,08:05,08:11,08:17,08:23,08:29,08:35,08:41,08:47,08:53,08:59,09:05,09:11,09:17,09:23,09:29,09:35,09:41,09:47,09:55,10:03,10:11,10:19,10:27,10:35,10:43,10:51,10:59,11:07,11:15,11:23,11:31,11:39,11:47,11:55,12:03,12:11,12:19,12:27,12:35,12:43,12:51,12:59,13:07,13:15,13:23,13:31,13:39,13:47,13:55,14:03,14:11,14:19,14:27,14:35,14:43,14:51,14:59,15:07,15:15,15:23,15:31,15:39,15:47,15:55,16:03,16:11,16:19,16:27,16:35,16:43,16:51,16:59,17:07,17:15,17:23,17:31,17:39,17:47,17:55,18:03,18:11,18:19,18:27,18:35,18:43,18:51,18:57,19:03,19:09,19:15,19:21,19:27,19:33,19:39,19:45,19:51,19:57,20:03,20:09,20:15,20:21,20:27,20:33,20:39,20:45,20:53,21:01,21:09,21:17,21:25,21:33,21:41,21:49,21:57,22:05,22:13,22:21,22:29,22:37,22:45,22:53
75,경성대.부경대역,05:41,05:49,05:57,06:05,06:13,06:21,06:29,06:37,06:45,06:53,07:01,07:09,07:17,07:25,07:33,07:41,07:49,07:55,08:01,08:07,08:13,08:19,08:25,08:31,08:37,08:43,08:49,08:55,09:01,09:07,09:13,09:19,09:25,09:31,09:37,09:43,09:49,09:57,10:05,10:13,10:21,10:29,10:37,10:45,10:53,11:01,11:09,11:17,11:25,11:33,11:41,11:49,11:57,12:05,12:13,12:21,12:29,12:37,12:45,12:53,13:01,13:09,13:17,13:25,13:33,13:41,13:49,13:57,14:05,14:13,14:21,14:29,14:37,14:45,14:53,15:01,15:09,15:17,15:25,15:33,15:41,15:49,15:57,16:05,16:13,16:21,16:29,16:37,16:45,16:53,17:01,17:09,17:17,17:25,17:33,17:41,17:49,17:57,18:05,18:13,18:21,18:29,18:37,18:45,18:53,18:59,19:05,19:11,19:17,19:23,19:29,19:35,19:41,19:47,19:53,19:59,20:05,20:11,20:17,20:23,20:29,20:35,20:41,20:47,20:55,21:03,21:11,21:19,21:27,21:35,21:43,21:51,21:59,22:07,22:15,22:23,22:31,22:39,22:47,22:55
76,남천역,05:42,05:50,05:58,06:06,06:14,06:22,06:30,06:38,06:46,06:54,07:02,07:10,07:18,07:26,07:34,07:42,07:50,07:56,08:02,08:08,08:14,08:20,08:26,08:32,08:38,08:44,08:50,08:56,09:02,09:08,09:14,09:20,09:26,09:32,09:38,09:44,09:50,09:58,10:06,10:14,10:22,10:30,10:38,10:46,10:54,11:02,11:10,11:18,11:26,11:34,11:42,11:50,11:58,12:06,12:14,12:22,12:30,12:38,12:46,12:54,13:02,13:10,13:18,13:26,13:34,13:42,13:50,13:58,14:06,14:14,14:22,14:30,14:38,14:46,14:54,15:02,15:10,15:18,15:26,15:34,15:42,15:50,15:58,16:06,16:14,16:22,16:30,16:38,16:46,16:54,17:02,17:10,17:18,17:26,17:34,17:42,17:50,17:58,18:06,18:14,18:22,18:30,18:38,18:46,18:54,19:00,19:06,19:12,19:18,19:24,19:30,19:36,19:42,19:48,19:54,20:00,20:06,20:12,20:18,20:24,20:30,20:36,20:42,20:48,20:56,21:04,21:12,21:20,21:28,21:36,21:44,21:52,22:00,22:08,22:16,22:24,22:32,22:40,22:48,22:56
77,금련산청소년수련원,05:44,05:52,06:00,06:08,06:16,06:24,06:32,06:40,06:48,06:56,07:04,07:12,07:20,07:28,07:36,07:44,07:52,07:58,08:04,08:10,08:16,08:22,08:28,08:34,08:40,08:46,08:52,08:58,09:04,09:10,09:16,09:22,09:28,09:34,09:40,09:46,09:52,10:00,10:08,10:16,10:24,10:32,10:40,10:48,10:56,11:04,11:12,11:20,11:28,11:36,11:44,11:52,12:00,12:08,12:16,12:24,12:32,12:40,12:48,12:56,13:04,13:12,13:20,13:28,13:36,13:44,13:52,14:00,14:08,14:16,14:24,14:32,14:40,14:48,14:56,15:04,15:12,15:20,15:28,15:36,15:44,15:52,16:00,16:08,16:16,16:24,16:32,16:40,16:48,16:56,17:04,17:12,17:20,17:28,17:36,17:44,17:52,18:00,18:08,18:16,18:24,18:32,18:40,18:48,18:56,19:02,19:08,19:14,19:20,19:26,19:32,19:38,19:44,19:50,19:56,20:02,20:08,20:14,20:20,20:26,20:32,20:38,20:44,20:50,20:58,21:06,21:14,21:22,21:30,21:38,21:46,21:54,22:02,22:10,22:18,22:26,22:34,22:42,22:50,22:58
78,금련산역,05:46,05:54,06:02,06:10,06:18,06:26,06:34,06:42,06:50,06:58,07:06,07:14,07:22,07:30,07:38,07:46,07:54,08:00,08:06,08:12,08:18,08:24,08:30,08:36,08:42,08:48,08:54,09:00,09:06,09:12,09:18,09:24,09:30,09:36,09:42,09:48,09:54,10:02,10:10,10:18,10:26,10:34,10:42,10:50,10:58,11:06,11:14,11:22,11:30,11:38,11:46,11:54,12:02,12:10,12:18,12:26,12:34,12:42,12:50,12:58,13:06,13:14,13:22,13:30,13:38,13:46,13:54,14:02,14:10,14:18,14:26,14:34,14:42,14:50,14:58,15:06,15:14,15:22,15:30,15:38,15:46,15:54,16:02,16:10,16:18,16:26,16:34,16:42,16:50,16:58,17:06,17:14,17:22,17:30,17:38,17:46,17:54,18:02,18:10,18:18,18:26,18:34,18:42,18:50,18:58,19:04,19:10,19:16,19:22,19:28,19:34,19:40,19:46,19:52,19:58,20:04,20:10,20:16,20:22,20:28,20:34,20:40,20:46,20:52,21:00,21:08,21:16,21:24,21:32,21:40,21:48,21:56,22:04,22:12,22:20,22:28,22:36,22:44,22:52,23:00
79,수영중학교,05:47,05:55,06:03,06:11,06:19,06:27,06:35,06:43,06:51,06:59,07:07,07:15,07:23,07:31,07:39,07:47,07:55,08:01,08:07,08:13,08:19,08:25,08:31,08:37,08:43,08:49,08:55,09:01,09:07,09:13,09:19,09:25,09:31,09:37,09:43,09:49,09:55,10:03,10:11,10:19,10:27,10:35,10:43,10:51,10:59,11:07,11:15,11:23,11:31,11:39,11:47,11:55,12:03,12:11,12:19,12:27,12:35,12:43,12:51,12:59,13:07,13:15,13:23,13:31,13:39,13:47,13:55,14:03,14:11,14:19,14:27,14:35,14:43,14:51,14:59,15:07,15:15,15:23,15:31,15:39,15:47,15:55,16:03,16:11,16:19,16:27,16:35,16:43,16:51,16:59,17:07,17:15,17:23,17:31,17:39,17:47,17:55,18:03,18:11,18:19,18:27,18:35,18:43,18:51,18:59,19:05,19:11,19:17,19:23,19:29,19:35,19:41,19:47,19:53,19:59,20:05,20:11,20:17,20:23,20:29,20:35,20:41,20:47,20:53,21:01,21:09,21:17,21:25,21:33,21:41,21:49,21:57,22:05,22:13,22:21,22:29,22:37,22:45,22:53,23:01
80,광안역,05:49,05:57,06:05,06:13,06:21,06:29,06:37,06:45,06:53,07:01,07:09,07:17,07:25,07:33,07:41,07:49,07:57,08:03,08:09,08:15,08:21,08:27,08:33,08:39,08:45,08:51,08:57,09:03,09:09,09:15,09:21,09:27,09:33,09:39,09:45,09:51,09:57,10:05,10:13,10:21,10:29,10:37,10:45,10:53,11:01,11:09,11:17,11:25,11:33,11:41,11:49,11:57,12:05,12:13,12:21,12:29,12:37,12:45,12:53,13:01,13:09,13:17,13:25,13:33,13:41,13:49,13:57,14:05,14:13,14:21,14:29,14:37,14:45,14:53,15:01,15:09,15:17,15:25,15:33,15:41,15:49,15:57,16:05,16:13,16:21,16:29,16:37,16:45,16:53,17:01,17:09,17:17,17:25,17:33,17:41,17:49,17:57,18:05,18:13,18:21,18:29,18:37,18:45,18:53,19:01,19:07,19:13,19:19,19:25,19:31,19:37,19:43,19:49,19:55,20:01,20:07,20:13,20:19,20:25,20:31,20:37,20:43,20:49,20:55,21:03,21:11,21:19,21:27,21:35,21:43,21:51,21:59,22:07,22:15,22:23,22:31,22:39,22:47,22:55,23:03
81,수영역,05:50,05:58,06:06,06:14,06:22,06:30,06:38,06:46,06:54,07:02,07:10,07:18,07:26,07:34,07:42,07:50,07:58,08:04,08:10,08:16,08:22,08:28,08:34,08:40,08:46,08:52,08:58,09:04,09:10,09:16,09:22,09:28,09:34,09:40,09:46,09:52,09:58,10:06,10:14,10:22,10:30,10:38,10:46,10:54,11:02,11:10,11:18,11:26,11:34,11:42,11:50,11:58,12:06,12:14,12:22,12:30,12:38,12:46,12:54,13:02,13:10,13:18,13:26,13:34,13:42,13:50,13:58,14:06,14:14,14:22,14:30,14:38,14:46,14:54,15:02,15:10,15:18,15:26,15:34,15:42,15:50,15:58,16:06,16:14,16:22,16:30,16:38,16:46,16:54,17:02,17:10,17:18,17:26,17:34,17:42,17:50,17:58,18:06,18:14,18:22,18:30,18:38,18:46,18:54,19:02,19:08,19:14,19:20,19:26,19:32,19:38,19:44,19:50,19:56,20:02,20:08,20:14,20:20,20:26,20:32,20:38,20:44,20:50,20:56,21:04,21:12,21:20,21:28,21:36,21:44,21:52,22:00,22:08,22:16,22:24,22:32,22:40,22:48,22:56,23:04
82,수영사적공원,05:51,05:59,06:07,06:15,06:23,06:31,06:39,06:47,06:55,07:03,07:11,07:19,07:27,07:35,07:43,07:51,07:59,08:05,08:11,08:17,08:23,08:29,08:35,08:41,08:47,08:53,08:59,09:05,09:11,09:17,09:23,09:29,09:35,09:41,09:47,09:53,09:59,10:07,10:15,10:23,10:31,10:39,10:47,10:55,11:03,11:11,11:19,11:27,11:35,11:43,11:51,11:59,12:07,12:15,12:23,12:31,12:39,12:47,12:55,13:03,13:11,13:19,13:27,13:35,13:43,13:51,13:59,14:07,14:15,14:23,14:31,14:39,14:47,14:55,15:03,15:11,15:19,15:27,15:35,15:43,15:51,15:59,16:07,16:15,16:23,16:31,16:39,16:47,16:55,17:03,17:11,17:19,17:27,17:35,17:43,17:51,17:59,18:07,18:15,18:23,18:31,18:39,18:47,18:55,19:03,19:09,19:15,19:21,19:27,19:33,19:39,19:45,19:51,19:57,20:03,20:09,20:15,20:21,20:27,20:33,20:39,20:45,20:51,20:57,21:05,21:13,21:21,21:29,21:37,21:45,21:53,22:01,22:09,22:17,22:25,22:33,22:41,22:49,22:57,23:05
83,수영아파트,05:52,06:00,06:08,06:16,06:24,06:32,06:40,06:48,06:56,07:04,07:12,07:20,07:28,07:36,07:44,07:52,08:00,08:06,08:12,08:18,08:24,08:30,08:36,08:42,08:48,08:54,09:00,09:06,09:12,09:18,09:24,09:30,09:36,09:42,09:48,09:54,10:00,10:08,10:16,10:24,10:32,10:40,10:48,10:56,11:04,11:12,11:20,11:28,11:36,11:44,11:52,12:00,12:08,12:16,12:24,12:32,12:40,12:48,12:56,13:04,13:12,13:20,13:28,13:36,13:44,13:52,14:00,14:08,14:16,14:24,14:32,14:40,14:48,14:56,15:04,15:12,15:20,15:28,15:36,15:44,15:52,16:00,16:08,16:16,16:24,16:32,16:40,16:48,16:56,17:04,17:12,17:20,17:28,17:36,17:44,17:52,18:00,18:08,18:16,18:24,18:32,18:40,18:48,18:56,19:04,19:10,19:16,19:22,19:28,19:34,19:40,19:46,19:52,19:58,20:04,20:10,20:16,20:22,20:28,20:34,20:40,20:46,20:52,20:58,21:06,21:14,21:22,21:30,21:38,21:46,21:54,22:02,22:10,22:18,22:26,22:34,22:42,22:50,22:58,23:06
84,망미역,05:53,06:01,06:09,06:17,06:25,06:33,06:41,06:49,06:57,07:05,07:13,07:21,07:29,07:37,07:45,07:53,08:01,08:07,08:13,08:19,08:25,08:31,08:37,08:43,08:49,08:55,09:01,09:07,09:13,09:19,09:25,09:31,09:37,09:43,09:49,09:55,10:01,10:09,10:17,10:25,10:33,10:41,10:49,10:57,11:05,11:13,11:21,11:29,11:37,11:45,11:53,12:01,12:09,12:17,12:25,12:33,12:41,12:49,12:57,13:05,13:13,13:21,13:29,13:37,13:45,13:53,14:01,14:09,14:17,14:25,14:33,14:41,14:49,14:57,15:05,15:13,15:21,15:29,15:37,15:45,15:53,16:01,16:09,16:17,16:25,16:33,16:41,16:49,16:57,17:05,17:13,17:21,17:29,17:37,17:45,17:53,18:01,18:09,18:17,18:25,18:33,18:41,18:49,18:57,19:05,19:11,19:17,19:23,19:29,19:35,19:41,19:47,19:53,19:59,20:05,20:11,20:17,20:23,20:29,20:35,20:41,20:47,20:53,20:59,21:07,21:15,21:23,21:31,21:39,21:47,21:55,22:03,22:11,22:19,22:27,22:35,22:43,22:51,22:59,23:07
85,부산울산지방병무청,05:54,06:02,06:10,06:18,06:26,06:34,06:42,06:50,06:58,07:06,07:14,07:22,07:30,07:38,07:46,07:54,08:02,08:08,08:14,08:20,08:26,08:32,08:38,08:44,08:50,08:56,09:02,09:08,09:14,09:20,09:26,09:32,09:38,09:44,09:50,09:56,10:02,10:10,10:18,10:26,10:34,10:42,10:50,10:58,11:06,11:14,11:22,11:30,11:38,11:46,11:54,12:02,12:10,12:18,12:26,12:34,12:42,12:50,12:58,13:06,13:14,13:22,13:30,13:38,13:46,13:54,14:02,14:10,14:18,14:26,14:34,14:42,14:50,14:58,15:06,15:14,15:22,15:30,15:38,15:46,15:54,16:02,16:10,16:18,16:26,16:34,16:42,16:50,16:58,17:06,17:14,17:22,17:30,17:38,17:46,17:54,18:02,18:10,18:18,18:26,18:34,18:42,18:50,18:58,19:06,19:12,19:18,19:24,19:30,19:36,19:42,19:48,19:54,20:00,20:06,20:12,20:18,20:24,20:30,20:36,20:42,20:48,20:54,21:00,21:08,21:16,21:24,21:32,21:40,21:48,21:56,22:04,22:12,22:20,22:28,22:36,22:44,22:52,23:00,23:08
86,망미1파출소,05:55,06:03,06:11,06:19,06:27,06:35,06:43,06:51,06:59,07:07,07:15,07:23,07:31,07:39,07:47,07:55,08:03,08:09,08:15,08:21,08:27,08:33,08:39,08:45,08:51,08:57,09:03,09:09,09:15,09:21,09:27,09:33,09:39,09:45,09:51,09:57,10:03,10:11,10:19,10:27,10:35,10:43,10:51,10:59,11:07,11:15,11:23,11:31,11:39,11:47,11:55,12:03,12:11,12:19,12:27,12:35,12:43,12:51,12:59,13:07,13:15,13:23,13:31,13:39,13:47,13:55,14:03,14:11,14:19,14:27,14:35,14:43,14:51,14:59,15:07,15:15,15:23,15:31,15:39,15:47,15:55,16:03,16:11,16:19,16:27,16:35,16:43,16:51,16:59,17:07,17:15,17:23,17:31,17:39,17:47,17:55,18:03,18:11,18:19,18:27,18:35,18:43,18:51,18:59,19:07,19:13,19:19,19:25,19:31,19:37,19:43,19:49,19:55,20:01,20:07,20:13,20:19,20:25,20:31,20:37,20:43,20:49,20:55,21:01,21:09,21:17,21:25,21:33,21:41,21:49,21:57,22:05,22:13,22:21,22:29,22:37,22:45,22:53,23:01,23:09
87,배산역,05:57,06:05,06:13,06:21,06:29,06:37,06:45,06:53,07:01,07:09,07:17,07:25,07:33,07:41,07:49,07:57,08:05,08:11,08:17,08:23,08:29,08:35,08:41,08:47,08:53,08:59,09:05,09:11,09:17,09:23,09:29,09:35,09:41,09:47,09:53,09:59,10:05,10:13,10:21,10:29,10:37,10:45,10:53,11:01,11:09,11:17,11:25,11:33,11:41,11:49,11:57,12:05,12:13,12:21,12:29,12:37,12:45,12:53,13:01,13:09,13:17,13:25,13:33,13:41,13:49,13:57,14:05,14:13,14:21,14:29,14:37,14:45,14:53,15:01,15:09,15:17,15:25,15:33,15:41,15:49,15:57,16:05,16:13,16:21,16:29,16:37,16:45,16:53,17:01,17:09,17:17,17:25,17:33,17:41,17:49,17:57,18:05,18:13,18:21,18:29,18:37,18:45,18:53,19:01,19:09,19:15,19:21,19:27,19:33,19:39,19:45,19:51,19:57,20:03,20:09,20:15,20:21,20:27,20:33,20:39,20:45,20:51,20:57,21:03,21:11,21:19,21:27,21:35,21:43,21:51,21:59,22:07,22:15,22:23,22:31,22:39,22:47,22:55,23:03,23:11
88,한독아파트,05:58,06:06,06:14,06:22,06:30,06:38,06:46,06:54,07:02,07:10,07:18,07:26,07:34,07:42,07:50,07:58,08:06,08:12,08:18,08:24,08:30,08:36,08:42,08:48,08:54,09:00,09:06,09:12,09:18,09:24,09:30,09:36,09:42,09:48,09:54,10:00,10:06,10:14,10:22,10:30,10:38,10:46,10:54,11:02,11:10,11:18,11:26,11:34,11:42,11:50,11:58,12:06,12:14,12:22,12:30,12:38,12:46,12:54,13:02,13:10,13:18,13:26,13:34,13:42,13:50,13:58,14:06,14:14,14:22,14:30,14:38,14:46,14:54,15:02,15:10,15:18,15:26,15:34,15:42,15:50,15:58,16:06,16:14,16:22,16:30,16:38,16:46,16:54,17:02,17:10,17:18,17:26,17:34,17:42,17:50,17:58,18:06,18:14,18:22,18:30,18:38,18:46,18:54,19:02,19:10,19:16,19:22,19:28,19:34,19:40,19:46,19:52,19:58,20:04,20:10,20:16,20:22,20:28,20:34,20:40,20:46,20:52,20:58,21:04,21:12,21:20,21:28,21:36,21:44,21:52,22:00,22:08,22:16,22:24,22:32,22:40,22:48,22:56,23:04,23:12
89,신리삼거리,05:59,06:07,06:15,06:23,06:31,06:39,06:47,06:55,07:03,07:11,07:19,07:27,07:35,07:43,07:51,07:59,08:07,08:13,08:19,08:25,08:31,08:37,08:43,08:49,08:55,09:01,09:07,09:13,09:19,09:25,09:31,09:37,09:43,09:49,09:55,10:01,10:07,10:15,10:23,10:31,10:39,10:47,10:55,11:03,11:11,11:19,11:27,11:35,11:43,11:51,11:59,12:07,12:15,12:23,12:31,12:39,12:47,12:55,13:03,13:11,13:19,13:27,13:35,13:43,13:51,13:59,14:07,14:15,14:23,14:31,14:39,14:47,14:55,15:03,15:11,15:19,15:27,15:35,15:43,15:51,15:59,16:07,16:15,16:23,16:31,16:39,16:47,16:55,17:03,17:11,17:19,17:27,17:35,17:43,17:51,17:59,18:07,18:15,18:23,18:31,18:39,18:47,18:55,19:03,19:11,19:17,19:23,19:29,19:35,19:41,19:47,19:53,19:59,20:05,20:11,20:17,20:23,20:29,20:35,20:41,20:47,20:53,20:59,21:05,21:13,21:21,21:29,21:37,21:45,21:53,22:01,22:09,22:17,22:25,22:33,22:41,22:49,22:57,23:05,23:13
90,연산시장.물만골역,05:59,06:07,06:15,06:23,06:31,06:39,06:47,06:55,07:03,07:11,07:19,07:27,07:35,07:43,07:51,07:59,08:07,08:13,08:19,08:25,08:31,08:37,08:43,08:49,08:55,09:01,09:07,09:13,09:19,09:25,09:31,09:37,09:43,09:49,09:55,10:01,10:07,10:15,10:23,10:31,10:39,10:47,10:55,11:03,11:11,11:19,11:27,11:35,11:43,11:51,11:59,12:07,12:15,12:23,12:31,12:39,12:47,12:55,13:03,13:11,13:19,13:27,13:35,13:43,13:51,13:59,14:07,14:15,14:23,14:31,14:39,14:47,14:55,15:03,15:11,15:19,15:27,15:35,15:43,15:51,15:59,16:07,16:15,16:23,16:31,16:39,16:47,16:55,17:03,17:11,17:19,17:27,17:35,17:43,17:51,17:59,18:07,18:15,18:23,18:31,18:39,18:47,18:55,19:03,19:11,19:17,19:23,19:29,19:35,19:41,19:47,19:53,19:59,20:05,20:11,20:17,20:23,20:29,20:35,20:41,20:47,20:53,20:59,21:05,21:13,21:21,21:29,21:37,21:45,21:53,22:01,22:09,22:17,22:25,22:33,22:41,22:49,22:57,23:05,23:13
91,연산초등학교,06:01,06:09,06:17,06:25,06:33,06:41,06:49,06:57,07:05,07:13,07:21,07:29,07:37,07:45,07:53,08:01,08:09,08:15,08:21,08:27,08:33,08:39,08:45,08:51,08:57,09:03,09:09,09:15,09:21,09:27,09:33,09:39,09:45,09:51,09:57,10:03,10:09,10:17,10:25,10:33,10:41,10:49,10:57,11:05,11:13,11:21,11:29,11:37,11:45,11:53,12:01,12:09,12:17,12:25,12:33,12:41,12:49,12:57,13:05,13:13,13:21,13:29,13:37,13:45,13:53,14:01,14:09,14:17,14:25,14:33,14:41,14:49,14:57,15:05,15:13,15:21,15:29,15:37,15:45,15:53,16:01,16:09,16:17,16:25,16:33,16:41,16:49,16:57,17:05,17:13,17:21,17:29,17:37,17:45,17:53,18:01,18:09,18:17,18:25,18:33,18:41,18:49,18:57,19:05,19:13,19:19,19:25,19:31,19:37,19:43,19:49,19:55,20:01,20:07,20:13,20:19,20:25,20:31,20:37,20:43,20:49,20:55,21:01,21:07,21:15,21:23,21:31,21:39,21:47,21:55,22:03,22:11,22:19,22:27,22:35,22:43,22:51,22:59,23:07,23:15
92,반도보라아파트,06:02,06:10,06:18,06:26,06:34,06:42,06:50,06:58,07:06,07:14,07:22,07:30,07:38,07:46,07:54,08:02,08:10,08:16,08:22,08:28,08:34,08:40,08:46,08:52,08:58,09:04,09:10,09:16,09:22,09:28,09:34,09:40,09:46,09:52,09:58,10:04,10:10,10:18,10:26,10:34,10:42,10:50,10:58,11:06,11:14,11:22,11:30,11:38,11:46,11:54,12:02,12:10,12:18,12:26,12:34,12:42,12:50,12:58,13:06,13:14,13:22,13:30,13:38,13:46,13:54,14:02,14:10,14:18,14:26,14:34,14:42,14:50,14:58,15:06,15:14,15:22,15:30,15:38,15:46,15:54,16:02,16:10,16:18,16:26,16:34,16:42,16:50,16:58,17:06,17:14,17:22,17:30,17:38,17:46,17:54,18:02,18:10,18:18,18:26,18:34,18:42,18:50,18:58,19:06,19:14,19:20,19:26,19:32,19:38,19:44,19:50,19:56,20:02,20:08,20:14,20:20,20:26,20:32,20:38,20:44,20:50,20:56,21:02,21:08,21:16,21:24,21:32,21:40,21:48,21:56,22:04,22:12,22:20,22:28,22:36,22:44,22:52,23:00,23:08,23:16
93,연산역.연산교차로,06:04,06:12,06:20,06:28,06:36,06:44,06:52,07:00,07:08,07:16,07:24,07:32,07:40,07:48,07:56,08:04,08:12,08:18,08:24,08:30,08:36,08:42,08:48,08:54,09:00,09:06,09:12,09:18,09:24,09:30,09:36,09:42,09:48,09:54,10:00,10:06,10:12,10:20,10:28,10:36,10:44,10:52,11:00,11:08,11:16,11:24,11:32,11:40,11:48,11:56,12:04,12:12,12:20,12:28,12:36,12:44,12:52,13:00,13:08,13:16,13:24,13:32,13:40,13:48,13:56,14:04,14:12,14:20,14:28,14:36,14:44,14:52,15:00,15:08,15:16,15:24,15:32,15:40,15:48,15:56,16:04,16:12,16:20,16:28,16:36,16:44,16:52,17:00,17:08,17:16,17:24,17:32,17:40,17:48,17:56,18:04,18:12,18:20,18:28,18:36,18:44,18:52,19:00,19:08,19:16,19:22,19:28,19:34,19:40,19:46,19:52,19:58,20:04,20:10,20:16,20:22,20:28,20:34,20:40,20:46,20:52,20:58,21:04,21:10,21:18,21:26,21:34,21:42,21:50,21:58,22:06,22:14,22:22,22:30,22:38,22:46,22:54,23:02,23:10,23:18
94,동해선교대역,06:06,06:14,06:22,06:30,06:38,06:46,06:54,07:02,07:10,07:18,07:26,07:34,07:42,07:50,07:58,08:06,08:14,08:20,08:26,08:32,08:38,08:44,08:50,08:56,09:02,09:08,09:14,09:20,09:26,09:32,09:38,09:44,09:50,09:56,10:02,10:08,10:14,10:22,10:30,10:38,10:46,10:54,11:02,11:10,11:18,11:26,11:34,11:42,11:50,11:58,12:06,12:14,12:22,12:30,12:38,12:46,12:54,13:02,13:10,13:18,13:26,13:34,13:42,13:50,13:58,14:06,14:14,14:22,14:30,14:38,14:46,14:54,15:02,15:10,15:18,15:26,15:34,15:42,15:50,15:58,16:06,16:14,16:22,16:30,16:38,16:46,16:54,17:02,17:10,17:18,17:26,17:34,17:42,17:50,17:58,18:06,18:14,18:22,18:30,18:38,18:46,18:54,19:02,19:10,19:18,19:24,19:30,19:36,19:42,19:48,19:54,20:00,20:06,20:12,20:18,20:24,20:30,20:36,20:42,20:48,20:54,21:00,21:06,21:12,21:20,21:28,21:36,21:44,21:52,22:00,22:08,22:16,22:24,22:32,22:40,22:48,22:56,23:04,23:12,23:20
95,교대역,06:07,06:15,06:23,06:31,06:39,06:47,06:55,07:03,07:11,07:19,07:27,07:35,07:43,07:51,07:59,08:07,08:15,08:21,08:27,08:33,08:39,08:45,08:51,08:57,09:03,09:09,09:15,09:21,09:27,09:33,09:39,09:45,09:51,09:57,10:03,10:09,10:15,10:23,10:31,10:39,10:47,10:55,11:03,11:11,11:19,11:27,11:35,11:43,11:51,11:59,12:07,12:15,12:23,12:31,12:39,12:47,12:55,13:03,13:11,13:19,13:27,13:35,13:43,13:51,13:59,14:07,14:15,14:23,14:31,14:39,14:47,14:55,15:03,15:11,15:19,15:27,15:35,15:43,15:51,15:59,16:07,16:15,16:23,16:31,16:39,16:47,16:55,17:03,17:11,17:19,17:27,17:35,17:43,17:51,17:59,18:07,18:15,18:23,18:31,18:39,18:47,18:55,19:03,19:11,19:19,19:25,19:31,19:37,19:43,19:49,19:55,20:01,20:07,20:13,20:19,20:25,20:31,20:37,20:43,20:49,20:55,21:01,21:07,21:13,21:21,21:29,21:37,21:45,21:53,22:01,22:09,22:17,22:25,22:33,22:41,22:49,22:57,23:05,23:13,23:21
96,세병교,06:08,06:16,06:24,06:32,06:40,06:48,06:56,07:04,07:12,07:20,07:28,07:36,07:44,07:52,08:00,08:08,08:16,08:22,08:28,08:34,08:40,08:46,08:52,08:58,09:04,09:10,09:16,09:22,09:28,09:34,09:40,09:46,09:52,09:58,10:04,10:10,10:16,10:24,10:32,10:40,10:48,10:56,11:04,11:12,11:20,11:28,11:36,11:44,11:52,12:00,12:08,12:16,12:24,12:32,12:40,12:48,12:56,13:04,13:12,13:20,13:28,13:36,13:44,13:52,14:00,14:08,14:16,14:24,14:32,14:40,14:48,14:56,15:04,15:12,15:20,15:28,15:36,15:44,15:52,16:00,16:08,16:16,16:24,16:32,16:40,16:48,16:56,17:04,17:12,17:20,17:28,17:36,17:44,17:52,18:00,18:08,18:16,18:24,18:32,18:40,18:48,18:56,19:04,19:12,19:20,19:26,19:32,19:38,19:44,19:50,19:56,20:02,20:08,20:14,20:20,20:26,20:32,20:38,20:44,20:50,20:56,21:02,21:08,21:14,21:22,21:30,21:38,21:46,21:54,22:02,22:10,22:18,22:26,22:34,22:42,22:50,22:58,23:06,23:14,23:22
97,동래경찰서.수안역,06:09,06:17,06:25,06:33,06:41,06:49,06:57,07:05,07:13,07:21,07:29,07:37,07:45,07:53,08:01,08:09,08:17,08:23,08:29,08:35,08:41,08:47,08:53,08:59,09:05,09:11,09:17,09:23,09:29,09:35,09:41,09:47,09:53,09:59,10:05,10:11,10:17,10:25,10:33,10:41,10:49,10:57,11:05,11:13,11:21,11:29,11:37,11:45,11:53,12:01,12:09,12:17,12:25,12:33,12:41,12:49,12:57,13:05,13:13,13:21,13:29,13:37,13:45,13:53,14:01,14:09,14:17,14:25,14:33,14:41,14:49,14:57,15:05,15:13,15:21,15:29,15:37,15:45,15:53,16:01,16:09,16:17,16:25,16:33,16:41,16:49,16:57,17:05,17:13,17:21,17:29,17:37,17:45,17:53,18:01,18:09,18:17,18:25,18:33,18:41,18:49,18:57,19:05,19:13,19:21,19:27,19:33,19:39,19:45,19:51,19:57,20:03,20:09,20:15,20:21,20:27,20:33,20:39,20:45,20:51,20:57,21:03,21:09,21:15,21:23,21:31,21:39,21:47,21:55,22:03,22:11,22:19,22:27,22:35,22:43,22:51,22:59,23:07,23:15,23:23
98,동래전화국,06:12,06:20,06:28,06:36,06:44,06:52,07:00,07:08,07:16,07:24,07:32,07:40,07:48,07:56,08:04,08:12,08:20,08:26,08:32,08:38,08:44,08:50,08:56,09:02,09:08,09:14,09:20,09:26,09:32,09:38,09:44,09:50,09:56,10:02,10:08,10:14,10:20,10:28,10:36,10:44,10:52,11:00,11:08,11:16,11:24,11:32,11:40,11:48,11:56,12:04,12:12,12:20,12:28,12:36,12:44,12:52,13:00,13:08,13:16,13:24,13:32,13:40,13:48,13:56,14:04,14:12,14:20,14:28,14:36,14:44,14:52,15:00,15:08,15:16,15:24,15:32,15:40,15:48,15:56,16:04,16:12,16:20,16:28,16:36,16:44,16:52,17:00,17:08,17:16,17:24,17:32,17:40,17:48,17:56,18:04,18:12,18:20,18:28,18:36,18:44,18:52,19:00,19:08,19:16,19:24,19:30,19:36,19:42,19:48,19:54,20:00,20:06,20:12,20:18,20:24,20:30,20:36,20:42,20:48,20:54,21:00,21:06,21:12,21:18,21:26,21:34,21:42,21:50,21:58,22:06,22:14,22:22,22:30,22:38,22:46,22:54,23:02,23:10,23:18,23:26
99,명륜교차로,06:13,06:21,06:29,06:37,06:45,06:53,07:01,07:09,07:17,07:25,07:33,07:41,07:49,07:57,08:05,08:13,08:21,08:27,08:33,08:39,08:45,08:51,08:57,09:03,09:09,09:15,09:21,09:27,09:33,09:39,09:45,09:51,09:57,10:03,10:09,10:15,10:21,10:29,10:37,10:45,10:53,11:01,11:09,11:17,11:25,11:33,11:41,11:49,11:57,12:05,12:13,12:21,12:29,12:37,12:45,12:53,13:01,13:09,13:17,13:25,13:33,13:41,13:49,13:57,14:05,14:13,14:21,14:29,14:37,14:45,14:53,15:01,15:09,15:17,15:25,15:33,15:41,15:49,15:57,16:05,16:13,16:21,16:29,16:37,16:45,16:53,17:01,17:09,17:17,17:25,17:33,17:41,17:49,17:57,18:05,18:13,18:21,18:29,18:37,18:45,18:53,19:01,19:09,19:17,19:25,19:31,19:37,19:43,19:49,19:55,20:01,20:07,20:13,20:19,20:25,20:31,20:37,20:43,20:49,20:55,21:01,21:07,21:13,21:19,21:27,21:35,21:43,21:51,21:59,22:07,22:15,22:23,22:31,22:39,22:47,22:55,23:03,23:11,23:19,23:27
100,명륜초등학교,06:15,06:23,06:31,06:39,06:47,06:55,07:03,07:11,07:19,07:27,07:35,07:43,07:51,07:59,08:07,08:15,08:23,08:29,08:35,08:41,08:47,08:53,08:59,09:05,09:11,09:17,09:23,09:29,09:35,09:41,09:47,09:53,09:59,10:05,10:11,10:17,10:23,10:31,10:39,10:47,10:55,11:03,11:11,11:19,11:27,11:35,11:43,11:51,11:59,12:07,12:15,12:23,12:31,12:39,12:47,12:55,13:03,13:11,13:19,13:27,13:35,13:43,13:51,13:59,14:07,14:15,14:23,14:31,14:39,14:47,14:55,15:03,15:11,15:19,15:27,15:35,15:43,15:51,15:59,16:07,16:15,16:23,16:31,16:39,16:47,16:55,17:03,17:11,17:19,17:27,17:35,17:43,17:51,17:59,18:07,18:15,18:23,18:31,18:39,18:47,18:55,19:03,19:11,19:19,19:27,19:33,19:39,19:45,19:51,19:57,20:03,20:09,20:15,20:21,20:27,20:33,20:39,20:45,20:51,20:57,21:03,21:09,21:15,21:21,21:29,21:37,21:45,21:53,22:01,22:09,22:17,22:25,22:33,22:41,22:49,22:57,23:05,23:13,23:21,23:29
101,동래구노인복지관,06:17,06:25,06:33,06:41,06:49,06:57,07:05,07:13,07:21,07:29,07:37,07:45,07:53,08:01,08:09,08:17,08:25,08:31,08:37,08:43,08:49,08:55,09:01,09:07,09:13,09:19,09:25,09:31,09:37,09:43,09:49,09:55,10:01,10:07,10:13,10:19,10:25,10:33,10:41,10:49,10:57,11:05,11:13,11:21,11:29,11:37,11:45,11:53,12:01,12:09,12:17,12:25,12:33,12:41,12:49,12:57,13:05,13:13,13:21,13:29,13:37,13:45,13:53,14:01,14:09,14:17,14:25,14:33,14:41,14:49,14:57,15:05,15:13,15:21,15:29,15:37,15:45,15:53,16:01,16:09,16:17,16:25,16:33,16:41,16:49,16:57,17:05,17:13,17:21,17:29,17:37,17:45,17:53,18:01,18:09,18:17,18:25,18:33,18:41,18:49,18:57,19:05,19:13,19:21,19:29,19:35,19:41,19:47,19:53,19:59,20:05,20:11,20:17,20:23,20:29,20:35,20:41,20:47,20:53,20:59,21:05,21:11,21:17,21:23,21:31,21:39,21:47,21:55,22:03,22:11,22:19,22:27,22:35,22:43,22:51,22:59,23:07,23:15,23:23,23:31
102,온천입구,06:19,06:27,06:35,06:43,06:51,06:59,07:07,07:15,07:23,07:31,07:39,07:47,07:55,08:03,08:11,08:19,08:27,08:33,08:39,08:45,08:51,08:57,09:03,09:09,09:15,09:21,09:27,09:33,09:39,09:45,09:51,09:57,10:03,10:09,10:15,10:21,10:27,10:35,10:43,10:51,10:59,11:07,11:15,11:23,11:31,11:39,11:47,11:55,12:03,12:11,12:19,12:27,12:35,12:43,12:51,12:59,13:07,13:15,13:23,13:31,13:39,13:47,13:55,14:03,14:11,14:19,14:27,14:35,14:43,14:51,14:59,15:07,15:15,15:23,15:31,15:39,15:47,15:55,16:03,16:11,16:19,16:27,16:35,16:43,16:51,16:59,17:07,17:15,17:23,17:31,17:39,17:47,17:55,18:03,18:11,18:19,18:27,18:35,18:43,18:51,18:59,19:07,19:15,19:23,19:31,19:37,19:43,19:49,19:55,20:01,20:07,20:13,20:19,20:25,20:31,20:37,20:43,20:49,20:55,21:01,21:07,21:13,21:19,21:25,21:33,21:41,21:49,21:57,22:05,22:13,22:21,22:29,22:37,22:45,22:53,23:01,23:09,23:17,23:25,23:33
103,온천장,06:21,06:29,06:37,06:45,06:53,07:01,07:09,07:17,07:25,07:33,07:41,07:49,07:57,08:05,08:13,08:21,08:29,08:35,08:41,08:47,08:53,08:59,09:05,09:11,09:17,09:23,09:29,09:35,09:41,09:47,09:53,09:59,10:05,10:11,10:17,10:23,10:29,10:37,10:45,10:53,11:01,11:09,11:17,11:25,11:33,11:41,11:49,11:57,12:05,12:13,12:21,12:29,12:37,12:45,12:53,13:01,13:09,13:17,13:25,13:33,13:41,13:49,13:57,14:05,14:13,14:21,14:29,14:37,14:45,14:53,15:01,15:09,15:17,15:25,15:33,15:41,15:49,15:57,16:05,16:13,16:21,16:29,16:37,16:45,16:53,17:01,17:09,17:17,17:25,17:33,17:41,17:49,17:57,18:05,18:13,18:21,18:29,18:37,18:45,18:53,19:01,19:09,19:17,19:25,19:33,19:39,19:45,19:51,19:57,20:03,20:09,20:15,20:21,20:27,20:33,20:39,20:45,20:51,20:57,21:03,21:09,21:15,21:21,21:27,21:35,21:43,21:51,21:59,22:07,22:15,22:23,22:31,22:39,22:47,22:55,23:03,23:11,23:19,23:27,23:35
104,온천장역.CGV동래,06:23,06:31,06:39,06:47,06:55,07:03,07:11,07:19,07:27,07:35,07:43,07:51,07:59,08:07,08:15,08:23,08:31,08:37,08:43,08:49,08:55,09:01,09:07,09:13,09:19,09:25,09:31,09:37,09:43,09:49,09:55,10:01,10:07,10:13,10:19,10:25,10:31,10:39,10:47,10:55,11:03,11:11,11:19,11:27,11:35,11:43,11:51,11:59,12:07,12:15,12:23,12:31,12:39,12:47,12:55,13:03,13:11,13:19,13:27,13:35,13:43,13:51,13:59,14:07,14:15,14:23,14:31,14:39,14:47,14:55,15:03,15:11,15:19,15:27,15:35,15:43,15:51,15:59,16:07,16:15,16:23,16:31,16:39,16:47,16:55,17:03,17:11,17:19,17:27,17:35,17:43,17:51,17:59,18:07,18:15,18:23,18:31,18:39,18:47,18:55,19:03,19:11,19:19,19:27,19:35,19:41,19:47,19:53,19:59,20:05,20:11,20:17,20:23,20:29,20:35,20:41,20:47,20:53,20:59,21:05,21:11,21:17,21:23,21:29,21:37,21:45,21:53,22:01,22:09,22:17,22:25,22:33,22:41,22:49,22:57,23:05,23:13,23:21,23:29,23:37
105,금정초등학교,06:25,06:33,06:41,06:49,06:57,07:05,07:13,07:21,07:29,07:37,07:45,07:53,08:01,08:09,08:17,08:25,08:33,08:39,08:45,08:51,08:57,09:03,09:09,09:15,09:21,09:27,09:33,09:39,09:45,09:51,09:57,10:03,10:09,10:15,10:21,10:27,10:33,10:41,10:49,10:57,11:05,11:13,11:21,11:29,11:37,11:45,11:53,12:01,12:09,12:17,12:25,12:33,12:41,12:49,12:57,13:05,13:13,13:21,13:29,13:37,13:45,13:53,14:01,14:09,14:17,14:25,14:33,14:41,14:49,14:57,15:05,15:13,15:21,15:29,15:37,15:45,15:53,16:01,16:09,16:17,16:25,16:33,16:41,16:49,16:57,17:05,17:13,17:21,17:29,17:37,17:45,17:53,18:01,18:09,18:17,18:25,18:33,18:41,18:49,18:57,19:05,19:13,19:21,19:29,19:37,19:43,19:49,19:55,20:01,20:07,20:13,20:19,20:25,20:31,20:37,20:43,20:49,20:55,21:01,21:07,21:13,21:19,21:25,21:31,21:39,21:47,21:55,22:03,22:11,22:19,22:27,22:35,22:43,22:51,22:59,23:07,23:15,23:23,23:31,23:39
106,부산대앞부산은행,06:26,06:34,06:42,06:50,06:58,07:06,07:14,07:22,07:30,07:38,07:46,07:54,08:02,08:10,08:18,08:26,08:34,08:40,08:46,08:52,08:58,09:04,09:10,09:16,09:22,09:28,09:34,09:40,09:46,09:52,09:58,10:04,10:10,10:16,10:22,10:28,10:34,10:42,10:50,10:58,11:06,11:14,11:22,11:30,11:38,11:46,11:54,12:02,12:10,12:18,12:26,12:34,12:42,12:50,12:58,13:06,13:14,13:22,13:30,13:38,13:46,13:54,14:02,14:10,14:18,14:26,14:34,14:42,14:50,14:58,15:06,15:14,15:22,15:30,15:38,15:46,15:54,16:02,16:10,16:18,16:26,16:34,16:42,16:50,16:58,17:06,17:14,17:22,17:30,17:38,17:46,17:54,18:02,18:10,18:18,18:26,18:34,18:42,18:50,18:58,19:06,19:14,19:22,19:30,19:38,19:44,19:50,19:56,20:02,20:08,20:14,20:20,20:26,20:32,20:38,20:44,20:50,20:56,21:02,21:08,21:14,21:20,21:26,21:32,21:40,21:48,21:56,22:04,22:12,22:20,22:28,22:36,22:44,22:52,23:00,23:08,23:16,23:24,23:32,23:40
107,부산대학교정문,06:27,06:35,06:43,06:51,06:59,07:07,07:15,07:23,07:31,07:39,07:47,07:55,08:03,08:11,08:19,08:27,08:35,08:41,08:47,08:53,08:59,09:05,09:11,09:17,09:23,09:29,09:35,09:41,09:47,09:53,09:59,10:05,10:11,10:17,10:23,10:29,10:35,10:43,10:51,10:59,11:07,11:15,11:23,11:31,11:39,11:47,11:55,12:03,12:11,12:19,12:27,12:35,12:43,12:51,12:59,13:07,13:15,13:23,13:31,13:39,13:47,13:55,14:03,14:11,14:19,14:27,14:35,14:43,14:51,14:59,15:07,15:15,15:23,15:31,15:39,15:47,15:55,16:03,16:11,16:19,16:27,16:35,16:43,16:51,16:59,17:07,17:15,17:23,17:31,17:39,17:47,17:55,18:03,18:11,18:19,18:27,18:35,18:43,18:51,18:59,19:07,19:15,19:23,19:31,19:39,19:45,19:51,19:57,20:03,20:09,20:15,20:21,20:27,20:33,20:39,20:45,20:51,20:57,21:03,21:09,21:15,21:21,21:27,21:33,21:41,21:49,21:57,22:05,22:13,22:21,22:29,22:37,22:45,22:53,23:01,23:09,23:17,23:25,23:33,23:41
108,(구)장전1치안센터,06:28,06:36,06:44,06:52,07:00,07:08,07:16,07:24,07:32,07:40,07:48,07:56,08:04,08:12,08:20,08:28,08:36,08:42,08:48,08:54,09:00,09:06,09:12,09:18,09:24,09:30,09:36,09:42,09:48,09:54,10:00,10:06,10:12,10:18,10:24,10:30,10:36,10:44,10:52,11:00,11:08,11:16,11:24,11:32,11:40,11:48,11:56,12:04,12:12,12:20,12:28,12:36,12:44,12:52,13:00,13:08,13:16,13:24,13:32,13:40,13:48,13:56,14:04,14:12,14:20,14:28,14:36,14:44,14:52,15:00,15:08,15:16,15:24,15:32,15:40,15:48,15:56,16:04,16:12,16:20,16:28,16:36,16:44,16:52,17:00,17:08,17:16,17:24,17:32,17:40,17:48,17:56,18:04,18:12,18:20,18:28,18:36,18:44,18:52,19:00,19:08,19:16,19:24,19:32,19:40,19:46,19:52,19:58,20:04,20:10,20:16,20:22,20:28,20:34,20:40,20:46,20:52,20:58,21:04,21:10,21:16,21:22,21:28,21:34,21:42,21:50,21:58,22:06,22:14,22:22,22:30,22:38,22:46,22:54,23:02,23:10,23:18,23:26,23:34,23:42
109,장전역,06:29,06:37,06:45,06:53,07:01,07:09,07:17,07:25,07:33,07:41,07:49,07:57,08:05,08:13,08:21,08:29,08:37,08:43,08:49,08:55,09:01,09:07,09:13,09:19,09:25,09:31,09:37,09:43,09:49,09:55,10:01,10:07,10:13,10:19,10:25,10:31,10:37,10:45,10:53,11:01,11:09,11:17,11:25,11:33,11:41,11:49,11:57,12:05,12:13,12:21,12:29,12:37,12:45,12:53,13:01,13:09,13:17,13:25,13:33,13:41,13:49,13:57,14:05,14:13,14:21,14:29,14:37,14:45,14:53,15:01,15:09,15:17,15:25,15:33,15:41,15:49,15:57,16:05,16:13,16:21,16:29,16:37,16:45,16:53,17:01,17:09,17:17,17:25,17:33,17:41,17:49,17:57,18:05,18:13,18:21,18:29,18:37,18:45,18:53,19:01,19:09,19:17,19:25,19:33,19:41,19:47,19:53,19:59,20:05,20:11,20:17,20:23,20:29,20:35,20:41,20:47,20:53,20:59,21:05,21:11,21:17,21:23,21:29,21:35,21:43,21:51,21:59,22:07,22:15,22:23,22:31,22:39,22:47,22:55,23:03,23:11,23:19,23:27,23:35,23:43
110,장전초등학교,06:31,06:39,06:47,06:55,07:03,07:11,07:19,07:27,07:35,07:43,07:51,07:59,08:07,08:15,08:23,08:31,08:39,08:45,08:51,08:57,09:03,09:09,09:15,09:21,09:27,09:33,09:39,09:45,09:51,09:57,10:03,10:09,10:15,10:21,10:27,10:33,10:39,10:47,10:55,11:03,11:11,11:19,11:27,11:35,11:43,11:51,11:59,12:07,12:15,12:23,12:31,12:39,12:47,12:55,13:03,13:11,13:19,13:27,13:35,13:43,13:51,13:59,14:07,14:15,14:23,14:31,14:39,14:47,14:55,15:03,15:11,15:19,15:27,15:35,15:43,15:51,15:59,16:07,16:15,16:23,16:31,16:39,16:47,16:55,17:03,17:11,17:19,17:27,17:35,17:43,17:51,17:59,18:07,18:15,18:23,18:31,18:39,18:47,18:55,19:03,19:11,19:19,19:27,19:35,19:43,19:49,19:55,20:01,20:07,20:13,20:19,20:25,20:31,20:37,20:43,20:49,20:55,21:01,21:07,21:13,21:19,21:25,21:31,21:37,21:45,21:53,22:01,22:09,22:17,22:25,22:33,22:41,22:49,22:57,23:05,23:13,23:21,23:29,23:37,23:45
111,금정산쌍용예가.구서SK뷰,06:32,06:40,06:48,06:56,07:04,07:12,07:20,07:28,07:36,07:44,07:52,08:00,08:08,08:16,08:24,08:32,08:40,08:46,08:52,08:58,09:04,09:10,09:16,09:22,09:28,09:34,09:40,09:46,09:52,09:58,10:04,10:10,10:16,10:22,10:28,10:34,10:40,10:48,10:56,11:04,11:12,11:20,11:28,11:36,11:44,11:52,12:00,12:08,12:16,12:24,12:32,12:40,12:48,12:56,13:04,13:12,13:20,13:28,13:36,13:44,13:52,14:00,14:08,14:16,14:24,14:32,14:40,14:48,14:56,15:04,15:12,15:20,15:28,15:36,15:44,15:52,16:00,16:08,16:16,16:24,16:32,16:40,16:48,16:56,17:04,17:12,17:20,17:28,17:36,17:44,17:52,18:00,18:08,18:16,18:24,18:32,18:40,18:48,18:56,19:04,19:12,19:20,19:28,19:36,19:44,19:50,19:56,20:02,20:08,20:14,20:20,20:26,20:32,20:38,20:44,20:50,20:56,21:02,21:08,21:14,21:20,21:26,21:32,21:38,21:46,21:54,22:02,22:10,22:18,22:26,22:34,22:42,22:50,22:58,23:06,23:14,23:22,23:30,23:38,23:46
112,구서1동행정복지센터,06:33,06:41,06:49,06:57,07:05,07:13,07:21,07:29,07:37,07:45,07:53,08:01,08:09,08:17,08:25,08:33,08:41,08:47,08:53,08:59,09:05,09:11,09:17,09:23,09:29,09:35,09:41,09:47,09:53,09:59,10:05,10:11,10:17,10:23,10:29,10:35,10:41,10:49,10:57,11:05,11:13,11:21,11:29,11:37,11:45,11:53,12:01,12:09,12:17,12:25,12:33,12:41,12:49,12:57,13:05,13:13,13:21,13:29,13:37,13:45,13:53,14:01,14:09,14:17,14:25,14:33,14:41,14:49,14:57,15:05,15:13,15:21,15:29,15:37,15:45,15:53,16:01,16:09,16:17,16:25,16:33,16:41,16:49,16:57,17:05,17:13,17:21,17:29,17:37,17:45,17:53,18:01,18:09,18:17,18:25,18:33,18:41,18:49,18:57,19:05,19:13,19:21,19:29,19:37,19:45,19:51,19:57,20:03,20:09,20:15,20:21,20:27,20:33,20:39,20:45,20:51,20:57,21:03,21:09,21:15,21:21,21:27,21:33,21:39,21:47,21:55,22:03,22:11,22:19,22:27,22:35,22:43,22:51,22:59,23:07,23:15,23:23,23:31,23:39,23:47
113,구서역.구서시장,06:34,06:42,06:50,06:58,07:06,07:14,07:22,07:30,07:38,07:46,07:54,08:02,08:10,08:18,08:26,08:34,08:42,08:48,08:54,09:00,09:06,09:12,09:18,09:24,09:30,09:36,09:42,09:48,09:54,10:00,10:06,10:12,10:18,10:24,10:30,10:36,10:42,10:50,10:58,11:06,11:14,11:22,11:30,11:38,11:46,11:54,12:02,12:10,12:18,12:26,12:34,12:42,12:50,12:58,13:06,13:14,13:22,13:30,13:38,13:46,13:54,14:02,14:10,14:18,14:26,14:34,14:42,14:50,14:58,15:06,15:14,15:22,15:30,15:38,15:46,15:54,16:02,16:10,16:18,16:26,16:34,16:42,16:50,16:58,17:06,17:14,17:22,17:30,17:38,17:46,17:54,18:02,18:10,18:18,18:26,18:34,18:42,18:50,18:58,19:06,19:14,19:22,19:30,19:38,19:46,19:52,19:58,20:04,20:10,20:16,20:22,20:28,20:34,20:40,20:46,20:52,20:58,21:04,21:10,21:16,21:22,21:28,21:34,21:40,21:48,21:56,22:04,22:12,22:20,22:28,22:36,22:44,22:52,23:00,23:08,23:16,23:24,23:32,23:40,23:48
114,롯데캐슬입구,06:36,06:44,06:52,07:00,07:08,07:16,07:24,07:32,07:40,07:48,07:56,08:04,08:12,08:20,08:28,08:36,08:44,08:50,08:56,09:02,09:08,09:14,09:20,09:26,09:32,09:38,09:44,09:50,09:56,10:02,10:08,10:14,10:20,10:26,10:32,10:38,10:44,10:52,11:00,11:08,11:16,11:24,11:32,11:40,11:48,11:56,12:04,12:12,12:20,12:28,12:36,12:44,12:52,13:00,13:08,13:16,13:24,13:32,13:40,13:48,13:56,14:04,14:12,14:20,14:28,14:36,14:44,14:52,15:00,15:08,15:16,15:24,15:32,15:40,15:48,15:56,16:04,16:12,16:20,16:28,16:36,16:44,16:52,17:00,17:08,17:16,17:24,17:32,17:40,17:48,17:56,18:04,18:12,18:20,18:28,18:36,18:44,18:52,19:00,19:08,19:16,19:24,19:32,19:40,19:48,19:54,20:00,20:06,20:12,20:18,20:24,20:30,20:36,20:42,20:48,20:54,21:00,21:06,21:12,21:18,21:24,21:30,21:36,21:42,21:50,21:58,22:06,22:14,22:22,22:30,22:38,22:46,22:54,23:02,23:10,23:18,23:26,23:34,23:42,23:50
115,롯데캐슬정문,06:37,06:45,06:53,07:01,07:09,07:17,07:25,07:33,07:41,07:49,07:57,08:05,08:13,08:21,08:29,08:37,08:45,08:51,08:57,09:03,09:09,09:15,09:21,09:27,09:33,09:39,09:45,09:51,09:57,10:03,10:09,10:15,10:21,10:27,10:33,10:39,10:45,10:53,11:01,11:09,11:17,11:25,11:33,11:41,11:49,11:57,12:05,12:13,12:21,12:29,12:37,12:45,12:53,13:01,13:09,13:17,13:25,13:33,13:41,13:49,13:57,14:05,14:13,14:21,14:29,14:37,14:45,14:53,15:01,15:09,15:17,15:25,15:33,15:41,15:49,15:57,16:05,16:13,16:21,16:29,16:37,16:45,16:53,17:01,17:09,17:17,17:25,17:33,17:41,17:49,17:57,18:05,18:13,18:21,18:29,18:37,18:45,18:53,19:01,19:09,19:17,19:25,19:33,19:41,19:49,19:55,20:01,20:07,20:13,20:19,20:25,20:31,20:37,20:43,20:49,20:55,21:01,21:07,21:13,21:19,21:25,21:31,21:37,21:43,21:51,21:59,22:07,22:15,22:23,22:31,22:39,22:47,22:55,23:03,23:11,23:19,23:27,23:35,23:43,23:51
116,신동아아파트,06:38,06:46,06:54,07:02,07:10,07:18,07:26,07:34,07:42,07:50,07:58,08:06,08:14,08:22,08:30,08:38,08:46,08:52,08:58,09:04,09:10,09:16,09:22,09:28,09:34,09:40,09:46,09:52,09:58,10:04,10:10,10:16,10:22,10:28,10:34,10:40,10:46,10:54,11:02,11:10,11:18,11:26,11:34,11:42,11:50,11:58,12:06,12:14,12:22,12:30,12:38,12:46,12:54,13:02,13:10,13:18,13:26,13:34,13:42,13:50,13:58,14:06,14:14,14:22,14:30,14:38,14:46,14:54,15:02,15:10,15:18,15:26,15:34,15:42,15:50,15:58,16:06,16:14,16:22,16:30,16:38,16:46,16:54,17:02,17:10,17:18,17:26,17:34,17:42,17:50,17:58,18:06,18:14,18:22,18:30,18:38,18:46,18:54,19:02,19:10,19:18,19:26,19:34,19:42,19:50,19:56,20:02,20:08,20:14,20:20,20:26,20:32,20:38,20:44,20:50,20:56,21:02,21:08,21:14,21:20,21:26,21:32,21:38,21:44,21:52,22:00,22:08,22:16,22:24,22:32,22:40,22:48,22:56,23:04,23:12,23:20,23:28,23:36,23:44,23:52
117,선경3차아파트,06:39,06:47,06:55,07:03,07:11,07:19,07:27,07:35,07:43,07:51,07:59,08:07,08:15,08:23,08:31,08:39,08:47,08:53,08:59,09:05,09:11,09:17,09:23,09:29,09:35,09:41,09:47,09:53,09:59,10:05,10:11,10:17,10:23,10:29,10:35,10:41,10:47,10:55,11:03,11:11,11:19,11:27,11:35,11:43,11:51,11:59,12:07,12:15,12:23,12:31,12:39,12:47,12:55,13:03,13:11,13:19,13:27,13:35,13:43,13:51,13:59,14:07,14:15,14:23,14:31,14:39,14:47,14:55,15:03,15:11,15:19,15:27,15:35,15:43,15:51,15:59,16:07,16:15,16:23,16:31,16:39,16:47,16:55,17:03,17:11,17:19,17:27,17:35,17:43,17:51,17:59,18:07,18:15,18:23,18:31,18:39,18:47,18:55,19:03,19:11,19:19,19:27,19:35,19:43,19:51,19:57,20:03,20:09,20:15,20:21,20:27,20:33,20:39,20:45,20:51,20:57,21:03,21:09,21:15,21:21,21:27,21:33,21:39,21:45,21:53,22:01,22:09,22:17,22:25,22:33,22:41,22:49,22:57,23:05,23:13,23:21,23:29,23:37,23:45,23:53
118,샘골공원,06:40,06:48,06:56,07:04,07:12,07:20,07:28,07:36,07:44,07:52,08:00,08:08,08:16,08:24,08:32,08:40,08:48,08:54,09:00,09:06,09:12,09:18,09:24,09:30,09:36,09:42,09:48,09:54,10:00,10:06,10:12,10:18,10:24,10:30,10:36,10:42,10:48,10:56,11:04,11:12,11:20,11:28,11:36,11:44,11:52,12:00,12:08,12:16,12:24,12:32,12:40,12:48,12:56,13:04,13:12,13:20,13:28,13:36,13:44,13:52,14:00,14:08,14:16,14:24,14:32,14:40,14:48,14:56,15:04,15:12,15:20,15:28,15:36,15:44,15:52,16:00,16:08,16:16,16:24,16:32,16:40,16:48,16:56,17:04,17:12,17:20,17:28,17:36,17:44,17:52,18:00,18:08,18:16,18:24,18:32,18:40,18:48,18:56,19:04,19:12,19:20,19:28,19:36,19:44,19:52,19:58,20:04,20:10,20:16,20:22,20:28,20:34,20:40,20:46,20:52,20:58,21:04,21:10,21:16,21:22,21:28,21:34,21:40,21:46,21:54,22:02,22:10,22:18,22:26,22:34,22:42,22:50,22:58,23:06,23:14,23:22,23:30,23:38,23:46,23:54
119,남산119안전센터,06:41,06:49,06:57,07:05,07:13,07:21,07:29,07:37,07:45,07:53,08:01,08:09,08:17,08:25,08:33,08:41,08:49,08:55,09:01,09:07,09:13,09:19,09:25,09:31,09:37,09:43,09:49,09:55,10:01,10:07,10:13,10:19,10:25,10:31,10:37,10:43,10:49,10:57,11:05,11:13,11:21,11:29,11:37,11:45,11:53,12:01,12:09,12:17,12:25,12:33,12:41,12:49,12:57,13:05,13:13,13:21,13:29,13:37,13:45,13:53,14:01,14:09,14:17,14:25,14:33,14:41,14:49,14:57,15:05,15:13,15:21,15:29,15:37,15:45,15:53,16:01,16:09,16:17,16:25,16:33,16:41,16:49,16:57,17:05,17:13,17:21,17:29,17:37,17:45,17:53,18:01,18:09,18:17,18:25,18:33,18:41,18:49,18:57,19:05,19:13,19:21,19:29,19:37,19:45,19:53,19:59,20:05,20:11,20:17,20:23,20:29,20:35,20:41,20:47,20:53,20:59,21:05,21:11,21:17,21:23,21:29,21:35,21:41,21:47,21:55,22:03,22:11,22:19,22:27,22:35,22:43,22:51,22:59,23:07,23:15,23:23,23:31,23:39,23:47,23:55
120,남산성당,06:41,06:49,06:57,07:05,07:13,07:21,07:29,07:37,07:45,07:53,08:01,08:09,08:17,08:25,08:33,08:41,08:49,08:55,09:01,09:07,09:13,09:19,09:25,09:31,09:37,09:43,09:49,09:55,10:01,10:07,10:13,10:19,10:25,10:31,10:37,10:43,10:49,10:57,11:05,11:13,11:21,11:29,11:37,11:45,11:53,12:01,12:09,12:17,12:25,12:33,12:41,12:49,12:57,13:05,13:13,13:21,13:29,13:37,13:45,13:53,14:01,14:09,14:17,14:25,14:33,14:41,14:49,14:57,15:05,15:13,15:21,15:29,15:37,15:45,15:53,16:01,16:09,16:17,16:25,16:33,16:41,16:49,16:57,17:05,17:13,17:21,17:29,17:37,17:45,17:53,18:01,18:09,18:17,18:25,18:33,18:41,18:49,18:57,19:05,19:13,19:21,19:29,19:37,19:45,19:53,19:59,20:05,20:11,20:17,20:23,20:29,20:35,20:41,20:47,20:53,20:59,21:05,21:11,21:17,21:23,21:29,21:35,21:41,21:47,21:55,22:03,22:11,22:19,22:27,22:35,22:43,22:51,22:59,23:07,23:15,23:23,23:31,23:39,23:47,23:55
121,부산외국어대학교,06:42,06:50,06:58,07:06,07:14,07:22,07:30,07:38,07:46,07:54,08:02,08:10,08:18,08:26,08:34,08:42,08:50,08:56,09:02,09:08,09:14,09:20,09:26,09:32,09:38,09:44,09:50,09:56,10:02,10:08,10:14,10:20,10:26,10:32,10:38,10:44,10:50,10:58,11:06,11:14,11:22,11:30,11:38,11:46,11:54,12:02,12:10,12:18,12:26,12:34,12:42,12:50,12:58,13:06,13:14,13:22,13:30,13:38,13:46,13:54,14:02,14:10,14:18,14:26,14:34,14:42,14:50,14:58,15:06,15:14,15:22,15:30,15:38,15:46,15:54,16:02,16:10,16:18,16:26,16:34,16:42,16:50,16:58,17:06,17:14,17:22,17:30,17:38,17:46,17:54,18:02,18:10,18:18,18:26,18:34,18:42,18:50,18:58,19:06,19:14,19:22,19:30,19:38,19:46,19:54,20:00,20:06,20:12,20:18,20:24,20:30,20:36,20:42,20:48,20:54,21:00,21:06,21:12,21:18,21:24,21:30,21:36,21:42,21:48,21:56,22:04,22:12,22:20,22:28,22:36,22:44,22:52,23:00,23:08,23:16,23:24,23:32,23:40,23:48,23:56
122,남산고교,06:43,06:51,06:59,07:07,07:15,07:23,07:31,07:39,07:47,07:55,08:03,08:11,08:19,08:27,08:35,08:43,08:51,08:57,09:03,09:09,09:15,09:21,09:27,09:33,09:39,09:45,09:51,09:57,10:03,10:09,10:15,10:21,10:27,10:33,10:39,10:45,10:51,10:59,11:07,11:15,11:23,11:31,11:39,11:47,11:55,12:03,12:11,12:19,12:27,12:35,12:43,12:51,12:59,13:07,13:15,13:23,13:31,13:39,13:47,13:55,14:03,14:11,14:19,14:27,14:35,14:43,14:51,14:59,15:07,15:15,15:23,15:31,15:39,15:47,15:55,16:03,16:11,16:19,16:27,16:35,16:43,16:51,16:59,17:07,17:15,17:23,17:31,17:39,17:47,17:55,18:03,18:11,18:19,18:27,18:35,18:43,18:51,18:59,19:07,19:15,19:23,19:31,19:39,19:47,19:55,20:01,20:07,20:13,20:19,20:25,20:31,20:37,20:43,20:49,20:55,21:01,21:07,21:13,21:19,21:25,21:31,21:37,21:43,21:49,21:57,22:05,22:13,22:21,22:29,22:37,22:45,22:53,23:01,23:09,23:17,23:25,23:33,23:41,23:49,23:57
123,금샘초등학교,06:44,06:52,07:00,07:08,07:16,07:24,07:32,07:40,07:48,07:56,08:04,08:12,08:20,08:28,08:36,08:44,08:52,08:58,09:04,09:10,09:16,09:22,09:28,09:34,09:40,09:46,09:52,09:58,10:04,10:10,10:16,10:22,10:28,10:34,10:40,10:46,10:52,11:00,11:08,11:16,11:24,11:32,11:40,11:48,11:56,12:04,12:12,12:20,12:28,12:36,12:44,12:52,13:00,13:08,13:16,13:24,13:32,13:40,13:48,13:56,14:04,14:12,14:20,14:28,14:36,14:44,14:52,15:00,15:08,15:16,15:24,15:32,15:40,15:48,15:56,16:04,16:12,16:20,16:28,16:36,16:44,16:52,17:00,17:08,17:16,17:24,17:32,17:40,17:48,17:56,18:04,18:12,18:20,18:28,18:36,18:44,18:52,19:00,19:08,19:16,19:24,19:32,19:40,19:48,19:56,20:02,20:08,20:14,20:20,20:26,20:32,20:38,20:44,20:50,20:56,21:02,21:08,21:14,21:20,21:26,21:32,21:38,21:44,21:50,21:58,22:06,22:14,22:22,22:30,22:38,22:46,22:54,23:02,23:10,23:18,23:26,23:34,23:42,23:50,23:58
124,남산동.요산문학관,06:44,06:52,07:00,07:08,07:16,07:24,07:32,07:40,07:48,07:56,08:04,08:12,08:20,08:28,08:36,08:44,08:52,08:58,09:04,09:10,09:16,09:22,09:28,09:34,09:40,09:46,09:52,09:58,10:04,10:10,10:16,10:22,10:28,10:34,10:40,10:46,10:52,11:00,11:08,11:16,11:24,11:32,11:40,11:48,11:56,12:04,12:12,12:20,12:28,12:36,12:44,12:52,13:00,13:08,13:16,13:24,13:32,13:40,13:48,13:56,14:04,14:12,14:20,14:28,14:36,14:44,14:52,15:00,15:08,15:16,15:24,15:32,15:40,15:48,15:56,16:04,16:12,16:20,16:28,16:36,16:44,16:52,17:00,17:08,17:16,17:24,17:32,17:40,17:48,17:56,18:04,18:12,18:20,18:28,18:36,18:44,18:52,19:00,19:08,19:16,19:24,19:32,19:40,19:48,19:56,20:02,20:08,20:14,20:20,20:26,20:32,20:38,20:44,20:50,20:56,21:02,21:08,21:14,21:20,21:26,21:32,21:38,21:44,21:50,21:58,22:06,22:14,22:22,22:30,22:38,22:46,22:54,23:02,23:10,23:18,23:26,23:34,23:42,23:50,23:58
125,한아름빌라,06:45,06:53,07:01,07:09,07:17,07:25,07:33,07:41,07:49,07:57,08:05,08:13,08:21,08:29,08:37,08:45,08:53,08:59,09:05,09:11,09:17,09:23,09:29,09:35,09:41,09:47,09:53,09:59,10:05,10:11,10:17,10:23,10:29,10:35,10:41,10:47,10:53,11:01,11:09,11:17,11:25,11:33,11:41,11:49,11:57,12:05,12:13,12:21,12:29,12:37,12:45,12:53,13:01,13:09,13:17,13:25,13:33,13:41,13:49,13:57,14:05,14:13,14:21,14:29,14:37,14:45,14:53,15:01,15:09,15:17,15:25,15:33,15:41,15:49,15:57,16:05,16:13,16:21,16:29,16:37,16:45,16:53,17:01,17:09,17:17,17:25,17:33,17:41,17:49,17:57,18:05,18:13,18:21,18:29,18:37,18:45,18:53,19:01,19:09,19:17,19:25,19:33,19:41,19:49,19:57,20:03,20:09,20:15,20:21,20:27,20:33,20:39,20:45,20:51,20:57,21:03,21:09,21:15,21:21,21:27,21:33,21:39,21:45,21:51,21:59,22:07,22:15,22:23,22:31,22:39,22:47,22:55,23:03,23:11,23:19,23:27,23:35,23:43,23:51,23:59
126,어린이놀이터,06:46,06:54,07:02,07:10,07:18,07:26,07:34,07:42,07:50,07:58,08:06,08:14,08:22,08:30,08:38,08:46,08:54,09:00,09:06,09:12,09:18,09:24,09:30,09:36,09:42,09:48,09:54,10:00,10:06,10:12,10:18,10:24,10:30,10:36,10:42,10:48,10:54,11:02,11:10,11:18,11:26,11:34,11:42,11:50,11:58,12:06,12:14,12:22,12:30,12:38,12:46,12:54,13:02,13:10,13:18,13:26,13:34,13:42,13:50,13:58,14:06,14:14,14:22,14:30,14:38,14:46,14:54,15:02,15:10,15:18,15:26,15:34,15:42,15:50,15:58,16:06,16:14,16:22,16:30,16:38,16:46,16:54,17:02,17:10,17:18,17:26,17:34,17:42,17:50,17:58,18:06,18:14,18:22,18:30,18:38,18:46,18:54,19:02,19:10,19:18,19:26,19:34,19:42,19:50,19:58,20:04,20:10,20:16,20:22,20:28,20:34,20:40,20:46,20:52,20:58,21:04,21:10,21:16,21:22,21:28,21:34,21:40,21:46,21:52,22:00,22:08,22:16,22:24,22:32,22:40,22:48,22:56,23:04,23:12,23:20,23:28,23:36,23:44,23:52,00:00
127,범어사입구,06:47,06:55,07:03,07:11,07:19,07:27,07:35,07:43,07:51,07:59,08:07,08:15,08:23,08:31,08:39,08:47,08:55,09:01,09:07,09:13,09:19,09:25,09:31,09:37,09:43,09:49,09:55,10:01,10:07,10:13,10:19,10:25,10:31,10:37,10:43,10:49,10:55,11:03,11:11,11:19,11:27,11:35,11:43,11:51,11:59,12:07,12:15,12:23,12:31,12:39,12:47,12:55,13:03,13:11,13:19,13:27,13:35,13:43,13:51,13:59,14:07,14:15,14:23,14:31,14:39,14:47,14:55,15:03,15:11,15:19,15:27,15:35,15:43,15:51,15:59,16:07,16:15,16:23,16:31,16:39,16:47,16:55,17:03,17:11,17:19,17:27,17:35,17:43,17:51,17:59,18:07,18:15,18:23,18:31,18:39,18:47,18:55,19:03,19:11,19:19,19:27,19:35,19:43,19:51,19:59,20:05,20:11,20:17,20:23,20:29,20:35,20:41,20:47,20:53,20:59,21:05,21:11,21:17,21:23,21:29,21:35,21:41,21:47,21:53,22:01,22:09,22:17,22:25,22:33,22:41,22:49,22:57,23:05,23:13,23:21,23:29,23:37,23:45,23:53,00:01
128,노포삼거리,06:49,06:57,07:05,07:13,07:21,07:29,07:37,07:45,07:53,08:01,08:09,08:17,08:25,08:33,08:41,08:49,08:57,09:03,09:09,09:15,09:21,09:27,09:33,09:39,09:45,09:51,09:57,10:03,10:09,10:15,10:21,10:27,10:33,10:39,10:45,10:51,10:57,11:05,11:13,11:21,11:29,11:37,11:45,11:53,12:01,12:09,12:17,12:25,12:33,12:41,12:49,12:57,13:05,13:13,13:21,13:29,13:37,13:45,13:53,14:01,14:09,14:17,14:25,14:33,14:41,14:49,14:57,15:05,15:13,15:21,15:29,15:37,15:45,15:53,16:01,16:09,16:17,16:25,16:33,16:41,16:49,16:57,17:05,17:13,17:21,17:29,17:37,17:45,17:53,18:01,18:09,18:17,18:25,18:33,18:41,18:49,18:57,19:05,19:13,19:21,19:29,19:37,19:45,19:53,20:01,20:07,20:13,20:19,20:25,20:31,20:37,20:43,20:49,20:55,21:01,21:07,21:13,21:19,21:25,21:31,21:37,21:43,21:49,21:55,22:03,22:11,22:19,22:27,22:35,22:43,22:51,22:59,23:07,23:15,23:23,23:31,23:39,23:47,23:55,00:03
129,부산종합터미널.노포역,06:50,06:58,07:06,07:14,07:22,07:30,07:38,07:46,07:54,08:02,08:10,08:18,08:26,08:34,08:42,08:50,08:58,09:04,09:10,09:16,09:22,09:28,09:34,09:40,09:46,09:52,09:58,10:04,10:10,10:16,10:22,10:28,10:34,10:40,10:46,10:52,10:58,11:06,11:14,11:22,11:30,11:38,11:46,11:54,12:02,12:10,12:18,12:26,12:34,12:42,12:50,12:58,13:06,13:14,13:22,13:30,13:38,13:46,13:54,14:02,14:10,14:18,14:26,14:34,14:42,14:50,14:58,15:06,15:14,15:22,15:30,15:38,15:46,15:54,16:02,16:10,16:18,16:26,16:34,16:42,16:50,16:58,17:06,17:14,17:22,17:30,17:38,17:46,17:54,18:02,18:10,18:18,18:26,18:34,18:42,18:50,18:58,19:06,19:14,19:22,19:30,19:38,19:46,19:54,20:02,20:08,20:14,20:20,20:26,20:32,20:38,20:44,20:50,20:56,21:02,21:08,21:14,21:20,21:26,21:32,21:38,21:44,21:50,21:56,22:04,22:12,22:20,22:28,22:36,22:44,22:52,23:00,23:08,23:16,23:24,23:32,23:40,23:48,23:56,00:04
130,금정공영차고지,06:52,07:00,07:08,07:16,07:24,07:32,07:40,07:48,07:56,08:04,08:12,08:20,08:28,08:36,08:44,08:52,09:00,09:06,09:12,09:18,09:24,09:30,09:36,09:42,09:48,09:54,10:00,10:06,10:12,10:18,10:24,10:30,10:36,10:42,10:48,10:54,11:00,11:08,11:16,11:24,11:32,11:40,11:48,11:56,12:04,12:12,12:20,12:28,12:36,12:44,12:52,13:00,13:08,13:16,13:24,13:32,13:40,13:48,13:56,14:04,14:12,14:20,14:28,14:36,14:44,14:52,15:00,15:08,15:16,15:24,15:32,15:40,15:48,15:56,16:04,16:12,16:20,16:28,16:36,16:44,16:52,17:00,17:08,17:16,17:24,17:32,17:40,17:48,17:56,18:04,18:12,18:20,18:28,18:36,18:44,18:52,19:00,19:08,19:16,19:24,19:32,19:40,19:48,19:56,20:04,20:10,20:16,20:22,20:28,20:34,20:40,20:46,20:52,20:58,21:04,21:10,21:16,21:22,21:28,21:34,21:40,21:46,21:52,21:58,22:06,22:14,22:22,22:30,22:38,22:46,22:54,23:02,23:10,23:18,23:26,23:34,23:42,23:50,23:58,00:06
